,SCA,SCA Types,GCA,GCA Types,,Rk,Player,Nation,Pos,Squad,Age,Born,90s,SCA,SCA90,PassLive,PassDead,TO,Sh,Fld,Def,GCA,GCA90,PassLive,PassDead,TO,Sh,Fld,Def,Matches
1,Max Aarons,eng ENG,DF,Bournemouth,25-039,2000,1.0,2,2.09,2,0,0,0,0,0,0,0.00,0,0,0,0,0,0,Matches,,,,,,
2,Joshua Acheampong,eng ENG,DF,Chelsea,18-283,2006,1.8,1,0.56,1,0,0,0,0,0,0,0.00,0,0,0,0,0,0,Matches,,,,,,
3,Tyler Adams,us USA,MF,Bournemouth,25-364,1999,9.6,19,1.97,15,0,0,0,0,4,4,0.42,3,0,0,0,0,1,Matches,,,,,,
4,Tosin Adarabioyo,eng ENG,DF,Chelsea,27-141,1997,9.1,9,0.99,5,0,0,4,0,0,0,0.00,0,0,0,0,0,0,Matches,,,,,,
5,Simon Adingra,ci CIV,"FW,MF",Brighton,23-042,2002,6.6,21,3.16,15,0,4,2,0,0,3,0.45,2,0,1,0,0,0,Matches,,,,,,
6,Emmanuel Agbadou,ci CIV,DF,Wolves,27-240,1997,4.0,3,0.75,2,1,0,0,0,0,0,0.00,0,0,0,0,0,0,Matches,,,,,,
7,Asher Agbinone,eng ENG,MF,Crystal Palace,19-137,2005,0.1,1,15.00,1,0,0,0,0,0,0,0.00,0,0,0,0,0,0,Matches,,,,,,
8,Ola Aina,ng NGA,DF,Nott'ham Forest,28-127,1996,23.1,42,1.82,34,5,1,1,0,1,2,0.09,1,0,0,0,0,1,Matches,,,,,,
9,Rayan Aït-Nouri,dz ALG,DF,Wolves,23-251,2001,21.7,42,1.93,28,5,4,3,1,1,7,0.32,5,1,0,0,0,1,Matches,,,,,,
10,Kristoffer Ajer,no NOR,DF,Brentford,26-301,1998,8.8,13,1.48,11,0,1,1,0,0,2,0.23,2,0,0,0,0,0,Matches,,,,,,
11,Manuel Akanji,ch SUI,DF,Manchester City,29-208,1995,19.0,34,1.79,34,0,0,0,0,0,2,0.11,2,0,0,0,0,0,Matches,,,,,,
12,Nathan Aké,nl NED,DF,Manchester City,29-360,1995,6.7,6,0.90,6,0,0,0,0,0,0,0.00,0,0,0,0,0,0,Matches,,,,,,
13,Carlos Alcaraz,ar ARG,MF,Southampton,22-074,2002,0.1,1,9.00,1,0,0,0,0,0,0,0.00,0,0,0,0,0,0,Matches,,,,,,
14,Trent Alexander-Arnold,eng ENG,DF,Liverpool,26-128,1998,19.3,76,3.94,59,14,1,2,0,0,10,0.52,9,1,0,0,0,0,Matches,,,,,,
15,Alisson,br BRA,GK,Liverpool,32-133,1992,14.9,5,0.34,5,0,0,0,0,0,0,0.00,0,0,0,0,0,0,Matches,,,,,,
16,Miguel Almirón,py PAR,FW,Newcastle Utd,31-002,1994,1.7,8,4.59,6,0,1,1,0,0,0,0.00,0,0,0,0,0,0,Matches,,,,,,
17,Edson Álvarez,mx MEX,MF,West Ham,27-111,1997,13.7,22,1.61,19,0,2,1,0,0,2,0.15,2,0,0,0,0,0,Matches,,,,,,
18,Will Alves,eng ENG,FW,Leicester City,20-009,2005,0.0,0,0.00,0,0,0,0,0,0,0,0.00,0,0,0,0,0,0,Matches,,,,,,
19,Samuel Amo-Ameyaw,eng ENG,"FW,DF",Southampton,18-209,2006,0.3,2,6.43,1,0,0,0,1,0,0,0.00,0,0,0,0,0,0,Matches,,,,,,
20,Joachim Andersen,dk DEN,DF,Crystal Palace,28-257,1996,1.0,1,1.00,1,0,0,0,0,0,0,0.00,0,0,0,0,0,0,Matches,,,,,,
21,Joachim Andersen,dk DEN,DF,Fulham,28-257,1996,14.7,12,0.82,8,1,0,3,0,0,1,0.07,0,1,0,0,0,0,Matches,,,,,,
22,Elliot Anderson,eng ENG,MF,Nott'ham Forest,22-098,2002,17.2,64,3.71,29,17,7,6,2,3,9,0.52,3,3,0,1,1,1,Matches,,,,,,
23,André,br BRA,MF,Wolves,23-211,2001,14.6,26,1.78,21,3,0,0,0,2,2,0.14,1,1,0,0,0,0,Matches,,,,,,
24,Michail Antonio,jm JAM,FW,West Ham,34-321,1990,9.3,22,2.37,14,0,1,5,1,1,4,0.43,0,0,0,4,0,0,Matches,,,,,,
25,Antony,br BRA,"DF,MF",Manchester Utd,24-354,2000,1.6,8,5.11,6,0,1,0,1,0,0,0.00,0,0,0,0,0,0,Matches,,,,,,
Rk,Player,Nation,Pos,Squad,Age,Born,90s,SCA,SCA90,PassLive,PassDead,TO,Sh,Fld,Def,GCA,GCA90,PassLive,PassDead,TO,Sh,Fld,Def,Matches,,,,,,
26,Julian Araujo,mx MEX,DF,Bournemouth,23-183,2001,3.9,2,0.51,2,0,0,0,0,0,0,0.00,0,0,0,0,0,0,Matches,,,,,,
27,Cameron Archer,eng ENG,FW,Southampton,23-206,2001,11.6,13,1.12,6,0,3,3,1,0,0,0.00,0,0,0,0,0,0,Matches,,,,,,
28,Alphonse Areola,fr FRA,GK,West Ham,31-351,1993,12.1,1,0.08,0,1,0,0,0,0,0,0.00,0,0,0,0,0,0,Matches,,,,,,
29,Joe Aribo,ng NGA,MF,Southampton,28-206,1996,16.3,31,1.91,27,0,2,1,1,0,0,0.00,0,0,0,0,0,0,Matches,,,,,,
30,Adam Armstrong,eng ENG,"FW,MF",Southampton,28-002,1997,13.9,19,1.37,12,1,2,4,0,0,4,0.29,1,0,0,3,0,0,Matches,,,,,,
31,Harrison Armstrong,eng ENG,MF,Everton,18-024,2007,0.5,1,1.87,1,0,0,0,0,0,0,0.00,0,0,0,0,0,0,Matches,,,,,,
32,Kepa Arrizabalaga,es ESP,GK,Bournemouth,30-132,1994,17.0,3,0.18,1,2,0,0,0,0,0,0.00,0,0,0,0,0,0,Matches,,,,,,
33,Brandon Austin,eng ENG,GK,Tottenham,26-035,1999,1.0,0,0.00,0,0,0,0,0,0,0,0.00,0,0,0,0,0,0,Matches,,,,,,
34,Taiwo Awoniyi,ng NGA,FW,Nott'ham Forest,27-184,1997,2.9,8,2.79,5,0,1,1,1,0,1,0.35,0,0,0,1,0,0,Matches,,,,,,
35,Yasin Ayari,se SWE,MF,Brighton,21-129,2003,14.1,40,2.84,20,10,3,3,3,1,4,0.28,3,1,0,0,0,0,Matches,,,,,,
36,Jordan Ayew,gh GHA,"FW,MF",Crystal Palace,33-154,1991,0.2,1,4.29,1,0,0,0,0,0,0,0.00,0,0,0,0,0,0,Matches,,,,,,
37,Jordan Ayew,gh GHA,"FW,MF",Leicester City,33-154,1991,13.0,25,1.92,15,6,1,2,0,1,1,0.08,1,0,0,0,0,0,Matches,,,,,,
38,Benoît Badiashile,fr FRA,DF,Chelsea,23-323,2001,2.8,0,0.00,0,0,0,0,0,0,0,0.00,0,0,0,0,0,0,Matches,,,,,,
39,Leon Bailey,jm JAM,"FW,MF",Aston Villa,27-187,1997,11.5,36,3.14,23,1,6,3,3,0,4,0.35,4,0,0,0,0,0,Matches,,,,,,
40,Carlos Baleba,cm CMR,MF,Brighton,21-040,2004,16.9,41,2.43,38,0,1,1,0,1,3,0.18,2,0,0,0,0,1,Matches,,,,,,
41,Ross Barkley,eng ENG,MF,Aston Villa,31-069,1993,6.2,16,2.60,13,1,2,0,0,0,3,0.49,3,0,0,0,0,0,Matches,,,,,,
42,Harvey Barnes,eng ENG,FW,Newcastle Utd,27-065,1997,8.7,31,3.55,20,1,3,3,4,0,4,0.46,2,0,1,0,1,0,Matches,,,,,,
43,Calvin Bassey,ng NGA,DF,Fulham,25-043,1999,23.0,14,0.61,10,1,2,0,0,1,2,0.09,1,0,0,0,0,1,Matches,,,,,,
44,Jan Bednarek,pl POL,DF,Southampton,28-306,1996,19.8,14,0.71,13,0,0,1,0,0,0,0.00,0,0,0,0,0,0,Matches,,,,,,
45,Jean-Ricner Bellegarde,fr FRA,"MF,FW",Wolves,26-230,1998,10.5,31,2.95,18,1,3,3,4,2,4,0.38,3,0,0,0,0,1,Matches,,,,,,
46,Rodrigo Bentancur,uy URU,MF,Tottenham,27-232,1997,9.6,23,2.38,18,0,1,3,0,1,1,0.10,1,0,0,0,0,0,Matches,,,,,,
47,Sander Berge,no NOR,MF,Fulham,26-364,1998,13.6,24,1.76,22,0,0,0,0,2,1,0.07,1,0,0,0,0,0,Matches,,,,,,
48,Lucas Bergvall,se SWE,MF,Tottenham,19-010,2006,6.7,9,1.33,7,2,0,0,0,0,1,0.15,1,0,0,0,0,0,Matches,,,,,,
49,Victor Bernth Kristiansen,dk DEN,DF,Leicester City,22-058,2002,20.5,32,1.56,24,5,1,0,2,0,3,0.15,3,0,0,0,0,0,Matches,,,,,,
50,Beto,gw GNB,FW,Everton,27-012,1998,4.5,5,1.11,1,0,2,0,2,0,0,0.00,0,0,0,0,0,0,Matches,,,,,,
Rk,Player,Nation,Pos,Squad,Age,Born,90s,SCA,SCA90,PassLive,PassDead,TO,Sh,Fld,Def,GCA,GCA90,PassLive,PassDead,TO,Sh,Fld,Def,Matches,,,,,,
51,Philip Billing,dk DEN,MF,Bournemouth,28-246,1996,2.0,16,7.83,13,0,0,1,0,2,0,0.00,0,0,0,0,0,0,Matches,,,,,,
52,Yves Bissouma,ml MLI,MF,Tottenham,28-166,1996,11.5,13,1.13,12,0,0,0,0,1,0,0.00,0,0,0,0,0,0,Matches,,,,,,
53,Lamare Bogarde,nl NED,"DF,MF",Aston Villa,21-038,2004,3.9,9,2.32,7,1,0,0,0,1,1,0.26,1,0,0,0,0,0,Matches,,,,,,
54,Willy Boly,ci CIV,DF,Nott'ham Forest,34-009,1991,1.5,0,0.00,0,0,0,0,0,0,0,0.00,0,0,0,0,0,0,Matches,,,,,,
55,Sven Botman,nl NED,DF,Newcastle Utd,25-031,2000,2.5,0,0.00,0,0,0,0,0,0,0,0.00,0,0,0,0,0,0,Matches,,,,,,
56,Jarrod Bowen,eng ENG,"FW,MF",West Ham,28-054,1996,19.4,82,4.23,48,12,5,10,5,2,9,0.46,5,2,1,1,0,0,Matches,,,,,,
57,Conor Bradley,nir NIR,DF,Liverpool,21-218,2003,2.9,7,2.41,4,0,2,0,1,0,1,0.34,1,0,0,0,0,0,Matches,,,,,,
58,Jarrad Branthwaite,eng ENG,DF,Everton,22-230,2002,14.1,11,0.78,10,0,0,0,1,0,1,0.07,1,0,0,0,0,0,Matches,,,,,,
59,James Bree,eng ENG,DF,Southampton,27-124,1997,7.4,12,1.63,9,2,0,1,0,0,1,0.14,1,0,0,0,0,0,Matches,,,,,,
60,Ben Brereton,cl CHI,FW,Southampton,25-300,1999,5.0,9,1.80,7,0,0,0,2,0,0,0.00,0,0,0,0,0,0,Matches,,,,,,
61,Nathan Broadhead,wls WAL,"FW,MF",Ipswich Town,26-313,1998,4.2,12,2.85,10,0,2,0,0,0,1,0.24,1,0,0,0,0,0,Matches,,,,,,
62,Armando Broja,al ALB,FW,Everton,23-155,2001,1.8,4,2.26,4,0,0,0,0,0,0,0.00,0,0,0,0,0,0,Matches,,,,,,
63,David Brooks,wls WAL,FW,Bournemouth,27-219,1997,6.4,26,4.09,21,2,2,1,0,0,1,0.16,0,0,0,1,0,0,Matches,,,,,,
64,Emi Buendía,ar ARG,"MF,FW",Aston Villa,28-049,1996,1.1,3,2.76,2,0,0,1,0,0,0,0.00,0,0,0,0,0,0,Matches,,,,,,
65,Santiago Bueno,uy URU,DF,Wolves,26-095,1998,14.8,11,0.74,9,1,0,0,0,1,4,0.27,3,0,0,0,0,1,Matches,,,,,,
66,Facundo Buonanotte,ar ARG,"FW,MF",Leicester City,20-051,2004,12.7,44,3.46,24,10,8,1,1,0,4,0.31,1,2,1,0,0,0,Matches,,,,,,
67,Cameron Burgess,au AUS,DF,Ipswich Town,29-114,1995,10.0,6,0.60,6,0,0,0,0,0,2,0.20,2,0,0,0,0,0,Matches,,,,,,
68,Dan Burn,eng ENG,DF,Newcastle Utd,32-279,1992,23.0,13,0.57,9,1,0,2,1,0,3,0.13,2,1,0,0,0,0,Matches,,,,,,
69,Wes Burns,wls WAL,"FW,DF",Ipswich Town,30-081,1994,10.3,16,1.55,12,0,1,1,2,0,1,0.10,1,0,0,0,0,0,Matches,,,,,,
70,Moisés Caicedo,ec ECU,MF,Chelsea,23-102,2001,23.6,67,2.84,59,0,0,0,2,6,6,0.25,5,0,0,0,1,0,Matches,,,,,,
71,Tom Cairney,sct SCO,MF,Fulham,34-023,1991,4.4,23,5.19,21,1,0,0,1,0,2,0.45,2,0,0,0,0,0,Matches,,,,,,
72,Jens Cajuste,se SWE,MF,Ipswich Town,25-186,1999,11.6,15,1.29,12,1,2,0,0,0,0,0.00,0,0,0,0,0,0,Matches,,,,,,
73,Riccardo Calafiori,it ITA,DF,Arsenal,22-269,2002,8.4,8,0.96,7,0,0,1,0,0,1,0.12,1,0,0,0,0,0,Matches,,,,,,
74,Dominic Calvert-Lewin,eng ENG,FW,Everton,27-333,1997,17.5,25,1.43,14,0,4,2,3,2,4,0.23,1,0,2,0,1,0,Matches,,,,,,
75,Diego Carlos,br BRA,DF,Aston Villa,31-334,1993,9.2,4,0.43,3,0,0,1,0,0,0,0.00,0,0,0,0,0,0,Matches,,,,,,
Rk,Player,Nation,Pos,Squad,Age,Born,90s,SCA,SCA90,PassLive,PassDead,TO,Sh,Fld,Def,GCA,GCA90,PassLive,PassDead,TO,Sh,Fld,Def,Matches,,,,,,
76,Fabio Carvalho,pt POR,"FW,MF",Brentford,22-166,2002,4.8,9,1.85,6,0,1,2,0,0,1,0.21,1,0,0,0,0,0,Matches,,,,,,
77,Casemiro,br BRA,MF,Manchester Utd,32-355,1992,9.3,40,4.31,37,1,0,2,0,0,3,0.32,3,0,0,0,0,0,Matches,,,,,,
78,Kaelan Casey,eng ENG,DF,West Ham,20-107,2004,0.0,0,0.00,0,0,0,0,0,0,0,0.00,0,0,0,0,0,0,Matches,,,,,,
79,Matty Cash,pl POL,DF,Aston Villa,27-189,1997,14.0,14,1.00,13,0,1,0,0,0,1,0.07,1,0,0,0,0,0,Matches,,,,,,
80,Timothy Castagne,be BEL,DF,Fulham,29-069,1995,10.0,15,1.50,11,0,1,2,1,0,1,0.10,0,0,0,1,0,0,Matches,,,,,,
81,Trevoh Chalobah,eng ENG,DF,Crystal Palace,25-222,1999,11.8,11,0.93,10,0,1,0,0,0,0,0.00,0,0,0,0,0,0,Matches,,,,,,
82,Trevoh Chalobah,eng ENG,DF,Chelsea,25-222,1999,2.0,3,1.49,1,0,0,2,0,0,1,0.50,0,0,0,1,0,0,Matches,,,,,,
83,Conor Chaplin,eng ENG,"MF,FW",Ipswich Town,27-362,1997,6.8,18,2.65,17,1,0,0,0,0,1,0.15,1,0,0,0,0,0,Matches,,,,,,
84,Federico Chiesa,it ITA,FW,Liverpool,27-110,1997,0.3,3,9.64,3,0,0,0,0,0,1,3.21,1,0,0,0,0,0,Matches,,,,,,
85,Chiquinho,pt POR,MF,Wolves,25-007,2000,0.1,2,25.71,2,0,0,0,0,0,0,0.00,0,0,0,0,0,0,Matches,,,,,,
86,Hamza Choudhury,eng ENG,"MF,DF",Leicester City,27-134,1997,1.5,3,2.05,2,0,1,0,0,0,0,0.00,0,0,0,0,0,0,Matches,,,,,,
87,Ryan Christie,sct SCO,MF,Bournemouth,29-356,1995,19.5,71,3.65,58,7,0,3,2,1,7,0.36,6,1,0,0,0,0,Matches,,,,,,
88,Harry Clarke,eng ENG,DF,Ipswich Town,23-347,2001,4.2,1,0.24,1,0,0,0,0,0,0,0.00,0,0,0,0,0,0,Matches,,,,,,
89,Jack Clarke,eng ENG,"FW,MF",Ipswich Town,24-081,2000,6.8,20,2.97,17,1,2,0,0,0,2,0.30,1,1,0,0,0,0,Matches,,,,,,
90,Nathaniel Clyne,eng ENG,"DF,MF",Crystal Palace,33-313,1991,4.4,2,0.45,2,0,0,0,0,0,0,0.00,0,0,0,0,0,0,Matches,,,,,,
91,Conor Coady,eng ENG,DF,Leicester City,31-353,1993,8.0,4,0.50,4,0,0,0,0,0,0,0.00,0,0,0,0,0,0,Matches,,,,,,
92,Séamus Coleman,ie IRL,DF,Everton,36-124,1988,2.2,2,0.91,1,0,1,0,0,0,1,0.46,1,0,0,0,0,0,Matches,,,,,,
93,Nathan Collins,ie IRL,DF,Brentford,23-288,2001,24.0,23,0.96,16,2,1,2,2,0,6,0.25,2,1,0,1,2,0,Matches,,,,,,
94,Toby Collyer,eng ENG,MF,Manchester Utd,21-040,2004,1.4,2,1.44,2,0,0,0,0,0,0,0.00,0,0,0,0,0,0,Matches,,,,,,
95,Levi Colwill,eng ENG,DF,Chelsea,21-352,2003,22.0,25,1.14,22,2,0,0,0,1,3,0.14,2,0,0,0,0,1,Matches,,,,,,
96,Lewis Cook,eng ENG,"MF,DF",Bournemouth,28-009,1997,21.6,67,3.11,51,15,0,1,0,0,4,0.19,2,1,0,1,0,0,Matches,,,,,,
97,Maxwel Cornet,ci CIV,FW,Southampton,28-138,1996,0.8,0,0.00,0,0,0,0,0,0,0,0.00,0,0,0,0,0,0,Matches,,,,,,
98,Vladimír Coufal,cz CZE,DF,West Ham,32-174,1992,8.2,13,1.59,9,4,0,0,0,0,1,0.12,0,1,0,0,0,0,Matches,,,,,,
99,Woyo Coulibaly,fr FRA,DF,Leicester City,25-268,1999,0.2,0,0.00,0,0,0,0,0,0,0,0.00,0,0,0,0,0,0,Matches,,,,,,
100,Aaron Cresswell,eng ENG,DF,West Ham,35-059,1989,3.3,9,2.74,3,6,0,0,0,0,0,0.00,0,0,0,0,0,0,Matches,,,,,,
Rk,Player,Nation,Pos,Squad,Age,Born,90s,SCA,SCA90,PassLive,PassDead,TO,Sh,Fld,Def,GCA,GCA90,PassLive,PassDead,TO,Sh,Fld,Def,Matches,,,,,,
101,Marc Cucurella,es ESP,DF,Chelsea,26-205,1998,20.0,33,1.65,30,1,0,2,0,0,2,0.10,2,0,0,0,0,0,Matches,,,,,,
102,Jorge Cuenca,es ESP,DF,Fulham,25-087,1999,1.0,0,0.00,0,0,0,0,0,0,0,0.00,0,0,0,0,0,0,Matches,,,,,,
103,Matheus Cunha,br BRA,"MF,FW",Wolves,25-261,1999,20.8,79,3.79,48,9,11,5,4,2,8,0.38,7,0,1,0,0,0,Matches,,,,,,
104,Patson Daka,zm ZAM,"FW,MF",Leicester City,26-126,1998,3.4,5,1.47,4,0,1,0,0,0,1,0.29,0,0,1,0,0,0,Matches,,,,,,
105,Diogo Dalot,pt POR,DF,Manchester Utd,25-331,1999,22.6,44,1.94,33,4,4,2,0,1,1,0.04,1,0,0,0,0,0,Matches,,,,,,
106,Mikkel Damsgaard,dk DEN,"MF,FW",Brentford,24-224,2000,19.9,80,4.02,60,10,3,2,1,4,16,0.80,10,3,1,0,1,1,Matches,,,,,,
107,Danilo,br BRA,MF,Nott'ham Forest,23-289,2001,0.9,3,3.46,3,0,0,0,0,0,1,1.15,1,0,0,0,0,0,Matches,,,,,,
108,Jayden Danns,eng ENG,MF,Liverpool,19-027,2006,0.1,0,0.00,0,0,0,0,0,0,0,0.00,0,0,0,0,0,0,Matches,,,,,,
109,Ben Davies,wls WAL,DF,Tottenham,31-294,1993,6.0,2,0.33,2,0,0,0,0,0,0,0.00,0,0,0,0,0,0,Matches,,,,,,
110,Leif Davis,eng ENG,DF,Ipswich Town,25-031,2000,23.5,71,3.03,33,31,3,2,1,1,4,0.17,3,0,1,0,0,0,Matches,,,,,,
111,Craig Dawson,eng ENG,DF,Wolves,34-282,1990,10.8,7,0.65,6,0,0,1,0,0,2,0.19,1,0,0,1,0,0,Matches,,,,,,
112,Kevin De Bruyne,be BEL,MF,Manchester City,33-229,1991,11.2,77,6.85,55,17,1,2,1,1,10,0.89,8,1,0,1,0,0,Matches,,,,,,
113,Liam Delap,eng ENG,FW,Ipswich Town,22-004,2003,19.6,47,2.40,24,0,8,2,11,2,6,0.31,2,0,2,0,2,0,Matches,,,,,,
114,Sepp van den Berg,nl NED,DF,Brentford,23-054,2001,18.9,15,0.80,14,0,0,0,1,0,2,0.11,1,0,0,0,1,0,Matches,,,,,,
115,Justin Devenny,nir NIR,MF,Crystal Palace,21-124,2003,3.0,9,3.01,7,2,0,0,0,0,0,0.00,0,0,0,0,0,0,Matches,,,,,,
116,Kiernan Dewsbury-Hall,eng ENG,MF,Chelsea,26-159,1998,1.5,3,1.99,3,0,0,0,0,0,1,0.66,1,0,0,0,0,0,Matches,,,,,,
117,Amad Diallo,ci CIV,"FW,MF",Manchester Utd,22-216,2002,17.7,80,4.52,54,9,7,2,4,4,16,0.90,7,0,3,1,1,4,Matches,,,,,,
118,Rúben Dias,pt POR,DF,Manchester City,27-274,1997,13.1,17,1.30,11,0,0,4,0,2,0,0.00,0,0,0,0,0,0,Matches,,,,,,
119,Luis Díaz,co COL,FW,Liverpool,28-030,1997,15.9,71,4.47,51,0,11,7,2,0,11,0.69,9,0,1,0,1,0,Matches,,,,,,
120,Tyler Dibling,eng ENG,"FW,MF",Southampton,18-337,2006,13.7,40,2.93,23,1,9,3,4,0,3,0.22,2,0,1,0,0,0,Matches,,,,,,
121,Lucas Digne,fr FRA,DF,Aston Villa,31-207,1993,19.7,50,2.54,30,14,1,4,0,1,4,0.20,4,0,0,0,0,0,Matches,,,,,,
122,Issa Diop,fr FRA,DF,Fulham,28-034,1997,11.9,5,0.42,4,0,0,1,0,0,0,0.00,0,0,0,0,0,0,Matches,,,,,,
123,Axel Disasi,fr FRA,DF,Chelsea,26-338,1998,4.0,2,0.49,2,0,0,0,0,0,0,0.00,0,0,0,0,0,0,Matches,,,,,,
124,Roman Dixon,eng ENG,DF,Everton,20-048,2004,1.0,0,0.00,0,0,0,0,0,0,0,0.00,0,0,0,0,0,0,Matches,,,,,,
125,Matt Doherty,ie IRL,DF,Wolves,33-027,1992,12.9,17,1.32,13,2,0,1,1,0,2,0.16,2,0,0,0,0,0,Matches,,,,,,
Rk,Player,Nation,Pos,Squad,Age,Born,90s,SCA,SCA90,PassLive,PassDead,TO,Sh,Fld,Def,GCA,GCA90,PassLive,PassDead,TO,Sh,Fld,Def,Matches,,,,,,
126,Jeremy Doku,be BEL,"FW,MF",Manchester City,22-261,2002,8.8,40,4.57,32,1,5,1,1,0,8,0.91,7,0,1,0,0,0,Matches,,,,,,
127,Nicolás Domínguez,ar ARG,"MF,FW",Nott'ham Forest,26-229,1998,12.5,16,1.28,10,1,0,2,2,1,0,0.00,0,0,0,0,0,0,Matches,,,,,,
128,Alfie Dorrington,eng ENG,DF,Tottenham,19-298,2005,0.2,0,0.00,0,0,0,0,0,0,0,0.00,0,0,0,0,0,0,Matches,,,,,,
129,Abdoulaye Doucouré,ml MLI,MF,Everton,32-042,1993,18.7,36,1.93,33,0,1,1,0,1,1,0.05,0,0,0,0,0,1,Matches,,,,,,
130,Cheick Doucouré,ml MLI,MF,Crystal Palace,25-035,2000,5.0,9,1.79,5,0,0,2,1,1,3,0.60,1,0,0,1,1,0,Matches,,,,,,
131,Flynn Downes,eng ENG,MF,Southampton,26-023,1999,15.9,24,1.51,20,2,0,1,0,1,1,0.06,0,1,0,0,0,0,Matches,,,,,,
132,Tommy Doyle,eng ENG,MF,Wolves,23-118,2001,5.1,16,3.11,10,4,1,1,0,0,3,0.58,2,0,1,0,0,0,Matches,,,,,,
133,Radu Drăgușin,ro ROU,DF,Tottenham,23-009,2002,13.9,8,0.58,8,0,0,0,0,0,1,0.07,1,0,0,0,0,0,Matches,,,,,,
134,Martin Dúbravka,sk SVK,GK,Newcastle Utd,36-028,1989,9.0,0,0.00,0,0,0,0,0,0,0,0.00,0,0,0,0,0,0,Matches,,,,,,
135,Lewis Dunk,eng ENG,DF,Brighton,33-083,1991,17.4,16,0.92,14,0,0,2,0,0,3,0.17,2,0,0,1,0,0,Matches,,,,,,
136,Jáder Durán,co COL,FW,Aston Villa,21-061,2003,7.1,18,2.54,9,0,0,4,3,2,1,0.14,0,0,0,0,0,1,Matches,,,,,,
137,Ederson,br BRA,GK,Manchester City,31-179,1993,15.0,4,0.27,4,0,0,0,0,0,2,0.13,2,0,0,0,0,0,Matches,,,,,,
138,George Edmundson,eng ENG,DF,Ipswich Town,27-165,1997,0.0,0,0.00,0,0,0,0,0,0,0,0.00,0,0,0,0,0,0,Matches,,,,,,
139,Odsonne Édouard,fr FRA,"MF,FW",Crystal Palace,27-027,1998,1.3,1,0.78,1,0,0,0,0,0,0,0.00,0,0,0,0,0,0,Matches,,,,,,
140,Odsonne Édouard,fr FRA,FW,Leicester City,27-027,1998,0.3,2,6.21,2,0,0,0,0,0,0,0.00,0,0,0,0,0,0,Matches,,,,,,
141,Samuel Edozie,eng ENG,"DF,FW",Southampton,22-015,2003,0.7,4,5.54,3,0,0,0,1,0,0,0.00,0,0,0,0,0,0,Matches,,,,,,
142,Ronnie Edwards,eng ENG,DF,Southampton,21-321,2003,0.1,0,0.00,0,0,0,0,0,0,0,0.00,0,0,0,0,0,0,Matches,,,,,,
143,Anthony Elanga,se SWE,"FW,MF",Nott'ham Forest,22-291,2002,16.2,63,3.89,38,12,3,3,7,0,11,0.68,7,2,1,0,1,0,Matches,,,,,,
144,Harvey Elliott,eng ENG,"MF,FW",Liverpool,21-314,2003,0.9,5,5.49,3,2,0,0,0,0,2,2.20,2,0,0,0,0,0,Matches,,,,,,
145,Yunus Emre Konak,tr TUR,"MF,FW",Brentford,19-033,2006,0.2,0,0.00,0,0,0,0,0,0,0,0.00,0,0,0,0,0,0,Matches,,,,,,
146,Julio Enciso,py PAR,MF,Ipswich Town,21-020,2004,1.1,6,5.40,3,1,1,0,0,1,1,0.90,0,1,0,0,0,0,Matches,,,,,,
147,Julio Enciso,py PAR,"MF,FW",Brighton,21-020,2004,3.3,12,3.69,5,1,3,1,2,0,0,0.00,0,0,0,0,0,0,Matches,,,,,,
148,Wataru Endo,jp JPN,MF,Liverpool,32-003,1993,1.0,2,2.07,2,0,0,0,0,0,0,0.00,0,0,0,0,0,0,Matches,,,,,,
149,Christian Eriksen,dk DEN,MF,Manchester Utd,32-364,1992,7.1,27,3.80,17,10,0,0,0,0,6,0.85,4,2,0,0,0,0,Matches,,,,,,
150,Romain Esse,eng ENG,MF,Crystal Palace,19-275,2005,0.1,0,0.00,0,0,0,0,0,0,0,0.00,0,0,0,0,0,0,Matches,,,,,,
Rk,Player,Nation,Pos,Squad,Age,Born,90s,SCA,SCA90,PassLive,PassDead,TO,Sh,Fld,Def,GCA,GCA90,PassLive,PassDead,TO,Sh,Fld,Def,Matches,,,,,,
151,Pervis Estupiñán,ec ECU,DF,Brighton,27-022,1998,15.7,36,2.29,24,9,0,2,1,0,4,0.25,3,0,0,0,1,0,Matches,,,,,,
152,Evanilson,br BRA,FW,Bournemouth,25-129,1999,15.2,42,2.76,25,0,3,6,8,0,7,0.46,1,0,1,1,4,0,Matches,,,,,,
153,Jonny Evans,nir NIR,DF,Manchester Utd,37-040,1988,3.2,2,0.62,2,0,0,0,0,0,0,0.00,0,0,0,0,0,0,Matches,,,,,,
154,Eberechi Eze,eng ENG,"MF,FW",Crystal Palace,26-228,1998,17.9,85,4.75,45,20,6,8,6,0,7,0.39,6,1,0,0,0,0,Matches,,,,,,
155,Łukasz Fabiański,pl POL,GK,West Ham,39-300,1985,11.9,3,0.25,2,1,0,0,0,0,0,0.00,0,0,0,0,0,0,Matches,,,,,,
156,Wout Faes,be BEL,DF,Leicester City,26-315,1998,18.3,7,0.38,5,0,0,1,0,1,0,0.00,0,0,0,0,0,0,Matches,,,,,,
157,Abdul Fatawu Issahaku,gh GHA,FW,Leicester City,20-341,2004,6.4,17,2.64,10,0,2,1,4,0,3,0.47,2,0,0,1,0,0,Matches,,,,,,
158,João Félix,pt POR,"FW,MF",Chelsea,25-094,1999,4.1,18,4.38,12,0,2,3,1,0,3,0.73,1,0,1,0,1,0,Matches,,,,,,
159,Evan Ferguson,ie IRL,FW,Brighton,20-116,2004,2.7,4,1.47,3,0,1,0,0,0,0,0.00,0,0,0,0,0,0,Matches,,,,,,
160,Bruno Fernandes,pt POR,MF,Manchester Utd,30-157,1994,21.4,109,5.10,78,17,3,4,6,1,8,0.37,7,1,0,0,0,0,Matches,,,,,,
161,Mateus Fernandes,pt POR,MF,Southampton,20-217,2004,19.3,48,2.48,28,11,3,4,1,1,5,0.26,3,1,0,0,0,1,Matches,,,,,,
162,Enzo Fernández,ar ARG,MF,Chelsea,24-026,2001,18.8,87,4.63,68,9,1,3,1,5,12,0.64,9,2,0,1,0,0,Matches,,,,,,
163,Mark Flekken,nl NED,GK,Brentford,31-244,1993,22.4,4,0.18,1,3,0,0,0,0,1,0.04,0,1,0,0,0,0,Matches,,,,,,
164,Phil Foden,eng ENG,"MF,FW",Manchester City,24-260,2000,15.2,70,4.62,46,15,2,5,2,0,8,0.53,4,1,0,3,0,0,Matches,,,,,,
165,Wesley Fofana,fr FRA,DF,Chelsea,24-057,2000,11.3,11,0.98,9,1,1,0,0,0,0,0.00,0,0,0,0,0,0,Matches,,,,,,
166,Carlos Forbs,pt POR,"MF,FW",Wolves,20-330,2004,2.6,5,1.91,3,0,2,0,0,0,1,0.38,1,0,0,0,0,0,Matches,,,,,,
167,Fraser Forster,eng ENG,GK,Tottenham,36-332,1988,7.0,0,0.00,0,0,0,0,0,0,0,0.00,0,0,0,0,0,0,Matches,,,,,,
168,Ryan Fraser,sct SCO,"FW,DF",Southampton,30-354,1994,3.4,5,1.47,5,0,0,0,0,0,0,0.00,0,0,0,0,0,0,Matches,,,,,,
169,Niclas Füllkrug,de GER,FW,West Ham,32-003,1993,4.1,11,2.67,10,0,0,1,0,0,1,0.24,0,0,0,1,0,0,Matches,,,,,,
170,Cody Gakpo,nl NED,FW,Liverpool,25-281,1999,14.5,59,4.08,45,0,6,4,3,1,6,0.42,3,0,2,0,1,0,Matches,,,,,,
171,Idrissa Gana Gueye,sn SEN,MF,Everton,35-139,1989,19.5,36,1.84,31,0,0,2,2,1,2,0.10,2,0,0,0,0,0,Matches,,,,,,
172,Andrés García,es ESP,DF,Aston Villa,22-005,2003,0.5,0,0.00,0,0,0,0,0,0,0,0.00,0,0,0,0,0,0,Matches,,,,,,
173,Alejandro Garnacho,ar ARG,"FW,MF",Manchester Utd,20-226,2004,14.7,42,2.86,32,1,3,4,2,0,2,0.14,1,0,0,1,0,0,Matches,,,,,,
174,James Garner,eng ENG,"DF,MF",Everton,23-336,2001,3.9,10,2.59,6,4,0,0,0,0,3,0.78,2,1,0,0,0,0,Matches,,,,,,
175,Tyrique George,eng ENG,FW,Chelsea,19-008,2006,0.1,0,0.00,0,0,0,0,0,0,0,0.00,0,0,0,0,0,0,Matches,,,,,,
Rk,Player,Nation,Pos,Squad,Age,Born,90s,SCA,SCA90,PassLive,PassDead,TO,Sh,Fld,Def,GCA,GCA90,PassLive,PassDead,TO,Sh,Fld,Def,Matches,,,,,,
176,Morgan Gibbs-White,eng ENG,MF,Nott'ham Forest,25-016,2000,17.4,70,4.01,58,0,2,5,4,1,11,0.63,8,0,0,2,1,0,Matches,,,,,,
177,Billy Gilmour,sct SCO,MF,Brighton,23-246,2001,1.1,3,2.76,3,0,0,0,0,0,0,0.00,0,0,0,0,0,0,Matches,,,,,,
178,Ben Godfrey,eng ENG,DF,Ipswich Town,27-028,1998,0.7,0,0.00,0,0,0,0,0,0,0,0.00,0,0,0,0,0,0,Matches,,,,,,
179,Martial Godo,eng ENG,FW,Fulham,21-335,2003,0.2,0,0.00,0,0,0,0,0,0,0,0.00,0,0,0,0,0,0,Matches,,,,,,
180,João Gomes,br BRA,MF,Wolves,24-000,2001,20.6,35,1.70,31,1,2,0,0,1,2,0.10,2,0,0,0,0,0,Matches,,,,,,
181,Rodrigo Gomes,pt POR,"DF,FW",Wolves,21-220,2003,6.3,14,2.22,12,0,1,1,0,0,0,0.00,0,0,0,0,0,0,Matches,,,,,,
182,Toti Gomes,pt POR,DF,Wolves,26-027,1999,15.0,10,0.66,10,0,0,0,0,0,1,0.07,1,0,0,0,0,0,Matches,,,,,,
183,Diego Gómez,py PAR,MF,Brighton,21-322,2003,0.5,1,1.96,1,0,0,0,0,0,0,0.00,0,0,0,0,0,0,Matches,,,,,,
184,Joe Gomez,eng ENG,DF,Liverpool,27-265,1997,5.8,5,0.87,5,0,0,0,0,0,1,0.17,1,0,0,0,0,0,Matches,,,,,,
185,Anthony Gordon,eng ENG,FW,Newcastle Utd,23-354,2001,20.6,92,4.46,66,10,7,3,6,0,11,0.53,8,1,1,0,1,0,Matches,,,,,,
186,Ryan Gravenberch,nl NED,MF,Liverpool,22-272,2002,22.1,47,2.13,42,0,2,2,0,1,6,0.27,6,0,0,0,0,0,Matches,,,,,,
187,Archie Gray,eng ENG,DF,Tottenham,18-337,2006,10.7,2,0.19,2,0,0,0,0,0,0,0.00,0,0,0,0,0,0,Matches,,,,,,
188,Jack Grealish,eng ENG,"FW,MF",Manchester City,29-155,1995,6.8,40,5.91,35,1,3,0,0,1,2,0.30,1,0,0,0,0,1,Matches,,,,,,
189,Jacob Greaves,eng ENG,DF,Ipswich Town,24-153,2000,14.0,7,0.50,7,0,0,0,0,0,0,0.00,0,0,0,0,0,0,Matches,,,,,,
190,Brajan Gruda,de GER,"FW,MF",Brighton,20-257,2004,4.1,16,3.91,12,1,2,0,1,0,0,0.00,0,0,0,0,0,0,Matches,,,,,,
191,Albert Grønbaek,dk DEN,MF,Southampton,23-265,2001,0.8,1,1.30,0,0,0,1,0,0,0,0.00,0,0,0,0,0,0,Matches,,,,,,
192,Gonçalo Guedes,pt POR,"MF,FW",Wolves,28-075,1996,7.7,20,2.59,18,0,1,0,1,0,8,1.04,7,0,1,0,0,0,Matches,,,,,,
193,Marc Guéhi,eng ENG,DF,Crystal Palace,24-214,2000,23.0,21,0.91,16,0,0,3,2,0,2,0.09,2,0,0,0,0,0,Matches,,,,,,
194,Luis Guilherme,br BRA,"MF,FW",West Ham,19-003,2006,0.6,6,10.00,3,1,0,1,1,0,0,0.00,0,0,0,0,0,0,Matches,,,,,,
195,Bruno Guimarães,br BRA,MF,Newcastle Utd,27-088,1997,23.2,85,3.67,76,2,2,0,3,2,14,0.60,13,1,0,0,0,0,Matches,,,,,,
196,Marc Guiu,es ESP,FW,Chelsea,19-039,2006,0.8,1,1.22,1,0,0,0,0,0,0,0.00,0,0,0,0,0,0,Matches,,,,,,
197,İlkay Gündoğan,de GER,MF,Manchester City,34-111,1990,14.9,46,3.08,39,3,3,1,0,0,4,0.27,4,0,0,0,0,0,Matches,,,,,,
198,Malo Gusto,fr FRA,DF,Chelsea,21-269,2003,14.5,37,2.56,36,0,0,1,0,0,3,0.21,3,0,0,0,0,0,Matches,,,,,,
199,Joško Gvardiol,hr CRO,DF,Manchester City,23-020,2002,22.5,51,2.27,48,0,2,1,0,0,5,0.22,4,0,1,0,0,0,Matches,,,,,,
200,Erling Haaland,no NOR,FW,Manchester City,24-206,2000,23.6,56,2.37,37,0,8,10,1,0,6,0.25,3,0,2,1,0,0,Matches,,,,,,
Rk,Player,Nation,Pos,Squad,Age,Born,90s,SCA,SCA90,PassLive,PassDead,TO,Sh,Fld,Def,GCA,GCA90,PassLive,PassDead,TO,Sh,Fld,Def,Matches,,,,,,
201,Lewis Hall,eng ENG,DF,Newcastle Utd,20-157,2004,21.3,57,2.67,40,16,0,0,1,0,4,0.19,3,1,0,0,0,0,Matches,,,,,,
202,Ali Al Hamadi,iq IRQ,FW,Ipswich Town,22-348,2002,1.5,8,5.37,4,0,3,0,1,0,0,0.00,0,0,0,0,0,0,Matches,,,,,,
203,Marcus Harness,eng ENG,MF,Ipswich Town,28-354,1996,0.5,2,4.00,2,0,0,0,0,0,0,0.00,0,0,0,0,0,0,Matches,,,,,,
204,Jack Harrison,eng ENG,FW,Everton,28-084,1996,11.1,23,2.07,17,2,1,1,2,0,2,0.18,1,0,0,0,1,0,Matches,,,,,,
205,Taylor Harwood-Bellis,eng ENG,DF,Southampton,23-013,2002,21.1,29,1.38,24,0,0,3,1,1,2,0.09,1,0,0,1,0,0,Matches,,,,,,
206,Kai Havertz,de GER,"FW,MF",Arsenal,25-246,1999,20.4,41,2.01,34,0,1,6,0,0,3,0.15,2,0,0,1,0,0,Matches,,,,,,
207,Jan Paul van Hecke,nl NED,DF,Brighton,24-249,2000,20.9,41,1.96,37,1,0,3,0,0,3,0.14,3,0,0,0,0,0,Matches,,,,,,
208,Hwang Hee-chan,kr KOR,"MF,FW",Wolves,29-017,1996,6.9,9,1.30,8,0,0,1,0,0,1,0.14,1,0,0,0,0,0,Matches,,,,,,
209,Dean Henderson,eng ENG,GK,Crystal Palace,27-337,1997,24.0,2,0.08,1,1,0,0,0,0,0,0.00,0,0,0,0,0,0,Matches,,,,,,
210,Rico Henry,eng ENG,DF,Brentford,27-219,1997,0.0,1,22.50,1,0,0,0,0,0,1,22.50,1,0,0,0,0,0,Matches,,,,,,
211,Mads Hermansen,dk DEN,GK,Leicester City,24-216,2000,16.5,2,0.12,2,0,0,0,0,0,0,0.00,0,0,0,0,0,0,Matches,,,,,,
212,Son Heung-min,kr KOR,FW,Tottenham,32-219,1992,17.6,88,5.00,68,5,10,2,3,0,11,0.62,11,0,0,0,0,0,Matches,,,,,,
213,James Hill,eng ENG,"DF,MF",Bournemouth,23-033,2002,2.0,6,3.03,3,2,0,0,0,1,1,0.51,1,0,0,0,0,0,Matches,,,,,,
214,Jack Hinshelwood,eng ENG,"MF,DF",Brighton,19-307,2005,10.0,21,2.10,15,4,0,1,1,0,2,0.20,2,0,0,0,0,0,Matches,,,,,,
215,George Hirst,eng ENG,FW,Ipswich Town,25-363,1999,2.4,6,2.47,5,0,0,1,0,0,2,0.82,1,0,0,1,0,0,Matches,,,,,,
216,Mason Holgate,eng ENG,"FW,DF",Everton,28-113,1996,0.1,0,0.00,0,0,0,0,0,0,0,0.00,0,0,0,0,0,0,Matches,,,,,,
217,Callum Hudson-Odoi,eng ENG,"FW,MF",Nott'ham Forest,24-097,2000,16.9,73,4.31,55,3,9,3,3,0,10,0.59,6,0,2,0,2,0,Matches,,,,,,
218,Will Hughes,eng ENG,MF,Crystal Palace,29-301,1995,15.7,52,3.32,33,12,1,2,4,0,6,0.38,2,3,0,1,0,0,Matches,,,,,,
219,Dean Huijsen,es ESP,DF,Bournemouth,19-304,2005,13.8,25,1.81,22,1,0,1,1,0,2,0.14,2,0,0,0,0,0,Matches,,,,,,
220,Omari Hutchinson,eng ENG,"MF,FW",Ipswich Town,21-105,2003,20.7,52,2.51,37,0,8,3,2,2,4,0.19,4,0,0,0,0,0,Matches,,,,,,
221,Rasmus Højlund,dk DEN,FW,Manchester Utd,22-008,2003,12.3,21,1.70,14,0,2,2,3,0,1,0.08,0,0,0,0,1,0,Matches,,,,,,
222,Igor,br BRA,DF,Brighton,27-005,1998,10.0,11,1.10,10,0,0,0,1,0,0,0.00,0,0,0,0,0,0,Matches,,,,,,
223,Danny Ings,eng ENG,"FW,MF",West Ham,32-204,1992,3.1,12,3.90,7,0,1,3,1,0,2,0.65,0,0,0,1,1,0,Matches,,,,,,
224,Tim Iroegbunam,eng ENG,MF,Everton,21-227,2003,4.4,9,2.07,5,0,1,0,1,2,0,0.00,0,0,0,0,0,0,Matches,,,,,,
225,Andy Irving,sct SCO,MF,West Ham,24-275,2000,1.8,5,2.69,4,0,1,0,0,0,0,0.00,0,0,0,0,0,0,Matches,,,,,,
Rk,Player,Nation,Pos,Squad,Age,Born,90s,SCA,SCA90,PassLive,PassDead,TO,Sh,Fld,Def,GCA,GCA90,PassLive,PassDead,TO,Sh,Fld,Def,Matches,,,,,,
226,Alexander Isak,se SWE,FW,Newcastle Utd,25-144,1999,20.0,73,3.65,55,1,8,5,2,2,11,0.55,8,0,1,0,1,1,Matches,,,,,,
227,Alex Iwobi,ng NGA,"FW,MF",Fulham,28-285,1996,22.4,98,4.37,84,0,7,5,2,0,12,0.54,10,0,2,0,0,0,Matches,,,,,,
228,Nicolas Jackson,sn SEN,FW,Chelsea,23-237,2001,19.3,62,3.22,37,0,9,7,8,1,10,0.52,7,0,2,1,0,0,Matches,,,,,,
229,Reece James,eng ENG,DF,Chelsea,25-066,1999,5.4,10,1.86,7,2,0,1,0,0,1,0.19,0,0,0,1,0,0,Matches,,,,,,
230,Vitaly Janelt,de GER,MF,Brentford,26-278,1998,19.1,24,1.26,23,1,0,0,0,0,3,0.16,3,0,0,0,0,0,Matches,,,,,,
231,Vitezslav Jaros,cz CZE,GK,Liverpool,23-204,2001,0.1,0,0.00,0,0,0,0,0,0,0,0.00,0,0,0,0,0,0,Matches,,,,,,
232,Daniel Jebbison,eng ENG,"FW,MF",Bournemouth,21-183,2003,0.7,5,7.63,4,0,1,0,0,0,0,0.00,0,0,0,0,0,0,Matches,,,,,,
233,Mathias Jensen,dk DEN,MF,Brentford,29-042,1996,7.8,32,4.09,23,8,1,0,0,0,3,0.38,1,1,1,0,0,0,Matches,,,,,,
234,Gabriel Jesus,br BRA,FW,Arsenal,27-315,1997,6.8,18,2.66,10,0,1,5,1,1,4,0.59,1,0,0,3,0,0,Matches,,,,,,
235,Raúl Jiménez,mx MEX,FW,Fulham,33-283,1991,16.9,38,2.25,25,1,1,6,4,1,5,0.30,3,0,0,0,1,1,Matches,,,,,,
236,Kim Jisoo,kr KOR,DF,Brentford,20-050,2004,0.3,0,0.00,0,0,0,0,0,0,0,0.00,0,0,0,0,0,0,Matches,,,,,,
237,João Pedro,br BRA,"FW,MF",Brighton,23-139,2001,14.9,43,2.89,33,0,2,2,6,0,6,0.40,5,0,0,0,1,0,Matches,,,,,,
238,Joelinton,br BRA,"MF,FW",Newcastle Utd,28-182,1996,21.3,48,2.26,38,2,0,4,1,3,6,0.28,6,0,0,0,0,0,Matches,,,,,,
239,Ben Johnson,eng ENG,"DF,FW",Ipswich Town,25-019,2000,9.2,14,1.52,7,4,0,1,2,0,3,0.33,2,0,0,1,0,0,Matches,,,,,,
240,Brennan Johnson,wls WAL,FW,Tottenham,23-265,2001,16.6,36,2.17,25,0,5,4,1,1,6,0.36,5,0,1,0,0,0,Matches,,,,,,
241,Sam Johnstone,eng ENG,GK,Wolves,31-324,1993,7.0,2,0.29,2,0,0,0,0,0,0,0.00,0,0,0,0,0,0,Matches,,,,,,
242,Curtis Jones,eng ENG,MF,Liverpool,24-013,2001,10.3,25,2.43,23,0,0,1,1,0,5,0.49,4,0,0,0,1,0,Matches,,,,,,
243,Jorginho,it ITA,MF,Arsenal,33-054,1991,5.1,7,1.37,6,0,0,0,1,0,0,0.00,0,0,0,0,0,0,Matches,,,,,,
244,Diogo Jota,pt POR,FW,Liverpool,28-070,1996,7.0,20,2.87,11,0,4,3,1,1,4,0.57,2,0,1,0,1,0,Matches,,,,,,
245,James Justin,eng ENG,DF,Leicester City,26-355,1998,22.0,27,1.23,16,2,1,4,4,0,1,0.05,1,0,0,0,0,0,Matches,,,,,,
246,Filip Jørgensen,dk DEN,GK,Chelsea,22-302,2002,3.0,0,0.00,0,0,0,0,0,0,0,0.00,0,0,0,0,0,0,Matches,,,,,,
247,Ferdi Kadioglu,tr TUR,"DF,MF",Brighton,25-128,1999,4.3,13,3.03,11,0,0,0,1,1,2,0.47,2,0,0,0,0,0,Matches,,,,,,
248,Daichi Kamada,jp JPN,MF,Crystal Palace,28-191,1996,10.4,33,3.18,27,3,0,1,0,2,1,0.10,0,1,0,0,0,0,Matches,,,,,,
249,Boubacar Kamara,fr FRA,MF,Aston Villa,25-081,1999,11.5,16,1.39,12,1,1,0,0,2,2,0.17,2,0,0,0,0,0,Matches,,,,,,
250,Michael Kayode,it ITA,DF,Brentford,20-217,2004,0.2,2,12.00,1,1,0,0,0,0,0,0.00,0,0,0,0,0,0,Matches,,,,,,
Rk,Player,Nation,Pos,Squad,Age,Born,90s,SCA,SCA90,PassLive,PassDead,TO,Sh,Fld,Def,GCA,GCA90,PassLive,PassDead,TO,Sh,Fld,Def,Matches,,,,,,
251,Michael Keane,eng ENG,DF,Everton,32-032,1993,9.0,6,0.66,6,0,0,0,0,0,0,0.00,0,0,0,0,0,0,Matches,,,,,,
252,Caoimhín Kelleher,ie IRL,GK,Liverpool,26-081,1998,8.0,3,0.37,3,0,0,0,0,0,1,0.12,1,0,0,0,0,0,Matches,,,,,,
253,Lloyd Kelly,eng ENG,DF,Newcastle Utd,26-129,1998,3.4,2,0.59,2,0,0,0,0,0,1,0.30,1,0,0,0,0,0,Matches,,,,,,
254,Milos Kerkez,hu HUN,DF,Bournemouth,21-097,2003,23.2,53,2.29,45,3,1,1,1,2,6,0.26,5,0,1,0,0,0,Matches,,,,,,
255,Bilal El Khannouss,ma MAR,MF,Leicester City,20-278,2004,12.2,30,2.47,24,2,3,1,0,0,2,0.16,2,0,0,0,0,0,Matches,,,,,,
256,Abdukodir Khusanov,uz UZB,DF,Manchester City,20-349,2004,0.6,1,1.70,1,0,0,0,0,0,0,0.00,0,0,0,0,0,0,Matches,,,,,,
257,Max Kilman,eng ENG,DF,West Ham,27-265,1997,23.2,18,0.78,16,0,2,0,0,0,3,0.13,2,0,1,0,0,0,Matches,,,,,,
258,Joshua King,eng ENG,"MF,FW",Fulham,18-040,2007,0.9,4,4.50,3,0,1,0,0,0,0,0.00,0,0,0,0,0,0,Matches,,,,,,
259,Antonín Kinský,cz CZE,GK,Tottenham,21-336,2003,4.0,1,0.25,1,0,0,0,0,0,0,0.00,0,0,0,0,0,0,Matches,,,,,,
260,Jakub Kiwior,pl POL,DF,Arsenal,24-363,2000,3.6,1,0.28,1,0,0,0,0,0,0,0.00,0,0,0,0,0,0,Matches,,,,,,
261,Justin Kluivert,nl NED,"MF,FW",Bournemouth,25-283,1999,17.0,62,3.64,51,1,5,2,2,1,9,0.53,8,0,0,0,1,0,Matches,,,,,,
262,Ibrahima Konaté,fr FRA,DF,Liverpool,25-263,1999,15.5,18,1.16,16,0,0,2,0,0,4,0.26,4,0,0,0,0,0,Matches,,,,,,
263,Ezri Konsa,eng ENG,DF,Aston Villa,27-112,1997,21.1,16,0.76,12,2,1,1,0,0,3,0.14,3,0,0,0,0,0,Matches,,,,,,
264,Mateo Kovačić,hr CRO,MF,Manchester City,30-282,1994,17.2,52,3.03,42,0,3,4,2,1,5,0.29,3,0,1,1,0,0,Matches,,,,,,
265,Caleb Kporha,eng ENG,DF,Crystal Palace,18-212,2006,0.1,0,0.00,0,0,0,0,0,0,0,0.00,0,0,0,0,0,0,Matches,,,,,,
266,Emil Krafth,se SWE,DF,Newcastle Utd,30-194,1994,2.7,3,1.12,2,0,0,1,0,0,0,0.00,0,0,0,0,0,0,Matches,,,,,,
267,Mohammed Kudus,gh GHA,"MF,FW",West Ham,24-194,2000,17.4,70,4.03,49,0,11,7,1,2,2,0.12,2,0,0,0,0,0,Matches,,,,,,
268,Dejan Kulusevski,se SWE,"MF,FW",Tottenham,24-293,2000,21.7,116,5.35,86,12,14,1,3,0,9,0.42,7,1,1,0,0,0,Matches,,,,,,
269,Maxence Lacroix,fr FRA,DF,Crystal Palace,24-312,2000,21.0,20,0.95,16,1,0,3,0,0,4,0.19,2,1,0,1,0,0,Matches,,,,,,
270,Adam Lallana,eng ENG,MF,Southampton,36-278,1988,3.8,9,2.38,8,0,0,0,1,0,2,0.53,2,0,0,0,0,0,Matches,,,,,,
271,Tariq Lamptey,gh GHA,DF,Brighton,24-135,2000,5.8,12,2.08,11,1,0,0,0,0,2,0.35,2,0,0,0,0,0,Matches,,,,,,
272,Will Lankshear,eng ENG,"FW,MF",Tottenham,19-298,2005,0.1,0,0.00,0,0,0,0,0,0,0,0.00,0,0,0,0,0,0,Matches,,,,,,
273,Roméo Lavia,be BEL,MF,Chelsea,21-037,2004,5.9,11,1.86,11,0,0,0,0,0,2,0.34,2,0,0,0,0,0,Matches,,,,,,
274,Mario Lemina,ga GAB,"MF,DF",Wolves,31-164,1993,15.2,26,1.71,21,0,2,2,0,1,5,0.33,5,0,0,0,0,0,Matches,,,,,,
275,Bernd Leno,de GER,GK,Fulham,32-345,1992,24.0,4,0.17,4,0,0,0,0,0,1,0.04,1,0,0,0,0,0,Matches,,,,,,
Rk,Player,Nation,Pos,Squad,Age,Born,90s,SCA,SCA90,PassLive,PassDead,TO,Sh,Fld,Def,GCA,GCA90,PassLive,PassDead,TO,Sh,Fld,Def,Matches,,,,,,
276,Jefferson Lerma,co COL,MF,Crystal Palace,30-110,1994,14.4,28,1.95,23,3,0,1,0,1,1,0.07,1,0,0,0,0,0,Matches,,,,,,
277,Rico Lewis,eng ENG,"DF,MF",Manchester City,20-083,2004,15.6,26,1.67,25,0,0,0,1,0,2,0.13,2,0,0,0,0,0,Matches,,,,,,
278,Keane Lewis-Potter,eng ENG,"DF,FW",Brentford,23-356,2001,21.3,44,2.06,33,0,4,2,4,1,6,0.28,5,0,0,0,1,0,Matches,,,,,,
279,Myles Lewis-Skelly,eng ENG,DF,Arsenal,18-139,2006,6.1,5,0.82,5,0,0,0,0,0,0,0.00,0,0,0,0,0,0,Matches,,,,,,
280,Matthijs de Ligt,nl NED,DF,Manchester Utd,25-184,1999,17.2,10,0.58,9,0,0,1,0,0,0,0.00,0,0,0,0,0,0,Matches,,,,,,
281,Pedro Lima,br BRA,DF,Wolves,18-226,2006,0.6,3,4.66,2,0,0,0,0,1,0,0.00,0,0,0,0,0,0,Matches,,,,,,
282,Victor Lindelöf,se SWE,"DF,MF",Manchester Utd,30-210,1994,0.7,2,2.90,2,0,0,0,0,0,0,0.00,0,0,0,0,0,0,Matches,,,,,,
283,Jesper Lindstrøm,dk DEN,FW,Everton,24-349,2000,9.7,38,3.93,25,7,1,2,2,1,0,0.00,0,0,0,0,0,0,Matches,,,,,,
284,Valentino Livramento,eng ENG,DF,Newcastle Utd,22-092,2002,18.3,21,1.15,20,0,0,1,0,0,0,0.00,0,0,0,0,0,0,Matches,,,,,,
285,Sean Longstaff,eng ENG,MF,Newcastle Utd,27-105,1997,8.0,14,1.75,12,0,1,1,0,0,2,0.25,1,0,0,1,0,0,Matches,,,,,,
286,Saša Lukić,rs SRB,MF,Fulham,28-183,1996,16.7,30,1.80,21,4,0,3,1,1,2,0.12,1,0,0,1,0,0,Matches,,,,,,
287,Joe Lumley,eng ENG,GK,Southampton,29-363,1995,3.0,0,0.00,0,0,0,0,0,0,0,0.00,0,0,0,0,0,0,Matches,,,,,,
288,Massimo Luongo,au AUS,MF,Ipswich Town,32-140,1992,1.9,0,0.00,0,0,0,0,0,0,0,0.00,0,0,0,0,0,0,Matches,,,,,,
289,Ian Maatsen,nl NED,DF,Aston Villa,22-339,2002,5.1,30,5.91,22,2,2,3,0,1,5,0.98,5,0,0,0,0,0,Matches,,,,,,
290,Alexis Mac Allister,ar ARG,MF,Liverpool,26-050,1998,18.1,81,4.47,64,7,2,5,1,2,9,0.50,8,0,0,1,0,0,Matches,,,,,,
291,James Maddison,eng ENG,MF,Tottenham,28-081,1996,14.4,64,4.44,45,7,4,3,5,0,13,0.90,9,1,2,1,0,0,Matches,,,,,,
292,Noni Madueke,eng ENG,FW,Chelsea,22-339,2002,15.9,59,3.71,42,0,8,5,3,1,8,0.50,5,0,0,1,1,1,Matches,,,,,,
293,Gabriel Magalhães,br BRA,DF,Arsenal,27-055,1997,21.1,28,1.33,24,0,0,3,1,0,6,0.28,4,0,0,1,1,0,Matches,,,,,,
294,Edmond-Paris Maghoma,eng ENG,MF,Brentford,23-280,2001,0.9,2,2.31,2,0,0,0,0,0,1,1.15,1,0,0,0,0,0,Matches,,,,,,
295,Harry Maguire,eng ENG,DF,Manchester Utd,31-344,1993,12.1,10,0.83,9,0,0,1,0,0,0,0.00,0,0,0,0,0,0,Matches,,,,,,
296,Kobbie Mainoo,eng ENG,MF,Manchester Utd,19-299,2005,14.3,25,1.75,21,0,3,0,1,0,1,0.07,1,0,0,0,0,0,Matches,,,,,,
297,Tyrell Malacia,nl NED,DF,Manchester Utd,25-179,1999,1.1,2,1.80,1,0,0,0,1,0,0,0.00,0,0,0,0,0,0,Matches,,,,,,
298,Donyell Malen,nl NED,FW,Aston Villa,26-034,1999,0.8,1,1.27,0,0,1,0,0,0,0,0.00,0,0,0,0,0,0,Matches,,,,,,
299,Orel Mangala,be BEL,MF,Everton,26-331,1998,14.0,24,1.72,17,1,2,3,1,0,1,0.07,0,0,0,0,1,0,Matches,,,,,,
300,Ryan Manning,ie IRL,DF,Southampton,28-243,1996,8.5,24,2.83,14,9,0,0,0,1,0,0.00,0,0,0,0,0,0,Matches,,,,,,
Rk,Player,Nation,Pos,Squad,Age,Born,90s,SCA,SCA90,PassLive,PassDead,TO,Sh,Fld,Def,GCA,GCA90,PassLive,PassDead,TO,Sh,Fld,Def,Matches,,,,,,
301,Solly March,eng ENG,"MF,DF",Brighton,30-207,1994,0.3,1,3.60,1,0,0,0,0,0,1,3.60,1,0,0,0,0,0,Matches,,,,,,
302,Omar Marmoush,eg EGY,"FW,MF",Manchester City,26-005,1999,1.6,8,5.00,4,2,0,1,1,0,0,0.00,0,0,0,0,0,0,Matches,,,,,,
303,Gabriel Martinelli,br BRA,"FW,MF",Arsenal,23-239,2001,16.2,39,2.41,32,1,4,1,1,0,3,0.19,3,0,0,0,0,0,Matches,,,,,,
304,Emiliano Martínez,ar ARG,GK,Aston Villa,32-163,1992,23.5,3,0.13,2,1,0,0,0,0,0,0.00,0,0,0,0,0,0,Matches,,,,,,
305,Lisandro Martínez,ar ARG,DF,Manchester Utd,27-025,1998,19.5,26,1.34,23,0,0,2,0,1,2,0.10,2,0,0,0,0,0,Matches,,,,,,
306,Pape Matar Sarr,sn SEN,MF,Tottenham,22-151,2002,13.9,28,2.01,23,1,1,2,0,1,6,0.43,4,0,1,1,0,0,Matches,,,,,,
307,Jean-Philippe Mateta,fr FRA,FW,Crystal Palace,27-229,1997,20.7,42,2.03,28,0,2,9,3,0,6,0.29,2,0,2,2,0,0,Matches,,,,,,
308,Stephy Mavididi,eng ENG,FW,Leicester City,26-257,1998,14.3,42,2.93,34,2,4,2,0,0,7,0.49,6,0,1,0,0,0,Matches,,,,,,
309,Konstantinos Mavropanos,gr GRE,DF,West Ham,27-063,1997,15.6,13,0.83,9,0,1,2,0,1,0,0.00,0,0,0,0,0,0,Matches,,,,,,
310,Noussair Mazraoui,ma MAR,DF,Manchester Utd,27-090,1997,20.4,31,1.52,27,0,0,1,2,1,1,0.05,1,0,0,0,0,0,Matches,,,,,,
311,Bryan Mbeumo,cm CMR,FW,Brentford,25-189,1999,23.9,96,4.01,71,12,9,1,3,0,10,0.42,8,0,2,0,0,0,Matches,,,,,,
312,James Mcatee,eng ENG,"MF,FW",Manchester City,22-117,2002,1.0,1,1.01,1,0,0,0,0,0,0,0.00,0,0,0,0,0,0,Matches,,,,,,
313,Kasey McAteer,ie IRL,"FW,MF",Leicester City,23-082,2001,4.3,12,2.80,11,0,0,0,1,0,1,0.23,1,0,0,0,0,0,Matches,,,,,,
314,Alex McCarthy,eng ENG,GK,Southampton,35-071,1989,5.0,0,0.00,0,0,0,0,0,0,0,0.00,0,0,0,0,0,0,Matches,,,,,,
315,John McGinn,sct SCO,"MF,FW",Aston Villa,30-117,1994,15.1,47,3.10,37,4,0,3,2,1,4,0.26,4,0,0,0,0,0,Matches,,,,,,
316,Dwight McNeil,eng ENG,"MF,FW",Everton,25-082,1999,12.7,60,4.74,33,18,4,2,2,1,6,0.47,3,1,1,0,0,1,Matches,,,,,,
317,Scott McTominay,sct SCO,MF,Manchester Utd,28-066,1996,0.2,1,4.74,0,0,0,1,0,0,0,0.00,0,0,0,0,0,0,Matches,,,,,,
318,Ben Mee,eng ENG,DF,Brentford,35-144,1989,2.0,0,0.00,0,0,0,0,0,0,0,0.00,0,0,0,0,0,0,Matches,,,,,,
319,Jayden Meghoma,eng ENG,DF,Brentford,18-229,2006,0.1,0,0.00,0,0,0,0,0,0,0,0.00,0,0,0,0,0,0,Matches,,,,,,
320,Mikel Merino,es ESP,MF,Arsenal,28-235,1996,8.5,23,2.70,19,0,0,3,1,0,3,0.35,3,0,0,0,0,0,Matches,,,,,,
321,Nikola Milenković,rs SRB,DF,Nott'ham Forest,27-123,1997,23.0,12,0.52,8,0,0,3,0,1,2,0.09,2,0,0,0,0,0,Matches,,,,,,
322,Lewis Miley,eng ENG,MF,Newcastle Utd,18-287,2006,0.4,0,0.00,0,0,0,0,0,0,0,0.00,0,0,0,0,0,0,Matches,,,,,,
323,James Milner,eng ENG,MF,Brighton,39-039,1986,1.9,8,4.26,5,2,0,0,1,0,0,0.00,0,0,0,0,0,0,Matches,,,,,,
324,Tyrone Mings,eng ENG,DF,Aston Villa,31-336,1993,5.2,9,1.73,8,0,0,0,0,1,0,0.00,0,0,0,0,0,0,Matches,,,,,,
325,Yankuba Minteh,gm GAM,"FW,MF",Brighton,20-205,2004,9.3,29,3.12,16,5,6,1,1,0,5,0.54,2,0,2,1,0,0,Matches,,,,,,
Rk,Player,Nation,Pos,Squad,Age,Born,90s,SCA,SCA90,PassLive,PassDead,TO,Sh,Fld,Def,GCA,GCA90,PassLive,PassDead,TO,Sh,Fld,Def,Matches,,,,,,
326,Tyrick Mitchell,eng ENG,DF,Crystal Palace,25-164,1999,23.2,53,2.28,48,1,0,3,1,0,4,0.17,4,0,0,0,0,0,Matches,,,,,,
327,Kaoru Mitoma,jp JPN,"FW,MF",Brighton,27-268,1997,21.0,71,3.38,59,0,4,3,4,1,8,0.38,7,0,0,0,1,0,Matches,,,,,,
328,Jakub Moder,pl POL,MF,Brighton,25-311,1999,0.1,4,32.73,4,0,0,0,0,0,0,0.00,0,0,0,0,0,0,Matches,,,,,,
329,Mikey Moore,eng ENG,"FW,MF",Tottenham,17-185,2007,2.1,10,4.86,6,2,0,1,1,0,2,0.97,1,0,0,1,0,0,Matches,,,,,,
330,Morato,br BRA,DF,Nott'ham Forest,23-227,2001,5.9,2,0.34,2,0,0,0,0,0,0,0.00,0,0,0,0,0,0,Matches,,,,,,
331,Álex Moreno,es ESP,DF,Nott'ham Forest,31-249,1993,9.0,11,1.22,10,1,0,0,0,0,2,0.22,2,0,0,0,0,0,Matches,,,,,,
332,Sam Morsy,eg EGY,MF,Ipswich Town,33-155,1991,21.1,31,1.47,28,3,0,0,0,0,1,0.05,1,0,0,0,0,0,Matches,,,,,,
333,Yerson Mosquera,co COL,DF,Wolves,23-286,2001,4.9,5,1.02,5,0,0,0,0,0,0,0.00,0,0,0,0,0,0,Matches,,,,,,
334,Mason Mount,eng ENG,"MF,FW",Manchester Utd,26-033,1999,2.7,8,2.91,5,2,0,1,0,0,0,0.00,0,0,0,0,0,0,Matches,,,,,,
335,Divin Mubama,eng ENG,FW,Manchester City,20-110,2004,0.3,0,0.00,0,0,0,0,0,0,0,0.00,0,0,0,0,0,0,Matches,,,,,,
336,Mykhailo Mudryk,ua UKR,FW,Chelsea,24-038,2001,1.7,6,3.60,4,1,0,0,1,0,0,0.00,0,0,0,0,0,0,Matches,,,,,,
337,Rodrigo Muniz,br BRA,FW,Fulham,23-284,2001,7.5,9,1.20,6,0,1,0,1,1,0,0.00,0,0,0,0,0,0,Matches,,,,,,
338,Daniel Muñoz,co COL,DF,Crystal Palace,28-262,1996,22.0,53,2.40,41,2,1,5,1,3,5,0.23,4,0,0,1,0,0,Matches,,,,,,
339,Arijanet Muric,xk KVX,GK,Ipswich Town,26-097,1998,18.0,1,0.06,0,1,0,0,0,0,0,0.00,0,0,0,0,0,0,Matches,,,,,,
340,Murillo,br BRA,DF,Nott'ham Forest,22-223,2002,22.5,28,1.24,18,5,0,2,1,2,1,0.04,1,0,0,0,0,0,Matches,,,,,,
341,Jacob Murphy,eng ENG,FW,Newcastle Utd,29-354,1995,14.9,50,3.36,39,4,2,1,2,2,9,0.60,9,0,0,0,0,0,Matches,,,,,,
342,Vitaliy Mykolenko,ua UKR,DF,Everton,25-259,1999,20.2,24,1.19,23,0,0,1,0,0,1,0.05,0,0,0,1,0,0,Matches,,,,,,
343,Iliman Ndiaye,sn SEN,FW,Everton,24-343,2000,20.6,52,2.53,40,0,7,0,5,0,4,0.19,3,0,1,0,0,0,Matches,,,,,,
344,Wilfred Ndidi,ng NGA,MF,Leicester City,28-058,1996,13.5,16,1.19,14,0,1,1,0,0,3,0.22,3,0,0,0,0,0,Matches,,,,,,
345,Kosta Nedeljković,rs SRB,DF,Aston Villa,19-058,2005,1.4,0,0.00,0,0,0,0,0,0,0,0.00,0,0,0,0,0,0,Matches,,,,,,
346,Reiss Nelson,eng ENG,FW,Arsenal,25-064,1999,0.0,0,0.00,0,0,0,0,0,0,0,0.00,0,0,0,0,0,0,Matches,,,,,,
347,Reiss Nelson,eng ENG,FW,Fulham,25-064,1999,5.4,31,5.73,21,2,3,4,0,1,1,0.18,1,0,0,0,0,0,Matches,,,,,,
348,Neto,br BRA,GK,Bournemouth,35-208,1989,2.0,0,0.00,0,0,0,0,0,0,0,0.00,0,0,0,0,0,0,Matches,,,,,,
349,Pedro Neto,pt POR,FW,Chelsea,24-340,2000,12.6,44,3.50,33,2,5,2,2,0,5,0.40,3,0,2,0,0,0,Matches,,,,,,
350,Eddie Nketiah,eng ENG,"MF,FW",Crystal Palace,25-258,1999,7.0,20,2.87,12,0,3,1,4,0,2,0.29,1,0,0,0,1,0,Matches,,,,,,
Rk,Player,Nation,Pos,Squad,Age,Born,90s,SCA,SCA90,PassLive,PassDead,TO,Sh,Fld,Def,GCA,GCA90,PassLive,PassDead,TO,Sh,Fld,Def,Matches,,,,,,
351,Christopher Nkunku,fr FRA,FW,Chelsea,27-090,1997,5.1,20,3.89,14,0,4,2,0,0,2,0.39,0,0,1,1,0,0,Matches,,,,,,
352,Matheus Nunes,pt POR,"DF,MF",Manchester City,26-169,1998,9.9,30,3.03,23,1,2,2,2,0,5,0.51,3,0,1,1,0,0,Matches,,,,,,
353,Darwin Núñez,uy URU,FW,Liverpool,25-233,1999,9.2,20,2.18,12,0,4,1,1,2,3,0.33,3,0,0,0,0,0,Matches,,,,,,
354,Ethan Nwaneri,eng ENG,"MF,FW",Arsenal,17-328,2007,3.2,8,2.47,4,2,1,1,0,0,1,0.31,1,0,0,0,0,0,Matches,,,,,,
355,Christian Nørgaard,dk DEN,MF,Brentford,30-339,1994,18.8,30,1.59,24,0,0,3,2,1,7,0.37,6,0,0,0,1,0,Matches,,,,,,
356,Jake O'Brien,ie IRL,DF,Everton,23-273,2001,3.5,3,0.87,2,0,1,0,0,0,0,0.00,0,0,0,0,0,0,Matches,,,,,,
357,Matt O'Riley,dk DEN,MF,Brighton,24-083,2000,5.2,23,4.43,15,5,0,2,0,1,2,0.39,2,0,0,0,0,0,Matches,,,,,,
358,Dara O'Shea,ie IRL,DF,Ipswich Town,25-345,1999,20.7,12,0.58,10,0,0,1,0,1,1,0.05,1,0,0,0,0,0,Matches,,,,,,
359,Wilson Odobert,fr FRA,FW,Tottenham,20-076,2004,1.8,4,2.24,3,0,0,1,0,0,0,0.00,0,0,0,0,0,0,Matches,,,,,,
360,Chiedozie Ogbene,ie IRL,FW,Ipswich Town,27-287,1997,2.6,3,1.13,2,0,0,0,1,0,0,0.00,0,0,0,0,0,0,Matches,,,,,,
361,Caleb Okoli,it ITA,DF,Leicester City,23-214,2001,9.2,2,0.22,2,0,0,0,0,0,0,0.00,0,0,0,0,0,0,Matches,,,,,,
362,Robin Olsen,se SWE,GK,Aston Villa,35-035,1990,0.5,1,2.00,0,1,0,0,0,0,0,0.00,0,0,0,0,0,0,Matches,,,,,,
363,Amadou Onana,be BEL,MF,Aston Villa,23-180,2001,12.0,17,1.42,12,1,0,4,0,0,2,0.17,1,0,0,1,0,0,Matches,,,,,,
364,André Onana,cm CMR,GK,Manchester Utd,28-316,1996,24.0,4,0.17,3,1,0,0,0,0,0,0.00,0,0,0,0,0,0,Matches,,,,,,
365,Paul Onuachu,ng NGA,FW,Southampton,30-260,1994,6.0,6,0.99,5,0,0,1,0,0,0,0.00,0,0,0,0,0,0,Matches,,,,,,
366,Frank Onyeka,ng NGA,MF,Brentford,27-042,1998,0.3,0,0.00,0,0,0,0,0,0,0,0.00,0,0,0,0,0,0,Matches,,,,,,
367,Lewis Orford,eng ENG,MF,West Ham,18-360,2006,0.5,2,3.67,2,0,0,0,0,0,0,0.00,0,0,0,0,0,0,Matches,,,,,,
368,Stefan Ortega,de GER,GK,Manchester City,32-098,1992,9.0,0,0.00,0,0,0,0,0,0,0,0.00,0,0,0,0,0,0,Matches,,,,,,
369,William Osula,dk DEN,"FW,MF",Newcastle Utd,21-192,2003,0.5,1,1.84,1,0,0,0,0,0,0,0.00,0,0,0,0,0,0,Matches,,,,,,
370,Dango Ouattara,bf BFA,FW,Bournemouth,23-001,2002,13.8,43,3.12,36,0,1,5,0,1,6,0.44,4,0,1,1,0,0,Matches,,,,,,
371,Nico O’Reilly,eng ENG,MF,Manchester City,19-328,2005,0.2,0,0.00,0,0,0,0,0,0,0,0.00,0,0,0,0,0,0,Matches,,,,,,
372,Cole Palmer,eng ENG,MF,Chelsea,22-282,2002,23.3,137,5.88,89,19,9,12,6,2,11,0.47,7,0,2,1,1,0,Matches,,,,,,
373,Emerson Palmieri,it ITA,DF,West Ham,30-193,1994,18.1,32,1.77,19,10,0,2,1,0,1,0.06,0,1,0,0,0,0,Matches,,,,,,
374,Lucas Paquetá,br BRA,"MF,FW",West Ham,27-169,1997,17.9,54,3.02,44,2,1,3,4,0,5,0.28,2,0,0,2,1,0,Matches,,,,,,
375,Thomas Partey,gh GHA,"MF,DF",Arsenal,31-244,1993,20.6,39,1.89,31,2,0,2,1,3,12,0.58,7,2,0,1,1,1,Matches,,,,,,
Rk,Player,Nation,Pos,Squad,Age,Born,90s,SCA,SCA90,PassLive,PassDead,TO,Sh,Fld,Def,GCA,GCA90,PassLive,PassDead,TO,Sh,Fld,Def,Matches,,,,,,
376,Nathan Patterson,sct SCO,"DF,FW",Everton,23-119,2001,1.4,6,4.19,4,0,2,0,0,0,0,0.00,0,0,0,0,0,0,Matches,,,,,,
377,Andreas Pereira,br BRA,MF,Fulham,29-042,1996,14.2,73,5.16,39,29,0,2,3,0,5,0.35,1,2,0,0,2,0,Matches,,,,,,
378,Ricardo Pereira,pt POR,DF,Leicester City,31-129,1993,1.6,2,1.23,2,0,0,0,0,0,0,0.00,0,0,0,0,0,0,Matches,,,,,,
379,Kalvin Phillips,eng ENG,MF,Ipswich Town,29-072,1995,9.6,12,1.26,10,1,0,1,0,0,2,0.21,2,0,0,0,0,0,Matches,,,,,,
380,Jaden Philogene Bidace,eng ENG,"FW,MF",Aston Villa,23-004,2002,3.7,5,1.36,3,0,0,0,1,1,0,0.00,0,0,0,0,0,0,Matches,,,,,,
381,Jaden Philogene Bidace,eng ENG,"FW,MF",Ipswich Town,23-004,2002,1.5,0,0.00,0,0,0,0,0,0,0,0.00,0,0,0,0,0,0,Matches,,,,,,
382,Jordan Pickford,eng ENG,GK,Everton,30-342,1994,23.0,6,0.26,6,0,0,0,0,0,1,0.04,1,0,0,0,0,0,Matches,,,,,,
383,Ethan Pinnock,jm JAM,DF,Brentford,31-259,1993,16.0,19,1.19,12,4,0,2,1,0,0,0.00,0,0,0,0,0,0,Matches,,,,,,
384,Daniel Podence,pt POR,"MF,FW",Wolves,29-114,1995,0.5,0,0.00,0,0,0,0,0,0,0,0.00,0,0,0,0,0,0,Matches,,,,,,
385,Alfie Pond,eng ENG,DF,Wolves,20-348,2004,0.0,0,0.00,0,0,0,0,0,0,0,0.00,0,0,0,0,0,0,Matches,,,,,,
386,Nick Pope,eng ENG,GK,Newcastle Utd,32-299,1992,15.0,3,0.20,3,0,0,0,0,0,0,0.00,0,0,0,0,0,0,Matches,,,,,,
387,Pedro Porro,es ESP,DF,Tottenham,25-152,1999,22.1,74,3.35,52,11,3,5,3,0,7,0.32,3,3,1,0,0,0,Matches,,,,,,
388,Jarell Quansah,eng ENG,DF,Liverpool,22-014,2003,2.5,1,0.39,1,0,0,0,0,0,0,0.00,0,0,0,0,0,0,Matches,,,,,,
389,Hákon Rafn Valdimarsson,is ISL,GK,Brentford,23-122,2001,1.6,2,1.24,2,0,0,0,0,0,0,0.00,0,0,0,0,0,0,Matches,,,,,,
390,Aaron Ramsdale,eng ENG,GK,Southampton,26-274,1998,16.0,2,0.12,2,0,0,0,0,0,0,0.00,0,0,0,0,0,0,Matches,,,,,,
391,Jacob Ramsey,eng ENG,"FW,MF",Aston Villa,23-260,2001,11.1,36,3.24,26,0,4,1,5,0,5,0.45,5,0,0,0,0,0,Matches,,,,,,
392,Marcus Rashford,eng ENG,"FW,MF",Manchester Utd,27-104,1997,10.9,29,2.67,24,1,2,2,0,0,1,0.09,1,0,0,0,0,0,Matches,,,,,,
393,David Raya,es ESP,GK,Arsenal,29-150,1995,24.0,3,0.12,2,1,0,0,0,0,0,0.00,0,0,0,0,0,0,Matches,,,,,,
394,Harrison Reed,eng ENG,MF,Fulham,30-016,1995,0.7,1,1.48,0,1,0,0,0,0,0,0.00,0,0,0,0,0,0,Matches,,,,,,
395,Remy Rees-Dottin,eng ENG,FW,Bournemouth,18-343,2006,0.0,0,0.00,0,0,0,0,0,0,0,0.00,0,0,0,0,0,0,Matches,,,,,,
396,Sergio Reguilón,es ESP,DF,Tottenham,28-058,1996,1.4,1,0.73,1,0,0,0,0,0,0,0.00,0,0,0,0,0,0,Matches,,,,,,
397,Bobby Reid,jm JAM,"FW,MF",Leicester City,32-010,1993,4.9,11,2.23,7,0,0,2,2,0,3,0.61,1,0,0,1,1,0,Matches,,,,,,
398,Chadi Riad,ma MAR,DF,Crystal Palace,21-240,2003,1.0,0,0.00,0,0,0,0,0,0,0,0.00,0,0,0,0,0,0,Matches,,,,,,
399,Declan Rice,eng ENG,MF,Arsenal,26-029,1999,19.3,69,3.57,37,21,3,2,5,1,7,0.36,4,2,0,1,0,0,Matches,,,,,,
400,Chris Richards,us USA,DF,Crystal Palace,24-321,2000,10.9,3,0.28,3,0,0,0,0,0,0,0.00,0,0,0,0,0,0,Matches,,,,,,
Rk,Player,Nation,Pos,Squad,Age,Born,90s,SCA,SCA90,PassLive,PassDead,TO,Sh,Fld,Def,GCA,GCA90,PassLive,PassDead,TO,Sh,Fld,Def,Matches,,,,,,
401,Richarlison,br BRA,FW,Tottenham,27-278,1997,3.1,8,2.57,5,0,0,2,1,0,1,0.32,1,0,0,0,0,0,Matches,,,,,,
402,Andrew Robertson,sct SCO,DF,Liverpool,30-338,1994,18.3,56,3.05,46,9,0,0,0,1,2,0.11,2,0,0,0,0,0,Matches,,,,,,
403,Antonee Robinson,us USA,DF,Fulham,27-188,1997,24.0,64,2.67,59,1,1,2,0,1,11,0.46,11,0,0,0,0,0,Matches,,,,,,
404,Rodri,es ESP,MF,Manchester City,28-235,1996,0.7,2,2.77,2,0,0,0,0,0,0,0.00,0,0,0,0,0,0,Matches,,,,,,
405,Guido Rodríguez,ar ARG,MF,West Ham,30-306,1994,11.3,10,0.88,8,0,0,2,0,0,0,0.00,0,0,0,0,0,0,Matches,,,,,,
406,Mads Roerslev,dk DEN,DF,Brentford,25-233,1999,12.2,21,1.72,18,0,1,1,1,0,2,0.16,2,0,0,0,0,0,Matches,,,,,,
407,Morgan Rogers,eng ENG,"MF,FW",Aston Villa,22-201,2002,21.1,67,3.18,50,0,7,7,3,0,9,0.43,7,0,1,0,1,0,Matches,,,,,,
408,Cristian Romero,ar ARG,DF,Tottenham,26-291,1998,10.8,16,1.48,13,0,0,3,0,0,2,0.18,2,0,0,0,0,0,Matches,,,,,,
409,Georginio Rutter,fr FRA,"FW,MF",Brighton,22-298,2002,14.1,48,3.40,26,0,6,7,7,2,4,0.28,2,0,1,1,0,0,Matches,,,,,,
410,José Sá,pt POR,GK,Wolves,32-026,1993,17.0,4,0.24,4,0,0,0,0,0,0,0.00,0,0,0,0,0,0,Matches,,,,,,
411,Bukayo Saka,eng ENG,"FW,MF",Arsenal,23-160,2001,14.1,89,6.32,52,17,9,8,3,0,21,1.49,12,5,2,1,1,0,Matches,,,,,,
412,Mohamed Salah,eg EGY,FW,Liverpool,32-242,1992,22.5,109,4.83,77,1,15,10,4,2,16,0.71,13,0,2,1,0,0,Matches,,,,,,
413,William Saliba,fr FRA,DF,Arsenal,23-325,2001,21.3,17,0.80,16,0,0,0,0,1,1,0.05,1,0,0,0,0,0,Matches,,,,,,
414,Robert Sánchez,es ESP,GK,Chelsea,27-086,1997,21.0,4,0.19,3,1,0,0,0,0,2,0.10,1,1,0,0,0,0,Matches,,,,,,
415,Jadon Sancho,eng ENG,FW,Chelsea,24-324,2000,12.4,45,3.64,41,0,2,0,2,0,9,0.73,8,0,0,0,1,0,Matches,,,,,,
416,Ibrahim Sangaré,ci CIV,MF,Nott'ham Forest,27-072,1997,2.5,4,1.63,3,0,0,1,0,0,0,0.00,0,0,0,0,0,0,Matches,,,,,,
417,Pablo Sarabia,es ESP,"MF,FW",Wolves,32-277,1992,4.7,13,2.74,9,3,1,0,0,0,2,0.42,1,0,1,0,0,0,Matches,,,,,,
418,Jeremy Sarmiento,ec ECU,MF,Brighton,22-241,2002,0.1,0,0.00,0,0,0,0,0,0,0,0.00,0,0,0,0,0,0,Matches,,,,,,
419,Ismaila Sarr,sn SEN,"MF,FW",Crystal Palace,26-353,1998,17.7,69,3.90,49,0,5,5,10,0,8,0.45,5,0,1,0,2,0,Matches,,,,,,
420,Sávio,br BRA,"FW,MF",Manchester City,20-308,2004,13.0,78,6.00,53,2,12,4,6,1,12,0.92,7,0,2,1,1,1,Matches,,,,,,
421,Oliver Scarles,eng ENG,DF,West Ham,19-062,2005,1.3,1,0.77,1,0,0,0,0,0,0,0.00,0,0,0,0,0,0,Matches,,,,,,
422,Dane Scarlett,eng ENG,FW,Tottenham,20-325,2004,0.1,0,0.00,0,0,0,0,0,0,0,0.00,0,0,0,0,0,0,Matches,,,,,,
423,Kevin Schade,de GER,FW,Brentford,23-077,2001,12.9,27,2.09,17,0,3,3,3,1,6,0.46,4,0,0,2,0,0,Matches,,,,,,
424,Fabian Schär,ch SUI,DF,Newcastle Utd,33-054,1991,18.8,18,0.96,13,0,1,0,2,2,2,0.11,2,0,0,0,0,0,Matches,,,,,,
425,Jeffrey Schlupp,gh GHA,"MF,DF",Crystal Palace,32-051,1992,1.1,7,6.06,5,0,1,1,0,0,0,0.00,0,0,0,0,0,0,Matches,,,,,,
Rk,Player,Nation,Pos,Squad,Age,Born,90s,SCA,SCA90,PassLive,PassDead,TO,Sh,Fld,Def,GCA,GCA90,PassLive,PassDead,TO,Sh,Fld,Def,Matches,,,,,,
426,Alex Scott,eng ENG,MF,Bournemouth,21-175,2003,2.9,11,3.75,8,0,0,0,1,2,0,0.00,0,0,0,0,0,0,Matches,,,,,,
427,Matz Sels,be BEL,GK,Nott'ham Forest,32-352,1992,24.0,4,0.17,1,3,0,0,0,0,0,0.00,0,0,0,0,0,0,Matches,,,,,,
428,Nélson Semedo,pt POR,DF,Wolves,31-088,1993,18.9,36,1.91,27,1,4,0,2,2,5,0.27,5,0,0,0,0,0,Matches,,,,,,
429,Antoine Semenyo,gh GHA,FW,Bournemouth,25-036,2000,22.4,81,3.62,53,1,12,10,4,1,8,0.36,5,0,1,0,2,0,Matches,,,,,,
430,Marcos Senesi,ar ARG,DF,Bournemouth,27-278,1997,10.2,16,1.57,16,0,0,0,0,0,1,0.10,1,0,0,0,0,0,Matches,,,,,,
431,Ryan Sessegnon,eng ENG,"MF,FW",Fulham,24-270,2000,0.2,0,0.00,0,0,0,0,0,0,0,0.00,0,0,0,0,0,0,Matches,,,,,,
432,Luke Shaw,eng ENG,DF,Manchester Utd,29-215,1995,0.8,0,0.00,0,0,0,0,0,0,0,0.00,0,0,0,0,0,0,Matches,,,,,,
433,Zain Silcott-Duberry,ms MSR,FW,Bournemouth,19-218,2005,0.0,0,0.00,0,0,0,0,0,0,0,0.00,0,0,0,0,0,0,Matches,,,,,,
434,Bernardo Silva,pt POR,"MF,FW",Manchester City,30-186,1994,21.3,69,3.24,63,1,4,0,1,0,7,0.33,7,0,0,0,0,0,Matches,,,,,,
435,Jota Silva,pt POR,"FW,MF",Nott'ham Forest,25-195,1999,7.9,27,3.43,20,0,1,3,3,0,3,0.38,2,0,0,0,1,0,Matches,,,,,,
436,Eric da Silva Moreira,de GER,"MF,DF",Nott'ham Forest,18-285,2006,0.3,0,0.00,0,0,0,0,0,0,0,0.00,0,0,0,0,0,0,Matches,,,,,,
437,Jahmai Simpson-Pusey,eng ENG,DF,Manchester City,19-100,2005,1.1,0,0.00,0,0,0,0,0,0,0,0.00,0,0,0,0,0,0,Matches,,,,,,
438,Luis Sinisterra,co COL,"FW,MF",Bournemouth,25-240,1999,2.3,13,5.57,10,0,1,2,0,0,1,0.43,1,0,0,0,0,0,Matches,,,,,,
439,Oliver Skipp,eng ENG,MF,Leicester City,24-149,2000,8.5,10,1.18,8,1,0,0,1,0,0,0.00,0,0,0,0,0,0,Matches,,,,,,
440,William Smallbone,ie IRL,MF,Southampton,24-357,2000,3.6,9,2.52,7,1,0,1,0,0,0,0.00,0,0,0,0,0,0,Matches,,,,,,
441,Adam Smith,eng ENG,DF,Bournemouth,33-289,1991,11.5,12,1.04,8,1,1,0,1,1,1,0.09,0,0,0,0,1,0,Matches,,,,,,
442,Emile Smith Rowe,eng ENG,MF,Fulham,24-199,2000,15.9,55,3.45,42,0,3,6,1,3,11,0.69,9,0,1,0,0,1,Matches,,,,,,
443,Dominic Solanke,eng ENG,FW,Tottenham,27-151,1997,17.8,33,1.86,22,0,0,8,2,1,7,0.39,5,0,0,1,1,0,Matches,,,,,,
444,Carlos Soler,es ESP,"MF,FW",West Ham,28-041,1997,11.0,40,3.64,24,7,2,4,2,1,2,0.18,2,0,0,0,0,0,Matches,,,,,,
445,Ramón Sosa,py PAR,"FW,MF",Nott'ham Forest,25-165,1999,2.7,12,4.46,9,0,2,1,0,0,0,0.00,0,0,0,0,0,0,Matches,,,,,,
446,Tomáš Souček,cz CZE,MF,West Ham,29-351,1995,18.9,38,2.01,30,0,0,5,2,1,3,0.16,2,0,0,0,1,0,Matches,,,,,,
447,Boubakary Soumaré,fr FRA,MF,Leicester City,25-351,1999,13.3,25,1.88,19,0,3,1,2,0,3,0.23,3,0,0,0,0,0,Matches,,,,,,
448,Djed Spence,eng ENG,DF,Tottenham,24-187,2000,7.6,12,1.59,9,0,2,1,0,0,3,0.40,2,0,1,0,0,0,Matches,,,,,,
449,Jay Stansfield,eng ENG,MF,Fulham,22-080,2002,0.0,0,0.00,0,0,0,0,0,0,0,0.00,0,0,0,0,0,0,Matches,,,,,,
450,Jason Steele,eng ENG,GK,Brighton,34-178,1990,2.0,0,0.00,0,0,0,0,0,0,0,0.00,0,0,0,0,0,0,Matches,,,,,,
Rk,Player,Nation,Pos,Squad,Age,Born,90s,SCA,SCA90,PassLive,PassDead,TO,Sh,Fld,Def,GCA,GCA90,PassLive,PassDead,TO,Sh,Fld,Def,Matches,,,,,,
451,Jack Stephens,eng ENG,DF,Southampton,31-016,1994,8.9,10,1.12,10,0,0,0,0,0,0,0.00,0,0,0,0,0,0,Matches,,,,,,
452,Raheem Sterling,eng ENG,"FW,MF",Arsenal,30-066,1994,2.4,9,3.72,6,0,2,1,0,0,1,0.41,1,0,0,0,0,0,Matches,,,,,,
453,Ross Stewart,sct SCO,"FW,MF",Southampton,28-216,1996,1.5,2,1.36,1,0,0,1,0,0,0,0.00,0,0,0,0,0,0,Matches,,,,,,
454,Jakub Stolarczyk,pl POL,GK,Leicester City,24-055,2000,6.0,0,0.00,0,0,0,0,0,0,0,0.00,0,0,0,0,0,0,Matches,,,,,,
455,John Stones,eng ENG,"DF,MF",Manchester City,30-260,1994,5.1,8,1.57,8,0,0,0,0,0,2,0.39,2,0,0,0,0,0,Matches,,,,,,
456,Jørgen Strand Larsen,no NOR,FW,Wolves,25-006,2000,20.4,26,1.28,21,1,0,2,2,0,3,0.15,3,0,0,0,0,0,Matches,,,,,,
457,Yukinari Sugawara,jp JPN,DF,Southampton,24-229,2000,13.0,36,2.78,28,5,1,2,0,0,1,0.08,1,0,0,0,0,0,Matches,,,,,,
458,Kamaldeen Sulemana,gh GHA,"FW,MF",Southampton,22-363,2002,3.4,10,2.94,3,1,5,1,0,0,2,0.59,0,0,1,1,0,0,Matches,,,,,,
459,Crysencio Summerville,nl NED,"FW,MF",West Ham,23-105,2001,8.7,35,4.01,21,3,5,0,5,1,1,0.11,1,0,0,0,0,0,Matches,,,,,,
460,Sammie Szmodics,ie IRL,"FW,MF",Ipswich Town,29-141,1995,10.9,9,0.83,7,0,1,1,0,0,0,0.00,0,0,0,0,0,0,Matches,,,,,,
461,Dominik Szoboszlai,hu HUN,MF,Liverpool,24-110,2000,16.2,78,4.82,61,4,3,8,1,1,11,0.68,8,0,0,3,0,0,Matches,,,,,,
462,Matt Targett,eng ENG,DF,Newcastle Utd,29-147,1995,0.1,0,0.00,0,0,0,0,0,0,0,0.00,0,0,0,0,0,0,Matches,,,,,,
463,James Tarkowski,eng ENG,DF,Everton,32-085,1992,22.9,29,1.27,24,2,0,3,0,0,3,0.13,3,0,0,0,0,0,Matches,,,,,,
464,Marcus Tavernier,eng ENG,"FW,MF",Bournemouth,25-327,1999,13.1,66,5.05,45,10,3,4,4,0,10,0.77,5,3,0,1,1,0,Matches,,,,,,
465,Charlie Taylor,eng ENG,DF,Southampton,31-147,1993,3.0,2,0.68,2,0,0,0,0,0,1,0.34,1,0,0,0,0,0,Matches,,,,,,
466,Jack Taylor,ie IRL,MF,Ipswich Town,26-234,1998,4.6,17,3.66,12,1,1,2,0,1,1,0.22,1,0,0,0,0,0,Matches,,,,,,
467,Kenny Tete,nl NED,DF,Fulham,29-126,1995,14.0,23,1.64,16,0,2,3,2,0,3,0.21,3,0,0,0,0,0,Matches,,,,,,
468,Thiago,br BRA,FW,Brentford,23-231,2001,1.5,2,1.36,1,0,0,0,0,1,0,0.00,0,0,0,0,0,0,Matches,,,,,,
469,Luke Thomas,eng ENG,DF,Leicester City,23-247,2001,2.0,1,0.50,1,0,0,0,0,0,0,0.00,0,0,0,0,0,0,Matches,,,,,,
470,Youri Tielemans,be BEL,MF,Aston Villa,27-281,1997,22.7,78,3.44,46,26,2,2,1,1,7,0.31,4,3,0,0,0,0,Matches,,,,,,
471,Kieran Tierney,sct SCO,"FW,DF",Arsenal,27-252,1997,0.2,1,5.00,1,0,0,0,0,0,0,0.00,0,0,0,0,0,0,Matches,,,,,,
472,Jurriën Timber,nl NED,DF,Arsenal,23-240,2001,19.5,39,2.00,34,1,2,0,1,1,4,0.21,4,0,0,0,0,0,Matches,,,,,,
473,Jean-Clair Todibo,fr FRA,DF,West Ham,25-044,1999,9.6,4,0.42,3,0,0,0,0,1,0,0.00,0,0,0,0,0,0,Matches,,,,,,
474,Harry Toffolo,eng ENG,DF,Nott'ham Forest,29-177,1995,0.5,0,0.00,0,0,0,0,0,0,0,0.00,0,0,0,0,0,0,Matches,,,,,,
475,Takehiro Tomiyasu,jp JPN,DF,Arsenal,26-099,1998,0.1,1,12.86,1,0,0,0,0,0,0,0.00,0,0,0,0,0,0,Matches,,,,,,
Rk,Player,Nation,Pos,Squad,Age,Born,90s,SCA,SCA90,PassLive,PassDead,TO,Sh,Fld,Def,GCA,GCA90,PassLive,PassDead,TO,Sh,Fld,Def,Matches,,,,,,
476,Sandro Tonali,it ITA,MF,Newcastle Utd,24-280,2000,16.2,39,2.40,26,1,2,3,4,3,5,0.31,5,0,0,0,0,0,Matches,,,,,,
477,Pau Torres,es ESP,DF,Aston Villa,28-027,1997,17.2,11,0.64,8,0,0,3,0,0,2,0.12,1,0,0,1,0,0,Matches,,,,,,
478,Conor Townsend,eng ENG,"DF,MF",Ipswich Town,31-345,1993,0.5,1,1.96,1,0,0,0,0,0,0,0.00,0,0,0,0,0,0,Matches,,,,,,
479,Adama Traoré,es ESP,FW,Fulham,29-018,1996,12.6,53,4.21,43,0,5,3,0,2,4,0.32,4,0,0,0,0,0,Matches,,,,,,
480,Mark Travers,ie IRL,GK,Bournemouth,25-270,1999,5.0,0,0.00,0,0,0,0,0,0,0,0.00,0,0,0,0,0,0,Matches,,,,,,
481,Ryan Trevitt,eng ENG,MF,Brentford,21-337,2003,0.0,0,0.00,0,0,0,0,0,0,0,0.00,0,0,0,0,0,0,Matches,,,,,,
482,Kieran Trippier,eng ENG,DF,Newcastle Utd,34-146,1990,6.0,21,3.49,13,7,0,1,0,0,0,0.00,0,0,0,0,0,0,Matches,,,,,,
483,Leandro Trossard,be BEL,FW,Arsenal,30-070,1994,16.1,56,3.48,45,1,3,4,2,1,5,0.31,5,0,0,0,0,0,Matches,,,,,,
484,Kostas Tsimikas,gr GRE,DF,Liverpool,28-276,1996,3.8,13,3.40,8,5,0,0,0,0,2,0.52,1,1,0,0,0,0,Matches,,,,,,
485,Axel Tuanzebe,cd COD,DF,Ipswich Town,27-090,1997,10.9,8,0.74,6,1,0,0,1,0,0,0.00,0,0,0,0,0,0,Matches,,,,,,
486,Destiny Udogie,it ITA,DF,Tottenham,22-076,2002,15.9,28,1.76,25,0,0,1,0,2,3,0.19,2,0,0,0,0,1,Matches,,,,,,
487,Manuel Ugarte Ribeiro,uy URU,MF,Manchester Utd,23-307,2001,12.0,20,1.67,15,0,0,1,2,2,0,0.00,0,0,0,0,0,0,Matches,,,,,,
488,Lesley Ugochukwu,fr FRA,MF,Southampton,20-323,2004,8.3,12,1.45,8,0,1,1,2,0,1,0.12,0,0,0,1,0,0,Matches,,,,,,
489,Enes Ünal,tr TUR,"FW,MF",Bournemouth,27-278,1997,3.8,9,2.35,6,0,0,2,1,0,3,0.78,2,0,0,0,1,0,Matches,,,,,,
490,Virgil van Dijk,nl NED,DF,Liverpool,33-219,1991,23.0,27,1.17,22,0,1,1,1,2,4,0.17,4,0,0,0,0,0,Matches,,,,,,
491,Jamie Vardy,eng ENG,FW,Leicester City,38-032,1987,19.7,29,1.47,21,0,3,2,3,0,9,0.46,4,0,2,1,2,0,Matches,,,,,,
492,Renato Veiga,pt POR,"DF,MF",Chelsea,21-198,2003,2.0,1,0.49,0,0,0,1,0,0,0,0.00,0,0,0,0,0,0,Matches,,,,,,
493,Joël Veltman,nl NED,DF,Brighton,33-028,1992,17.3,22,1.27,15,2,2,1,2,0,1,0.06,0,1,0,0,0,0,Matches,,,,,,
494,Micky van de Ven,nl NED,DF,Tottenham,23-299,2001,8.8,9,1.03,6,0,0,2,1,0,2,0.23,2,0,0,0,0,0,Matches,,,,,,
495,Bart Verbruggen,nl NED,GK,Brighton,22-178,2002,22.0,2,0.09,2,0,0,0,0,0,0,0.00,0,0,0,0,0,0,Matches,,,,,,
496,Jannik Vestergaard,dk DEN,DF,Leicester City,32-193,1992,14.0,6,0.43,5,0,0,0,0,1,0,0.00,0,0,0,0,0,0,Matches,,,,,,
497,Guglielmo Vicario,it ITA,GK,Tottenham,28-128,1996,12.0,3,0.25,3,0,0,0,0,0,0,0.00,0,0,0,0,0,0,Matches,,,,,,
498,Carlos Vinícius,br BRA,MF,Fulham,29-324,1995,0.0,1,22.50,0,0,1,0,0,0,0,0.00,0,0,0,0,0,0,Matches,,,,,,
499,Kyle Walker,eng ENG,DF,Manchester City,34-260,1990,10.8,17,1.58,17,0,0,0,0,0,0,0.00,0,0,0,0,0,0,Matches,,,,,,
500,Kyle Walker-Peters,eng ENG,DF,Southampton,27-305,1997,21.8,40,1.84,25,2,6,3,2,2,6,0.28,5,0,1,0,0,0,Matches,,,,,,
Rk,Player,Nation,Pos,Squad,Age,Born,90s,SCA,SCA90,PassLive,PassDead,TO,Sh,Fld,Def,GCA,GCA90,PassLive,PassDead,TO,Sh,Fld,Def,Matches,,,,,,
501,Christian Walton,eng ENG,GK,Ipswich Town,29-095,1995,6.0,2,0.33,1,1,0,0,0,0,0,0.00,0,0,0,0,0,0,Matches,,,,,,
502,Aaron Wan-Bissaka,eng ENG,DF,West Ham,27-078,1997,22.0,60,2.72,48,3,5,2,0,2,4,0.18,3,0,0,1,0,0,Matches,,,,,,
503,Danny Ward,wls WAL,GK,Leicester City,31-235,1993,1.5,0,0.00,0,0,0,0,0,0,0,0.00,0,0,0,0,0,0,Matches,,,,,,
504,James Ward-Prowse,eng ENG,MF,West Ham,30-103,1994,0.2,0,0.00,0,0,0,0,0,0,0,0.00,0,0,0,0,0,0,Matches,,,,,,
505,James Ward-Prowse,eng ENG,MF,Nott'ham Forest,30-103,1994,4.4,10,2.25,6,4,0,0,0,0,2,0.45,1,1,0,0,0,0,Matches,,,,,,
506,Ollie Watkins,eng ENG,FW,Aston Villa,29-044,1995,18.2,39,2.14,25,0,3,6,5,0,8,0.44,4,0,1,1,2,0,Matches,,,,,,
507,Adam Webster,eng ENG,DF,Brighton,30-039,1995,1.9,1,0.54,1,0,0,0,0,0,0,0.00,0,0,0,0,0,0,Matches,,,,,,
508,Danny Welbeck,eng ENG,FW,Brighton,34-078,1990,15.1,34,2.26,23,1,3,1,6,0,4,0.27,4,0,0,0,0,0,Matches,,,,,,
509,Welington,br BRA,DF,Southampton,23-359,2001,0.9,3,3.38,3,0,0,0,0,0,0,0.00,0,0,0,0,0,0,Matches,,,,,,
510,Timo Werner,de GER,"FW,MF",Tottenham,28-343,1996,5.6,18,3.18,14,0,2,1,1,0,3,0.53,3,0,0,0,0,0,Matches,,,,,,
511,Adam Wharton,eng ENG,MF,Crystal Palace,20-255,2004,6.9,26,3.75,20,4,0,1,0,1,1,0.14,1,0,0,0,0,0,Matches,,,,,,
512,Ben White,eng ENG,DF,Arsenal,27-127,1997,7.7,8,1.04,8,0,0,0,0,0,1,0.13,1,0,0,0,0,0,Matches,,,,,,
513,Mats Wieffer,nl NED,MF,Brighton,25-088,1999,5.2,13,2.48,13,0,0,0,0,0,2,0.38,2,0,0,0,0,0,Matches,,,,,,
514,Neco Williams,wls WAL,DF,Nott'ham Forest,23-305,2001,14.8,25,1.69,18,2,0,4,1,0,3,0.20,2,1,0,0,0,0,Matches,,,,,,
515,Joe Willock,eng ENG,"MF,FW",Newcastle Utd,25-176,1999,6.9,29,4.18,24,0,2,2,1,0,2,0.29,2,0,0,0,0,0,Matches,,,,,,
516,Callum Wilson,eng ENG,"FW,MF",Newcastle Utd,32-351,1992,0.7,1,1.48,0,0,0,0,1,0,0,0.00,0,0,0,0,0,0,Matches,,,,,,
517,Harry Wilson,wls WAL,"FW,MF",Fulham,27-327,1997,9.3,30,3.22,21,6,0,1,2,0,3,0.32,2,0,0,0,1,0,Matches,,,,,,
518,Harry Winks,eng ENG,MF,Leicester City,29-010,1996,16.2,35,2.16,27,7,0,1,0,0,3,0.19,2,1,0,0,0,0,Matches,,,,,,
519,Ben Winterburn,eng ENG,MF,Bournemouth,20-161,2004,0.1,0,0.00,0,0,0,0,0,0,0,0.00,0,0,0,0,0,0,Matches,,,,,,
520,Yoane Wissa,cd COD,FW,Brentford,28-162,1996,18.5,40,2.17,27,0,3,4,5,1,6,0.33,6,0,0,0,0,0,Matches,,,,,,
521,Chris Wood,nz NZL,FW,Nott'ham Forest,33-067,1991,21.3,29,1.36,22,0,2,3,0,2,4,0.19,3,0,0,0,0,1,Matches,,,,,,
522,Nathan Wood-Gordon,eng ENG,DF,Southampton,22-257,2002,6.4,3,0.47,3,0,0,0,0,0,0,0.00,0,0,0,0,0,0,Matches,,,,,,
523,Luke Woolfenden,eng ENG,DF,Ipswich Town,26-114,1998,8.2,0,0.00,0,0,0,0,0,0,0,0.00,0,0,0,0,0,0,Matches,,,,,,
524,Yehor Yarmoliuk,ua UKR,"MF,FW",Brentford,20-348,2004,6.9,11,1.59,10,0,1,0,0,0,2,0.29,2,0,0,0,0,0,Matches,,,,,,
525,Ryan Yates,eng ENG,MF,Nott'ham Forest,27-083,1997,16.2,28,1.73,20,0,0,6,1,1,2,0.12,1,0,0,1,0,0,Matches,,,,,,
Rk,Player,Nation,Pos,Squad,Age,Born,90s,SCA,SCA90,PassLive,PassDead,TO,Sh,Fld,Def,GCA,GCA90,PassLive,PassDead,TO,Sh,Fld,Def,Matches,,,,,,
526,Leny Yoro,fr FRA,DF,Manchester Utd,19-091,2005,6.1,3,0.50,1,0,0,2,0,0,0,0.00,0,0,0,0,0,0,Matches,,,,,,
527,Ashley Young,eng ENG,DF,Everton,39-218,1985,16.5,34,2.06,26,6,0,0,1,1,5,0.30,4,0,0,0,0,1,Matches,,,,,,
528,Illia Zabarnyi,ua UKR,DF,Bournemouth,22-164,2002,24.0,26,1.08,23,1,0,0,0,2,0,0.00,0,0,0,0,0,0,Matches,,,,,,
529,Oleksandr Zinchenko,ua UKR,"DF,MF",Arsenal,28-059,1996,2.7,6,2.22,5,0,0,1,0,0,1,0.37,1,0,0,0,0,0,Matches,,,,,,
530,Joshua Zirkzee,nl NED,"FW,MF",Manchester Utd,23-266,2001,9.8,24,2.45,22,0,0,1,1,0,3,0.31,1,0,0,1,1,0,Matches,,,,,,
531,Martin Ødegaard,no NOR,MF,Arsenal,26-057,1998,14.3,66,4.64,56,6,2,2,0,0,9,0.63,9,0,0,0,0,0,Matches,,,,,,
