,Playing Time,Performance,Expected,Progression,Per 90 Minutes,,Rk,Player,Nation,Pos,Squad,Age,Born,MP,Starts,Min,90s,Gls,Ast,G+A,G-PK,PK,PKatt,CrdY,CrdR,xG,npxG,xAG,npxG+xAG,PrgC,PrgP,PrgR,Gls,Ast,G+A,G-PK,G+A-PK,xG,xAG,xG+xAG,npxG,npxG+xAG,Matches
1,Max Aarons,eng ENG,DF,Bournemouth,25-022,2000,3,1,86,1.0,0,0,0,0,0,0,0,0,0.0,0.0,0.0,0.0,1,8,3,0.00,0.00,0.00,0.00,0.00,0.00,0.00,0.00,0.00,0.00,Matches,,,,,,,
2,Joshua Acheampong,eng ENG,DF,Chelsea,18-266,2006,2,2,160,1.8,0,0,0,0,0,0,0,0,0.2,0.2,0.0,0.2,0,7,0,0.00,0.00,0.00,0.00,0.00,0.12,0.00,0.12,0.12,0.12,Matches,,,,,,,
3,Tyler Adams,us USA,MF,Bournemouth,25-347,1999,13,8,776,8.6,0,3,3,0,0,0,4,0,1.1,1.1,0.7,1.8,5,35,2,0.00,0.35,0.35,0.00,0.35,0.12,0.08,0.21,0.12,0.21,Matches,,,,,,,
4,Tosin Adarabioyo,eng ENG,DF,Chelsea,27-124,1997,11,8,733,8.1,1,0,1,1,0,0,2,0,0.6,0.6,0.0,0.6,1,20,1,0.12,0.00,0.12,0.12,0.12,0.07,0.00,0.07,0.07,0.07,Matches,,,,,,,
5,Simon Adingra,ci CIV,"FW,MF",Brighton,23-025,2002,15,6,553,6.1,2,1,3,2,0,0,0,0,1.4,1.4,0.9,2.3,20,8,72,0.33,0.16,0.49,0.33,0.49,0.23,0.15,0.38,0.23,0.38,Matches,,,,,,,
6,Emmanuel Agbadou,ci CIV,DF,Wolves,27-223,1997,3,3,270,3.0,0,0,0,0,0,0,1,0,0.0,0.0,0.0,0.0,1,5,0,0.00,0.00,0.00,0.00,0.00,0.01,0.00,0.01,0.01,0.01,Matches,,,,,,,
7,Asher Agbinone,eng ENG,MF,Crystal Palace,19-120,2005,2,0,6,0.1,0,0,0,0,0,0,0,0,0.0,0.0,0.0,0.1,2,0,1,0.00,0.00,0.00,0.00,0.00,0.29,0.50,0.79,0.29,0.79,Matches,,,,,,,
8,Ola Aina,ng NGA,DF,Nott'ham Forest,28-110,1996,23,23,"1,991",22.1,2,1,3,2,0,0,2,0,0.6,0.6,0.6,1.1,45,78,40,0.09,0.05,0.14,0.09,0.14,0.03,0.03,0.05,0.03,0.05,Matches,,,,,,,
9,Rayan Aït-Nouri,dz ALG,DF,Wolves,23-234,2001,22,22,"1,881",20.9,3,5,8,3,0,0,6,1,1.5,1.5,2.3,3.8,52,73,102,0.14,0.24,0.38,0.14,0.38,0.07,0.11,0.18,0.07,0.18,Matches,,,,,,,
10,Kristoffer Ajer,no NOR,DF,Brentford,26-284,1998,10,9,717,8.0,0,0,0,0,0,0,3,0,0.5,0.5,0.7,1.2,15,27,16,0.00,0.00,0.00,0.00,0.00,0.06,0.09,0.15,0.06,0.15,Matches,,,,,,,
11,Manuel Akanji,ch SUI,DF,Manchester City,29-191,1995,19,19,"1,617",18.0,0,0,0,0,0,0,3,0,0.5,0.5,0.4,0.9,36,126,6,0.00,0.00,0.00,0.00,0.00,0.03,0.02,0.05,0.03,0.05,Matches,,,,,,,
12,Nathan Aké,nl NED,DF,Manchester City,29-343,1995,9,7,602,6.7,0,0,0,0,0,0,0,0,0.2,0.2,0.0,0.2,11,39,2,0.00,0.00,0.00,0.00,0.00,0.03,0.00,0.03,0.03,0.03,Matches,,,,,,,
13,Carlos Alcaraz,ar ARG,MF,Southampton,22-057,2002,1,0,10,0.1,0,0,0,0,0,0,0,0,0.1,0.1,0.1,0.2,4,6,1,0.00,0.00,0.00,0.00,0.00,0.62,0.86,1.48,0.62,1.48,Matches,,,,,,,
14,Trent Alexander-Arnold,eng ENG,DF,Liverpool,26-111,1998,21,20,"1,665",18.5,1,6,7,1,0,0,4,0,1.0,1.0,6.3,7.4,40,155,75,0.05,0.32,0.38,0.05,0.38,0.05,0.34,0.40,0.05,0.40,Matches,,,,,,,
15,Alisson,br BRA,GK,Liverpool,32-116,1992,14,14,"1,248",13.9,0,0,0,0,0,0,0,0,0.0,0.0,0.6,0.6,0,0,0,0.00,0.00,0.00,0.00,0.00,0.00,0.04,0.04,0.00,0.04,Matches,,,,,,,
16,Miguel Almirón,py PAR,FW,Newcastle Utd,30-351,1994,9,1,157,1.7,0,0,0,0,0,0,0,0,0.5,0.5,0.2,0.8,3,6,18,0.00,0.00,0.00,0.00,0.00,0.30,0.14,0.44,0.30,0.44,Matches,,,,,,,
17,Edson Álvarez,mx MEX,MF,West Ham,27-094,1997,18,13,"1,141",12.7,0,0,0,0,0,0,7,1,0.2,0.2,0.6,0.8,14,50,13,0.00,0.00,0.00,0.00,0.00,0.02,0.05,0.06,0.02,0.06,Matches,,,,,,,
18,Will Alves,eng ENG,FW,Leicester City,19-358,2005,1,0,1,0.0,0,0,0,0,0,0,0,0,0.0,0.0,0.0,0.0,0,0,1,0.00,0.00,0.00,0.00,0.00,0.00,0.00,0.00,0.00,0.00,Matches,,,,,,,
19,Samuel Amo-Ameyaw,eng ENG,"FW,DF",Southampton,18-192,2006,2,0,28,0.3,0,0,0,0,0,0,1,0,0.0,0.0,0.1,0.1,1,0,3,0.00,0.00,0.00,0.00,0.00,0.07,0.22,0.29,0.07,0.29,Matches,,,,,,,
20,Joachim Andersen,dk DEN,DF,Crystal Palace,28-240,1996,1,1,90,1.0,0,0,0,0,0,0,1,0,0.0,0.0,0.0,0.0,1,4,1,0.00,0.00,0.00,0.00,0.00,0.04,0.00,0.04,0.04,0.04,Matches,,,,,,,
21,Joachim Andersen,dk DEN,DF,Fulham,28-240,1996,13,13,"1,143",12.7,0,0,0,0,0,0,2,1,0.2,0.2,0.2,0.5,6,52,1,0.00,0.00,0.00,0.00,0.00,0.02,0.02,0.04,0.02,0.04,Matches,,,,,,,
22,Elliot Anderson,eng ENG,MF,Nott'ham Forest,22-081,2002,22,18,"1,471",16.3,1,5,6,1,0,0,5,0,1.1,1.1,2.8,3.9,33,72,57,0.06,0.31,0.37,0.06,0.37,0.07,0.17,0.24,0.07,0.24,Matches,,,,,,,
23,André,br BRA,MF,Wolves,23-194,2001,18,16,"1,222",13.6,0,0,0,0,0,0,3,0,0.1,0.1,0.5,0.6,5,46,4,0.00,0.00,0.00,0.00,0.00,0.01,0.04,0.04,0.01,0.04,Matches,,,,,,,
24,Michail Antonio,jm JAM,FW,West Ham,34-304,1990,14,11,836,9.3,1,1,2,1,0,0,1,0,2.2,2.2,1.6,3.8,29,18,59,0.11,0.11,0.22,0.11,0.22,0.24,0.17,0.41,0.24,0.41,Matches,,,,,,,
25,Antony,br BRA,"DF,MF",Manchester Utd,24-337,2000,8,0,141,1.6,0,0,0,0,0,0,0,0,1.0,1.0,0.1,1.1,5,6,7,0.00,0.00,0.00,0.00,0.00,0.65,0.08,0.73,0.65,0.73,Matches,,,,,,,
Rk,Player,Nation,Pos,Squad,Age,Born,MP,Starts,Min,90s,Gls,Ast,G+A,G-PK,PK,PKatt,CrdY,CrdR,xG,npxG,xAG,npxG+xAG,PrgC,PrgP,PrgR,Gls,Ast,G+A,G-PK,G+A-PK,xG,xAG,xG+xAG,npxG,npxG+xAG,Matches,,,,,,,
26,Julian Araujo,mx MEX,DF,Bournemouth,23-166,2001,8,5,355,3.9,0,0,0,0,0,0,1,0,0.0,0.0,0.0,0.0,2,14,11,0.00,0.00,0.00,0.00,0.00,0.00,0.00,0.00,0.00,0.00,Matches,,,,,,,
27,Cameron Archer,eng ENG,FW,Southampton,23-189,2001,21,10,"1,047",11.6,2,0,2,2,0,1,0,0,4.4,3.6,0.3,4.0,14,11,46,0.17,0.00,0.17,0.17,0.17,0.38,0.03,0.41,0.31,0.34,Matches,,,,,,,
28,Alphonse Areola,fr FRA,GK,West Ham,31-334,1993,11,10,910,10.1,0,0,0,0,0,0,0,0,0.0,0.0,0.0,0.0,0,0,0,0.00,0.00,0.00,0.00,0.00,0.00,0.00,0.00,0.00,0.00,Matches,,,,,,,
29,Joe Aribo,ng NGA,MF,Southampton,28-189,1996,22,14,"1,375",15.3,2,0,2,2,0,0,1,0,2.3,2.3,1.5,3.8,29,53,53,0.13,0.00,0.13,0.13,0.13,0.15,0.10,0.25,0.15,0.25,Matches,,,,,,,
30,Adam Armstrong,eng ENG,"FW,MF",Southampton,27-351,1997,20,15,"1,248",13.9,2,2,4,2,0,1,4,0,3.3,2.3,1.2,3.5,25,21,79,0.14,0.14,0.29,0.14,0.29,0.24,0.09,0.32,0.17,0.25,Matches,,,,,,,
31,Harrison Armstrong,eng ENG,MF,Everton,18-007,2007,3,0,48,0.5,0,0,0,0,0,0,1,0,0.4,0.4,0.1,0.4,1,1,0,0.00,0.00,0.00,0.00,0.00,0.69,0.14,0.82,0.69,0.82,Matches,,,,,,,
32,Kepa Arrizabalaga,es ESP,GK,Bournemouth,30-115,1994,16,16,"1,440",16.0,0,0,0,0,0,0,2,0,0.0,0.0,0.0,0.0,0,0,0,0.00,0.00,0.00,0.00,0.00,0.00,0.00,0.00,0.00,0.00,Matches,,,,,,,
33,Brandon Austin,eng ENG,GK,Tottenham,26-018,1999,1,1,90,1.0,0,0,0,0,0,0,0,0,0.0,0.0,0.0,0.0,0,0,0,0.00,0.00,0.00,0.00,0.00,0.00,0.00,0.00,0.00,0.00,Matches,,,,,,,
34,Taiwo Awoniyi,ng NGA,FW,Nott'ham Forest,27-167,1997,18,2,248,2.8,1,0,1,1,0,0,0,0,1.7,1.7,0.1,1.8,5,4,13,0.36,0.00,0.36,0.36,0.36,0.60,0.04,0.64,0.60,0.64,Matches,,,,,,,
35,Yasin Ayari,se SWE,MF,Brighton,21-112,2003,20,14,"1,267",14.1,0,0,0,0,0,0,3,0,1.4,1.4,1.2,2.6,19,45,50,0.00,0.00,0.00,0.00,0.00,0.10,0.08,0.18,0.10,0.18,Matches,,,,,,,
36,Jordan Ayew,gh GHA,"FW,MF",Crystal Palace,33-137,1991,1,0,21,0.2,0,0,0,0,0,0,1,0,0.5,0.5,0.0,0.5,0,0,1,0.00,0.00,0.00,0.00,0.00,1.96,0.21,2.17,1.96,2.17,Matches,,,,,,,
37,Jordan Ayew,gh GHA,"FW,MF",Leicester City,33-137,1991,19,11,994,11.0,4,0,4,3,1,1,4,0,2.6,1.9,0.5,2.3,21,20,49,0.36,0.00,0.36,0.27,0.27,0.24,0.04,0.28,0.17,0.21,Matches,,,,,,,
38,Benoît Badiashile,fr FRA,DF,Chelsea,23-306,2001,4,2,249,2.8,0,0,0,0,0,0,0,0,0.0,0.0,0.0,0.0,3,16,2,0.00,0.00,0.00,0.00,0.00,0.00,0.00,0.00,0.00,0.00,Matches,,,,,,,
39,Leon Bailey,jm JAM,"FW,MF",Aston Villa,27-170,1997,18,12,925,10.3,1,2,3,1,0,0,2,0,1.3,1.3,1.5,2.7,45,29,90,0.10,0.19,0.29,0.10,0.29,0.12,0.14,0.27,0.12,0.27,Matches,,,,,,,
40,Carlos Baleba,cm CMR,MF,Brighton,21-023,2004,20,18,"1,520",16.9,2,1,3,2,0,0,7,1,1.3,1.3,0.7,2.0,27,76,17,0.12,0.06,0.18,0.12,0.18,0.08,0.04,0.12,0.08,0.12,Matches,,,,,,,
41,Ross Barkley,eng ENG,MF,Aston Villa,31-052,1993,16,3,554,6.2,3,1,4,3,0,0,3,0,1.7,1.7,0.6,2.3,14,32,8,0.49,0.16,0.65,0.49,0.65,0.27,0.09,0.37,0.27,0.37,Matches,,,,,,,
42,Harvey Barnes,eng ENG,FW,Newcastle Utd,27-048,1997,20,6,782,8.7,5,1,6,5,0,0,0,0,3.0,3.0,2.4,5.4,42,41,82,0.58,0.12,0.69,0.58,0.69,0.34,0.28,0.62,0.34,0.62,Matches,,,,,,,
43,Calvin Bassey,ng NGA,DF,Fulham,25-026,1999,21,21,"1,890",21.0,0,0,0,0,0,0,5,0,0.7,0.7,0.1,0.7,17,70,11,0.00,0.00,0.00,0.00,0.00,0.03,0.00,0.04,0.03,0.04,Matches,,,,,,,
44,Jan Bednarek,pl POL,DF,Southampton,28-289,1996,19,19,"1,692",18.8,2,0,2,2,0,0,4,0,0.6,0.6,0.5,1.1,4,46,1,0.11,0.00,0.11,0.11,0.11,0.03,0.02,0.06,0.03,0.06,Matches,,,,,,,
45,Jean-Ricner Bellegarde,fr FRA,"MF,FW",Wolves,26-213,1998,21,10,860,9.6,1,2,3,1,0,0,3,0,0.8,0.8,0.6,1.3,23,19,45,0.10,0.21,0.31,0.10,0.31,0.08,0.06,0.14,0.08,0.14,Matches,,,,,,,
46,Rodrigo Bentancur,uy URU,MF,Tottenham,27-215,1997,12,9,688,7.6,2,0,2,2,0,0,5,0,0.8,0.8,0.1,0.9,7,51,8,0.26,0.00,0.26,0.26,0.26,0.10,0.02,0.12,0.10,0.12,Matches,,,,,,,
47,Sander Berge,no NOR,MF,Fulham,26-347,1998,15,11,"1,047",11.6,0,0,0,0,0,0,2,0,0.1,0.1,0.4,0.5,9,52,1,0.00,0.00,0.00,0.00,0.00,0.01,0.04,0.04,0.01,0.04,Matches,,,,,,,
48,Lucas Bergvall,se SWE,MF,Tottenham,18-359,2006,15,4,472,5.2,0,0,0,0,0,0,3,0,0.1,0.1,0.3,0.4,12,23,11,0.00,0.00,0.00,0.00,0.00,0.02,0.05,0.07,0.02,0.07,Matches,,,,,,,
49,Victor Bernth Kristiansen,dk DEN,DF,Leicester City,22-041,2002,19,19,"1,667",18.5,0,1,1,0,0,0,1,0,0.3,0.3,1.2,1.5,27,49,44,0.00,0.05,0.05,0.00,0.05,0.02,0.06,0.08,0.02,0.08,Matches,,,,,,,
50,Beto,gw GNB,FW,Everton,26-361,1998,14,1,317,3.5,1,0,1,1,0,0,1,0,1.7,1.7,0.0,1.7,5,2,19,0.28,0.00,0.28,0.28,0.28,0.49,0.00,0.49,0.49,0.49,Matches,,,,,,,
Rk,Player,Nation,Pos,Squad,Age,Born,MP,Starts,Min,90s,Gls,Ast,G+A,G-PK,PK,PKatt,CrdY,CrdR,xG,npxG,xAG,npxG+xAG,PrgC,PrgP,PrgR,Gls,Ast,G+A,G-PK,G+A-PK,xG,xAG,xG+xAG,npxG,npxG+xAG,Matches,,,,,,,
51,Philip Billing,dk DEN,MF,Bournemouth,28-229,1996,10,1,184,2.0,0,0,0,0,0,0,1,0,0.6,0.6,1.0,1.6,3,15,13,0.00,0.00,0.00,0.00,0.00,0.28,0.51,0.79,0.28,0.79,Matches,,,,,,,
52,Yves Bissouma,ml MLI,MF,Tottenham,28-149,1996,17,11,969,10.8,2,0,2,2,0,0,5,0,0.4,0.4,0.2,0.6,15,64,2,0.19,0.00,0.19,0.19,0.19,0.03,0.02,0.05,0.03,0.05,Matches,,,,,,,
53,Lamare Bogarde,nl NED,"DF,MF",Aston Villa,21-021,2004,4,3,267,3.0,0,0,0,0,0,0,1,0,0.0,0.0,0.1,0.2,7,8,8,0.00,0.00,0.00,0.00,0.00,0.01,0.04,0.05,0.01,0.05,Matches,,,,,,,
54,Willy Boly,ci CIV,DF,Nott'ham Forest,33-358,1991,4,1,115,1.3,0,0,0,0,0,0,1,0,0.1,0.1,0.0,0.1,0,2,0,0.00,0.00,0.00,0.00,0.00,0.06,0.00,0.06,0.06,0.06,Matches,,,,,,,
55,Sven Botman,nl NED,DF,Newcastle Utd,25-014,2000,3,3,224,2.5,0,0,0,0,0,0,1,0,0.0,0.0,0.0,0.0,0,3,0,0.00,0.00,0.00,0.00,0.00,0.01,0.00,0.01,0.01,0.01,Matches,,,,,,,
56,Jarrod Bowen,eng ENG,"FW,MF",West Ham,28-037,1996,19,19,"1,655",18.4,5,4,9,4,1,1,1,0,4.7,3.9,4.1,8.0,67,62,112,0.27,0.22,0.49,0.22,0.44,0.25,0.22,0.48,0.21,0.44,Matches,,,,,,,
57,Conor Bradley,nir NIR,DF,Liverpool,21-201,2003,8,1,241,2.7,0,0,0,0,0,0,1,0,0.4,0.4,0.0,0.4,11,11,15,0.00,0.00,0.00,0.00,0.00,0.17,0.00,0.17,0.17,0.17,Matches,,,,,,,
58,Jarrad Branthwaite,eng ENG,DF,Everton,22-213,2002,15,13,"1,178",13.1,0,0,0,0,0,0,3,0,0.3,0.3,0.0,0.4,6,31,1,0.00,0.00,0.00,0.00,0.00,0.02,0.00,0.03,0.02,0.03,Matches,,,,,,,
59,James Bree,eng ENG,DF,Southampton,27-107,1997,10,7,575,6.4,0,1,1,0,0,0,0,0,0.1,0.1,0.8,0.8,8,20,28,0.00,0.16,0.16,0.00,0.16,0.01,0.12,0.13,0.01,0.13,Matches,,,,,,,
60,Ben Brereton,cl CHI,FW,Southampton,25-283,1999,10,4,449,5.0,0,0,0,0,0,0,1,0,0.9,0.9,0.1,1.0,12,9,42,0.00,0.00,0.00,0.00,0.00,0.18,0.02,0.20,0.18,0.20,Matches,,,,,,,
61,Nathan Broadhead,wls WAL,"MF,FW",Ipswich Town,26-296,1998,8,3,318,3.5,0,0,0,0,0,0,1,0,0.7,0.7,0.4,1.1,11,10,15,0.00,0.00,0.00,0.00,0.00,0.19,0.11,0.30,0.19,0.30,Matches,,,,,,,
62,Armando Broja,al ALB,FW,Everton,23-138,2001,5,2,159,1.8,0,0,0,0,0,0,1,0,0.1,0.1,0.1,0.2,8,2,15,0.00,0.00,0.00,0.00,0.00,0.06,0.06,0.13,0.06,0.13,Matches,,,,,,,
63,David Brooks,wls WAL,FW,Bournemouth,27-202,1997,16,5,507,5.6,2,0,2,2,0,0,3,0,1.6,1.6,1.5,3.1,18,12,50,0.36,0.00,0.36,0.36,0.36,0.29,0.26,0.55,0.29,0.55,Matches,,,,,,,
64,Emi Buendía,ar ARG,"MF,FW",Aston Villa,28-032,1996,11,0,80,0.9,0,0,0,0,0,0,1,0,0.6,0.6,0.0,0.6,2,5,5,0.00,0.00,0.00,0.00,0.00,0.72,0.02,0.74,0.72,0.74,Matches,,,,,,,
65,Santiago Bueno,uy URU,DF,Wolves,26-078,1998,16,15,"1,331",14.8,0,0,0,0,0,0,0,0,0.4,0.4,0.0,0.4,1,22,1,0.00,0.00,0.00,0.00,0.00,0.03,0.00,0.03,0.03,0.03,Matches,,,,,,,
66,Facundo Buonanotte,ar ARG,"FW,MF",Leicester City,20-034,2004,19,12,"1,132",12.6,4,2,6,4,0,0,5,0,3.2,3.2,2.8,6.1,33,40,54,0.32,0.16,0.48,0.32,0.48,0.26,0.23,0.48,0.26,0.48,Matches,,,,,,,
67,Cameron Burgess,au AUS,DF,Ipswich Town,29-097,1995,10,10,900,10.0,0,1,1,0,0,0,0,0,0.7,0.7,0.3,1.0,2,27,3,0.00,0.10,0.10,0.00,0.10,0.07,0.03,0.10,0.07,0.10,Matches,,,,,,,
68,Dan Burn,eng ENG,DF,Newcastle Utd,32-262,1992,22,22,"1,980",22.0,0,0,0,0,0,0,6,0,0.9,0.9,0.2,1.1,3,38,3,0.00,0.00,0.00,0.00,0.00,0.04,0.01,0.05,0.04,0.05,Matches,,,,,,,
69,Wes Burns,wls WAL,"FW,DF",Ipswich Town,30-064,1994,18,12,926,10.3,0,1,1,0,0,0,1,0,0.5,0.5,1.6,2.2,38,8,65,0.00,0.10,0.10,0.00,0.10,0.05,0.16,0.21,0.05,0.21,Matches,,,,,,,
70,Moisés Caicedo,ec ECU,MF,Chelsea,23-085,2001,23,23,"2,035",22.6,1,2,3,1,0,0,6,0,0.6,0.6,2.2,2.8,22,120,25,0.04,0.09,0.13,0.04,0.13,0.02,0.10,0.12,0.02,0.12,Matches,,,,,,,
71,Tom Cairney,sct SCO,MF,Fulham,34-006,1991,16,2,388,4.3,1,0,1,1,0,0,2,1,0.1,0.1,0.7,0.8,12,43,18,0.23,0.00,0.23,0.23,0.23,0.03,0.16,0.19,0.03,0.19,Matches,,,,,,,
72,Jens Cajuste,se SWE,MF,Ipswich Town,25-169,1999,16,13,966,10.7,0,0,0,0,0,0,2,0,0.1,0.1,0.3,0.4,15,27,7,0.00,0.00,0.00,0.00,0.00,0.01,0.02,0.03,0.01,0.03,Matches,,,,,,,
73,Riccardo Calafiori,it ITA,DF,Arsenal,22-252,2002,12,8,752,8.4,2,1,3,2,0,0,3,0,0.7,0.7,0.2,0.9,13,36,20,0.24,0.12,0.36,0.24,0.36,0.08,0.03,0.11,0.08,0.11,Matches,,,,,,,
74,Dominic Calvert-Lewin,eng ENG,FW,Everton,27-316,1997,22,19,"1,574",17.5,3,1,4,3,0,0,2,0,6.1,6.1,0.6,6.7,22,19,105,0.17,0.06,0.23,0.17,0.23,0.35,0.04,0.39,0.35,0.39,Matches,,,,,,,
75,Diego Carlos,br BRA,DF,Aston Villa,31-317,1993,10,8,830,9.2,0,0,0,0,0,0,1,0,0.6,0.6,0.0,0.6,3,34,0,0.00,0.00,0.00,0.00,0.00,0.07,0.00,0.07,0.07,0.07,Matches,,,,,,,
Rk,Player,Nation,Pos,Squad,Age,Born,MP,Starts,Min,90s,Gls,Ast,G+A,G-PK,PK,PKatt,CrdY,CrdR,xG,npxG,xAG,npxG+xAG,PrgC,PrgP,PrgR,Gls,Ast,G+A,G-PK,G+A-PK,xG,xAG,xG+xAG,npxG,npxG+xAG,Matches,,,,,,,
76,Fabio Carvalho,pt POR,"FW,MF",Brentford,22-149,2002,16,3,428,4.8,1,1,2,1,0,0,1,0,2.1,2.1,0.5,2.7,8,16,21,0.21,0.21,0.42,0.21,0.42,0.45,0.11,0.56,0.45,0.56,Matches,,,,,,,
77,Casemiro,br BRA,MF,Manchester Utd,32-338,1992,14,10,837,9.3,1,0,1,1,0,0,1,0,1.1,1.1,2.1,3.2,3,44,19,0.11,0.00,0.11,0.11,0.11,0.12,0.23,0.34,0.12,0.34,Matches,,,,,,,
78,Kaelan Casey,eng ENG,DF,West Ham,20-090,2004,1,0,1,0.0,0,0,0,0,0,0,0,0,0.0,0.0,0.0,0.0,0,0,0,0.00,0.00,0.00,0.00,0.00,0.00,0.00,0.00,0.00,0.00,Matches,,,,,,,
79,Matty Cash,pl POL,DF,Aston Villa,27-172,1997,15,14,"1,168",13.0,1,1,2,1,0,0,5,0,0.2,0.2,0.9,1.1,24,25,42,0.08,0.08,0.15,0.08,0.15,0.02,0.07,0.09,0.02,0.09,Matches,,,,,,,
80,Timothy Castagne,be BEL,DF,Fulham,29-052,1995,12,7,723,8.0,0,1,1,0,0,0,1,0,0.1,0.1,1.0,1.1,12,29,29,0.00,0.12,0.12,0.00,0.12,0.01,0.13,0.14,0.01,0.14,Matches,,,,,,,
81,Trevoh Chalobah,eng ENG,DF,Crystal Palace,25-205,1999,12,12,"1,060",11.8,3,0,3,3,0,0,1,0,1.2,1.2,0.4,1.6,11,34,6,0.25,0.00,0.25,0.25,0.25,0.10,0.03,0.14,0.10,0.14,Matches,,,,,,,
82,Trevoh Chalobah,eng ENG,DF,Chelsea,25-205,1999,2,2,180,2.0,0,1,1,0,0,0,0,0,0.1,0.1,1.2,1.3,2,5,0,0.00,0.50,0.50,0.00,0.50,0.07,0.59,0.66,0.07,0.66,Matches,,,,,,,
83,Conor Chaplin,eng ENG,"MF,FW",Ipswich Town,27-345,1997,15,7,614,6.8,1,1,2,1,0,0,1,0,1.2,1.2,0.6,1.8,10,25,20,0.15,0.15,0.29,0.15,0.29,0.17,0.09,0.26,0.17,0.26,Matches,,,,,,,
84,Federico Chiesa,it ITA,FW,Liverpool,27-093,1997,3,0,28,0.3,0,0,0,0,0,0,0,0,0.2,0.2,0.0,0.2,2,1,4,0.00,0.00,0.00,0.00,0.00,0.52,0.00,0.52,0.52,0.52,Matches,,,,,,,
85,Chiquinho,pt POR,MF,Wolves,24-356,2000,1,0,7,0.1,0,0,0,0,0,0,0,0,0.0,0.0,0.0,0.0,0,0,0,0.00,0.00,0.00,0.00,0.00,0.00,0.42,0.42,0.00,0.42,Matches,,,,,,,
86,Hamza Choudhury,eng ENG,"MF,DF",Leicester City,27-117,1997,4,1,131,1.5,0,0,0,0,0,0,0,0,0.0,0.0,0.4,0.4,4,3,6,0.00,0.00,0.00,0.00,0.00,0.00,0.27,0.27,0.00,0.27,Matches,,,,,,,
87,Ryan Christie,sct SCO,MF,Bournemouth,29-339,1995,22,20,"1,674",18.6,1,2,3,1,0,0,8,0,1.3,1.3,2.1,3.5,27,112,39,0.05,0.11,0.16,0.05,0.16,0.07,0.11,0.19,0.07,0.19,Matches,,,,,,,
88,Harry Clarke,eng ENG,DF,Ipswich Town,23-330,2001,7,4,379,4.2,0,0,0,0,0,0,3,1,0.1,0.1,0.0,0.1,5,14,2,0.00,0.00,0.00,0.00,0.00,0.02,0.01,0.03,0.02,0.03,Matches,,,,,,,
89,Jack Clarke,eng ENG,"FW,MF",Ipswich Town,24-064,2000,18,5,605,6.7,0,2,2,0,0,0,1,0,0.8,0.8,1.2,2.1,16,17,29,0.00,0.30,0.30,0.00,0.30,0.12,0.18,0.31,0.12,0.31,Matches,,,,,,,
90,Nathaniel Clyne,eng ENG,"DF,MF",Crystal Palace,33-296,1991,10,4,394,4.4,0,0,0,0,0,0,1,0,0.0,0.0,0.1,0.1,5,6,7,0.00,0.00,0.00,0.00,0.00,0.00,0.03,0.03,0.00,0.03,Matches,,,,,,,
91,Conor Coady,eng ENG,DF,Leicester City,31-336,1993,9,8,712,7.9,0,0,0,0,0,0,1,0,0.0,0.0,0.1,0.1,0,19,0,0.00,0.00,0.00,0.00,0.00,0.00,0.01,0.01,0.00,0.01,Matches,,,,,,,
92,Séamus Coleman,ie IRL,DF,Everton,36-107,1988,3,2,197,2.2,0,0,0,0,0,0,1,0,0.6,0.6,0.0,0.6,1,8,2,0.00,0.00,0.00,0.00,0.00,0.26,0.00,0.26,0.26,0.26,Matches,,,,,,,
93,Nathan Collins,ie IRL,DF,Brentford,23-271,2001,22,22,"1,980",22.0,2,1,3,2,0,0,2,0,2.2,2.2,1.3,3.5,19,79,13,0.09,0.05,0.14,0.09,0.14,0.10,0.06,0.16,0.10,0.16,Matches,,,,,,,
94,Toby Collyer,eng ENG,MF,Manchester Utd,21-023,2004,3,0,109,1.2,0,0,0,0,0,0,0,0,0.0,0.0,0.1,0.1,0,5,2,0.00,0.00,0.00,0.00,0.00,0.00,0.06,0.06,0.00,0.06,Matches,,,,,,,
95,Levi Colwill,eng ENG,DF,Chelsea,21-335,2003,21,21,"1,889",21.0,0,1,1,0,0,0,6,0,0.5,0.5,0.9,1.3,9,96,4,0.00,0.05,0.05,0.00,0.05,0.02,0.04,0.06,0.02,0.06,Matches,,,,,,,
96,Lewis Cook,eng ENG,"MF,DF",Bournemouth,27-358,1997,22,20,"1,852",20.6,1,3,4,1,0,0,5,0,0.6,0.6,3.3,3.9,24,114,31,0.05,0.15,0.19,0.05,0.19,0.03,0.16,0.19,0.03,0.19,Matches,,,,,,,
97,Maxwel Cornet,ci CIV,FW,Southampton,28-121,1996,2,1,72,0.8,0,0,0,0,0,0,1,0,0.2,0.2,0.0,0.2,1,0,5,0.00,0.00,0.00,0.00,0.00,0.20,0.00,0.20,0.20,0.20,Matches,,,,,,,
98,Vladimír Coufal,cz CZE,DF,West Ham,32-157,1992,13,6,575,6.4,0,0,0,0,0,0,2,0,0.2,0.2,0.5,0.7,10,25,21,0.00,0.00,0.00,0.00,0.00,0.03,0.07,0.10,0.03,0.10,Matches,,,,,,,
99,Aaron Cresswell,eng ENG,DF,West Ham,35-042,1989,8,1,120,1.3,0,0,0,0,0,0,1,0,0.0,0.0,0.1,0.2,1,5,1,0.00,0.00,0.00,0.00,0.00,0.03,0.11,0.13,0.03,0.13,Matches,,,,,,,
100,Marc Cucurella,es ESP,DF,Chelsea,26-188,1998,21,19,"1,714",19.0,2,1,3,2,0,0,8,1,1.5,1.5,1.2,2.7,22,64,64,0.11,0.05,0.16,0.11,0.16,0.08,0.06,0.14,0.08,0.14,Matches,,,,,,,
Rk,Player,Nation,Pos,Squad,Age,Born,MP,Starts,Min,90s,Gls,Ast,G+A,G-PK,PK,PKatt,CrdY,CrdR,xG,npxG,xAG,npxG+xAG,PrgC,PrgP,PrgR,Gls,Ast,G+A,G-PK,G+A-PK,xG,xAG,xG+xAG,npxG,npxG+xAG,Matches,,,,,,,
101,Jorge Cuenca,es ESP,DF,Fulham,25-070,1999,4,1,93,1.0,0,0,0,0,0,0,0,0,0.0,0.0,0.0,0.0,0,3,0,0.00,0.00,0.00,0.00,0.00,0.00,0.00,0.00,0.00,0.00,Matches,,,,,,,
102,Matheus Cunha,br BRA,"MF,FW",Wolves,25-244,1999,22,20,"1,785",19.8,10,4,14,10,0,0,2,0,4.8,4.8,5.7,10.5,79,91,118,0.50,0.20,0.71,0.50,0.71,0.24,0.29,0.53,0.24,0.53,Matches,,,,,,,
103,Patson Daka,zm ZAM,"FW,MF",Leicester City,26-109,1998,10,1,262,2.9,1,0,1,1,0,0,0,0,0.5,0.5,0.0,0.5,3,3,16,0.34,0.00,0.34,0.34,0.34,0.16,0.00,0.16,0.16,0.16,Matches,,,,,,,
104,Diogo Dalot,pt POR,DF,Manchester Utd,25-314,1999,21,21,"1,856",20.6,0,1,1,0,0,0,4,0,1.3,1.3,1.4,2.6,38,66,97,0.00,0.05,0.05,0.00,0.05,0.06,0.07,0.13,0.06,0.13,Matches,,,,,,,
105,Mikkel Damsgaard,dk DEN,"MF,FW",Brentford,24-207,2000,22,19,"1,614",17.9,2,6,8,2,0,0,1,0,1.9,1.9,5.4,7.2,40,131,70,0.11,0.33,0.45,0.11,0.45,0.10,0.30,0.40,0.10,0.40,Matches,,,,,,,
106,Danilo,br BRA,MF,Nott'ham Forest,23-272,2001,1,1,14,0.2,0,0,0,0,0,0,0,0,0.0,0.0,0.0,0.0,0,0,0,0.00,0.00,0.00,0.00,0.00,0.00,0.00,0.00,0.00,0.00,Matches,,,,,,,
107,Jayden Danns,eng ENG,MF,Liverpool,19-010,2006,1,0,11,0.1,0,0,0,0,0,0,0,0,0.0,0.0,0.0,0.0,0,0,0,0.00,0.00,0.00,0.00,0.00,0.00,0.00,0.00,0.00,0.00,Matches,,,,,,,
108,Ben Davies,wls WAL,DF,Tottenham,31-277,1993,5,4,361,4.0,0,0,0,0,0,0,1,0,0.0,0.0,0.0,0.0,3,15,4,0.00,0.00,0.00,0.00,0.00,0.00,0.00,0.00,0.00,0.00,Matches,,,,,,,
109,Leif Davis,eng ENG,DF,Ipswich Town,25-014,2000,23,23,"2,025",22.5,1,2,3,1,0,0,5,0,0.7,0.7,3.4,4.1,38,42,95,0.04,0.09,0.13,0.04,0.13,0.03,0.15,0.18,0.03,0.18,Matches,,,,,,,
110,Craig Dawson,eng ENG,DF,Wolves,34-265,1990,15,10,971,10.8,0,0,0,0,0,0,2,0,0.5,0.5,0.0,0.5,6,20,5,0.00,0.00,0.00,0.00,0.00,0.05,0.00,0.05,0.05,0.05,Matches,,,,,,,
111,Kevin De Bruyne,be BEL,MF,Manchester City,33-212,1991,16,11,992,11.0,2,6,8,2,0,0,2,0,2.5,2.5,6.0,8.5,35,106,99,0.18,0.54,0.73,0.18,0.73,0.23,0.55,0.77,0.23,0.77,Matches,,,,,,,
112,Liam Delap,eng ENG,FW,Ipswich Town,21-353,2003,22,21,"1,674",18.6,8,2,10,6,2,2,7,0,6.4,4.8,1.6,6.4,35,18,68,0.43,0.11,0.54,0.32,0.43,0.34,0.09,0.43,0.26,0.34,Matches,,,,,,,
113,Sepp van den Berg,nl NED,DF,Brentford,23-037,2001,18,17,"1,518",16.9,0,0,0,0,0,0,1,0,0.7,0.7,0.2,0.9,5,47,22,0.00,0.00,0.00,0.00,0.00,0.04,0.01,0.05,0.04,0.05,Matches,,,,,,,
114,Justin Devenny,nir NIR,MF,Crystal Palace,21-107,2003,10,2,267,3.0,1,0,1,1,0,0,0,0,0.5,0.5,0.3,0.8,3,8,7,0.34,0.00,0.34,0.34,0.34,0.16,0.12,0.27,0.16,0.27,Matches,,,,,,,
115,Kiernan Dewsbury-Hall,eng ENG,MF,Chelsea,26-142,1998,6,1,135,1.5,0,1,1,0,0,0,0,0,0.2,0.2,1.0,1.2,3,10,7,0.00,0.67,0.67,0.00,0.67,0.15,0.66,0.80,0.15,0.80,Matches,,,,,,,
116,Amad Diallo,ci CIV,"FW,MF",Manchester Utd,22-199,2002,20,15,"1,414",15.7,6,6,12,6,0,0,3,0,4.0,4.0,3.5,7.5,83,50,137,0.38,0.38,0.76,0.38,0.76,0.25,0.22,0.47,0.25,0.47,Matches,,,,,,,
117,Rúben Dias,pt POR,DF,Manchester City,27-257,1997,14,13,"1,177",13.1,0,0,0,0,0,0,3,0,1.1,1.1,0.3,1.3,19,78,5,0.00,0.00,0.00,0.00,0.00,0.08,0.02,0.10,0.08,0.10,Matches,,,,,,,
118,Luis Díaz,co COL,FW,Liverpool,28-013,1997,21,16,"1,339",14.9,8,2,10,8,0,0,2,0,6.1,6.1,2.1,8.2,59,62,141,0.54,0.13,0.67,0.54,0.67,0.41,0.14,0.55,0.41,0.55,Matches,,,,,,,
119,Tyler Dibling,eng ENG,"FW,MF",Southampton,18-320,2006,20,14,"1,230",13.7,2,0,2,2,0,0,6,0,2.1,2.1,1.3,3.4,51,41,70,0.15,0.00,0.15,0.15,0.15,0.15,0.09,0.25,0.15,0.25,Matches,,,,,,,
120,Lucas Digne,fr FRA,DF,Aston Villa,31-190,1993,22,19,"1,637",18.2,0,3,3,0,0,0,3,0,0.7,0.7,3.5,4.1,16,36,111,0.00,0.16,0.16,0.00,0.16,0.04,0.19,0.23,0.04,0.23,Matches,,,,,,,
121,Issa Diop,fr FRA,DF,Fulham,28-017,1997,16,12,"1,069",11.9,0,0,0,0,0,0,2,0,0.5,0.5,0.1,0.6,4,23,1,0.00,0.00,0.00,0.00,0.00,0.05,0.01,0.05,0.05,0.05,Matches,,,,,,,
122,Axel Disasi,fr FRA,DF,Chelsea,26-321,1998,6,4,364,4.0,1,0,1,1,0,0,1,0,0.3,0.3,0.1,0.4,6,16,2,0.25,0.00,0.25,0.25,0.25,0.07,0.02,0.09,0.07,0.09,Matches,,,,,,,
123,Roman Dixon,eng ENG,DF,Everton,20-031,2004,1,1,90,1.0,0,0,0,0,0,0,0,0,0.0,0.0,0.0,0.0,0,0,1,0.00,0.00,0.00,0.00,0.00,0.00,0.00,0.00,0.00,0.00,Matches,,,,,,,
124,Matt Doherty,ie IRL,DF,Wolves,33-010,1992,16,12,"1,070",11.9,2,1,3,2,0,0,3,0,0.9,0.9,1.4,2.3,16,47,31,0.17,0.08,0.25,0.17,0.25,0.08,0.12,0.19,0.08,0.19,Matches,,,,,,,
125,Jeremy Doku,be BEL,"FW,MF",Manchester City,22-244,2002,15,9,789,8.8,3,4,7,3,0,0,0,0,0.8,0.8,2.3,3.0,104,36,147,0.34,0.46,0.80,0.34,0.80,0.09,0.26,0.34,0.09,0.34,Matches,,,,,,,
Rk,Player,Nation,Pos,Squad,Age,Born,MP,Starts,Min,90s,Gls,Ast,G+A,G-PK,PK,PKatt,CrdY,CrdR,xG,npxG,xAG,npxG+xAG,PrgC,PrgP,PrgR,Gls,Ast,G+A,G-PK,G+A-PK,xG,xAG,xG+xAG,npxG,npxG+xAG,Matches,,,,,,,
126,Nicolás Domínguez,ar ARG,"MF,FW",Nott'ham Forest,26-212,1998,20,12,"1,098",12.2,0,0,0,0,0,0,6,0,1.2,1.2,0.6,1.8,8,45,16,0.00,0.00,0.00,0.00,0.00,0.10,0.05,0.15,0.10,0.15,Matches,,,,,,,
127,Alfie Dorrington,eng ENG,DF,Tottenham,19-281,2005,1,0,14,0.2,0,0,0,0,0,0,0,0,0.0,0.0,0.0,0.0,0,0,0,0.00,0.00,0.00,0.00,0.00,0.00,0.00,0.00,0.00,0.00,Matches,,,,,,,
128,Abdoulaye Doucouré,ml MLI,MF,Everton,32-025,1993,20,19,"1,592",17.7,0,0,0,0,0,0,2,0,0.9,0.9,0.9,1.8,28,51,55,0.00,0.00,0.00,0.00,0.00,0.05,0.05,0.10,0.05,0.10,Matches,,,,,,,
129,Cheick Doucouré,ml MLI,MF,Crystal Palace,25-018,2000,13,4,452,5.0,0,0,0,0,0,0,1,0,0.4,0.4,0.0,0.4,2,19,7,0.00,0.00,0.00,0.00,0.00,0.08,0.00,0.08,0.08,0.08,Matches,,,,,,,
130,Flynn Downes,eng ENG,MF,Southampton,26-006,1999,18,17,"1,432",15.9,1,0,1,1,0,0,9,0,0.6,0.6,0.9,1.5,18,50,23,0.06,0.00,0.06,0.06,0.06,0.04,0.06,0.09,0.04,0.09,Matches,,,,,,,
131,Tommy Doyle,eng ENG,MF,Wolves,23-101,2001,18,3,444,4.9,0,1,1,0,0,0,1,0,0.5,0.5,0.5,1.0,6,38,2,0.00,0.20,0.20,0.00,0.20,0.10,0.10,0.20,0.10,0.20,Matches,,,,,,,
132,Radu Drăgușin,ro ROU,DF,Tottenham,22-358,2002,15,13,"1,162",12.9,0,0,0,0,0,0,1,0,0.1,0.1,0.3,0.4,7,36,1,0.00,0.00,0.00,0.00,0.00,0.01,0.02,0.03,0.01,0.03,Matches,,,,,,,
133,Martin Dúbravka,sk SVK,GK,Newcastle Utd,36-011,1989,8,8,720,8.0,0,0,0,0,0,0,0,0,0.0,0.0,0.0,0.0,0,0,0,0.00,0.00,0.00,0.00,0.00,0.00,0.00,0.00,0.00,0.00,Matches,,,,,,,
134,Lewis Dunk,eng ENG,DF,Brighton,33-066,1991,18,16,"1,472",16.4,0,0,0,0,0,0,4,0,0.7,0.7,0.5,1.2,15,103,2,0.00,0.00,0.00,0.00,0.00,0.04,0.03,0.07,0.04,0.07,Matches,,,,,,,
135,Jhon Durán,co COL,FW,Aston Villa,21-044,2003,19,4,613,6.8,7,0,7,7,0,0,3,1,4.8,4.8,0.2,5.0,7,13,39,1.03,0.00,1.03,1.03,1.03,0.70,0.03,0.73,0.70,0.73,Matches,,,,,,,
136,Ederson,br BRA,GK,Manchester City,31-162,1993,15,15,"1,350",15.0,0,2,2,0,0,0,3,0,0.0,0.0,0.5,0.5,0,1,0,0.00,0.13,0.13,0.00,0.13,0.00,0.03,0.03,0.00,0.03,Matches,,,,,,,
137,George Edmundson,eng ENG,DF,Ipswich Town,27-148,1997,1,0,2,0.0,0,0,0,0,0,0,0,0,0.0,0.0,0.0,0.0,0,0,0,0.00,0.00,0.00,0.00,0.00,0.00,0.00,0.00,0.00,0.00,Matches,,,,,,,
138,Odsonne Édouard,fr FRA,"MF,FW",Crystal Palace,27-010,1998,2,1,115,1.3,0,0,0,0,0,0,0,0,0.4,0.4,0.0,0.4,2,4,7,0.00,0.00,0.00,0.00,0.00,0.31,0.04,0.34,0.31,0.34,Matches,,,,,,,
139,Odsonne Édouard,fr FRA,FW,Leicester City,27-010,1998,4,0,29,0.3,0,0,0,0,0,0,0,0,0.0,0.0,0.0,0.0,0,1,2,0.00,0.00,0.00,0.00,0.00,0.00,0.13,0.13,0.00,0.13,Matches,,,,,,,
140,Samuel Edozie,eng ENG,"DF,FW",Southampton,21-364,2003,2,0,65,0.7,0,0,0,0,0,0,1,0,0.0,0.0,0.1,0.1,6,4,23,0.00,0.00,0.00,0.00,0.00,0.00,0.14,0.14,0.00,0.14,Matches,,,,,,,
141,Ronnie Edwards,eng ENG,DF,Southampton,21-304,2003,1,0,12,0.1,0,0,0,0,0,0,0,0,0.0,0.0,0.0,0.0,0,0,0,0.00,0.00,0.00,0.00,0.00,0.00,0.00,0.00,0.00,0.00,Matches,,,,,,,
142,Anthony Elanga,se SWE,"FW,MF",Nott'ham Forest,22-274,2002,23,17,"1,369",15.2,3,5,8,3,0,0,1,0,2.4,2.4,2.5,4.9,49,28,105,0.20,0.33,0.53,0.20,0.53,0.16,0.16,0.32,0.16,0.32,Matches,,,,,,,
143,Harvey Elliott,eng ENG,"MF,FW",Liverpool,21-297,2003,9,0,82,0.9,0,1,1,0,0,0,0,0,0.1,0.1,0.8,0.8,3,11,8,0.00,1.10,1.10,0.00,1.10,0.07,0.84,0.91,0.07,0.91,Matches,,,,,,,
144,Yunus Emre Konak,tr TUR,"MF,FW",Brentford,19-016,2006,5,0,21,0.2,0,0,0,0,0,0,0,0,0.2,0.2,0.0,0.2,1,2,1,0.00,0.00,0.00,0.00,0.00,0.66,0.00,0.66,0.66,0.66,Matches,,,,,,,
145,Julio Enciso,py PAR,MF,Ipswich Town,21-003,2004,1,0,12,0.1,0,1,1,0,0,0,1,0,0.0,0.0,0.3,0.3,0,0,1,0.00,7.50,7.50,0.00,7.50,0.00,1.90,1.90,0.00,1.90,Matches,,,,,,,
146,Julio Enciso,py PAR,"MF,FW",Brighton,21-003,2004,12,2,294,3.3,0,0,0,0,0,0,0,0,1.0,1.0,0.2,1.2,11,14,17,0.00,0.00,0.00,0.00,0.00,0.31,0.07,0.38,0.31,0.38,Matches,,,,,,,
147,Wataru Endo,jp JPN,MF,Liverpool,31-352,1993,9,0,83,0.9,0,0,0,0,0,0,0,0,0.0,0.0,0.0,0.0,0,7,1,0.00,0.00,0.00,0.00,0.00,0.00,0.02,0.02,0.00,0.02,Matches,,,,,,,
148,Christian Eriksen,dk DEN,MF,Manchester Utd,32-347,1992,12,7,633,7.0,0,1,1,0,0,0,2,0,0.1,0.1,2.1,2.2,5,29,19,0.00,0.14,0.14,0.00,0.14,0.02,0.29,0.31,0.02,0.31,Matches,,,,,,,
149,Pervis Estupiñán,ec ECU,DF,Brighton,27-005,1998,18,15,"1,417",15.7,0,1,1,0,0,0,3,0,0.6,0.6,1.8,2.4,39,71,76,0.00,0.06,0.06,0.00,0.06,0.04,0.11,0.15,0.04,0.15,Matches,,,,,,,
150,Evanilson,br BRA,FW,Bournemouth,25-112,1999,19,17,"1,370",15.2,5,0,5,5,0,1,0,0,6.6,5.8,1.1,6.9,19,13,61,0.33,0.00,0.33,0.33,0.33,0.43,0.07,0.51,0.38,0.45,Matches,,,,,,,
Rk,Player,Nation,Pos,Squad,Age,Born,MP,Starts,Min,90s,Gls,Ast,G+A,G-PK,PK,PKatt,CrdY,CrdR,xG,npxG,xAG,npxG+xAG,PrgC,PrgP,PrgR,Gls,Ast,G+A,G-PK,G+A-PK,xG,xAG,xG+xAG,npxG,npxG+xAG,Matches,,,,,,,
151,Jonny Evans,nir NIR,DF,Manchester Utd,37-023,1988,6,3,290,3.2,0,0,0,0,0,0,1,0,0.1,0.1,0.0,0.1,1,8,2,0.00,0.00,0.00,0.00,0.00,0.03,0.00,0.03,0.03,0.03,Matches,,,,,,,
152,Eberechi Eze,eng ENG,"MF,FW",Crystal Palace,26-211,1998,18,18,"1,491",16.6,2,5,7,2,0,0,1,0,4.6,4.6,3.3,7.9,44,69,99,0.12,0.30,0.42,0.12,0.42,0.28,0.20,0.47,0.28,0.47,Matches,,,,,,,
153,Łukasz Fabiański,pl POL,GK,West Ham,39-283,1985,13,12,"1,070",11.9,0,0,0,0,0,0,2,0,0.0,0.0,0.0,0.0,0,0,0,0.00,0.00,0.00,0.00,0.00,0.00,0.00,0.00,0.00,0.00,Matches,,,,,,,
154,Wout Faes,be BEL,DF,Leicester City,26-298,1998,19,15,"1,465",16.3,1,0,1,1,0,0,3,0,0.9,0.9,0.1,1.0,8,54,1,0.06,0.00,0.06,0.06,0.06,0.06,0.00,0.06,0.06,0.06,Matches,,,,,,,
155,Abdul Fatawu Issahaku,gh GHA,FW,Leicester City,20-324,2004,11,6,579,6.4,0,2,2,0,0,0,0,0,0.4,0.4,1.6,2.0,42,17,60,0.00,0.31,0.31,0.00,0.31,0.06,0.24,0.31,0.06,0.31,Matches,,,,,,,
156,João Félix,pt POR,"FW,MF",Chelsea,25-077,1999,12,3,369,4.1,1,1,2,1,0,0,2,0,2.2,2.2,1.0,3.2,21,26,29,0.24,0.24,0.49,0.24,0.49,0.54,0.23,0.78,0.54,0.78,Matches,,,,,,,
157,Evan Ferguson,ie IRL,FW,Brighton,20-099,2004,12,2,228,2.5,1,0,1,1,0,0,0,0,0.5,0.5,0.4,1.0,2,1,8,0.39,0.00,0.39,0.39,0.39,0.21,0.17,0.38,0.21,0.38,Matches,,,,,,,
158,Bruno Fernandes,pt POR,"MF,FW",Manchester Utd,30-140,1994,21,21,"1,745",19.4,5,6,11,2,3,3,3,2,7.6,5.2,4.6,9.8,46,156,94,0.26,0.31,0.57,0.10,0.41,0.39,0.24,0.63,0.27,0.51,Matches,,,,,,,
159,Mateus Fernandes,pt POR,MF,Southampton,20-200,2004,21,19,"1,649",18.3,1,2,3,1,0,0,7,0,3.0,3.0,1.8,4.9,51,87,61,0.05,0.11,0.16,0.05,0.16,0.17,0.10,0.27,0.17,0.27,Matches,,,,,,,
160,Enzo Fernández,ar ARG,MF,Chelsea,24-009,2001,21,17,"1,602",17.8,3,4,7,3,0,0,3,0,2.3,2.3,3.7,6.1,26,126,64,0.17,0.22,0.39,0.17,0.39,0.13,0.21,0.34,0.13,0.34,Matches,,,,,,,
161,Mark Flekken,nl NED,GK,Brentford,31-227,1993,22,22,"1,925",21.4,0,1,1,0,0,0,1,0,0.0,0.0,0.2,0.2,0,0,0,0.00,0.05,0.05,0.00,0.05,0.00,0.01,0.01,0.00,0.01,Matches,,,,,,,
162,Phil Foden,eng ENG,"MF,FW",Manchester City,24-243,2000,18,14,"1,293",14.4,7,2,9,7,0,0,2,0,4.6,4.6,3.9,8.5,33,73,97,0.49,0.14,0.63,0.49,0.63,0.32,0.27,0.59,0.32,0.59,Matches,,,,,,,
163,Wesley Fofana,fr FRA,DF,Chelsea,24-040,2000,12,12,"1,015",11.3,0,0,0,0,0,0,6,0,0.4,0.4,0.4,0.8,14,25,4,0.00,0.00,0.00,0.00,0.00,0.04,0.04,0.07,0.04,0.07,Matches,,,,,,,
164,Carlos Forbs,pt POR,"MF,FW",Wolves,20-313,2004,9,1,237,2.6,0,0,0,0,0,0,2,0,0.1,0.1,0.0,0.2,9,8,28,0.00,0.00,0.00,0.00,0.00,0.05,0.01,0.07,0.05,0.07,Matches,,,,,,,
165,Fraser Forster,eng ENG,GK,Tottenham,36-315,1988,7,7,630,7.0,0,0,0,0,0,0,0,0,0.0,0.0,0.0,0.0,0,0,0,0.00,0.00,0.00,0.00,0.00,0.00,0.00,0.00,0.00,0.00,Matches,,,,,,,
166,Ryan Fraser,sct SCO,"FW,DF",Southampton,30-337,1994,8,4,306,3.4,0,0,0,0,0,0,0,1,0.0,0.0,0.1,0.1,10,8,18,0.00,0.00,0.00,0.00,0.00,0.01,0.03,0.04,0.01,0.04,Matches,,,,,,,
167,Niclas Füllkrug,de GER,FW,West Ham,31-352,1993,9,3,370,4.1,2,1,3,2,0,0,1,0,1.4,1.4,1.0,2.4,3,4,8,0.49,0.24,0.73,0.49,0.73,0.35,0.24,0.59,0.35,0.59,Matches,,,,,,,
168,Cody Gakpo,nl NED,FW,Liverpool,25-264,1999,22,14,"1,233",13.7,8,3,11,8,0,0,4,0,5.4,5.4,3.4,8.8,36,37,195,0.58,0.22,0.80,0.58,0.80,0.40,0.25,0.64,0.40,0.64,Matches,,,,,,,
169,Idrissa Gana Gueye,sn SEN,MF,Everton,35-122,1989,21,19,"1,667",18.5,0,2,2,0,0,0,4,0,0.8,0.8,1.1,2.0,15,85,13,0.00,0.11,0.11,0.00,0.11,0.05,0.06,0.11,0.05,0.11,Matches,,,,,,,
170,Alejandro Garnacho,ar ARG,"FW,MF",Manchester Utd,20-209,2004,21,11,"1,151",12.8,3,1,4,3,0,0,1,0,4.8,4.8,2.4,7.2,74,21,149,0.23,0.08,0.31,0.23,0.31,0.38,0.19,0.56,0.38,0.56,Matches,,,,,,,
171,James Garner,eng ENG,"DF,MF",Everton,23-319,2001,5,2,266,3.0,0,0,0,0,0,0,1,0,0.0,0.0,0.0,0.1,1,3,4,0.00,0.00,0.00,0.00,0.00,0.02,0.01,0.02,0.02,0.02,Matches,,,,,,,
172,Tyrique George,eng ENG,FW,Chelsea,18-357,2006,1,0,7,0.1,0,0,0,0,0,0,1,0,0.0,0.0,0.0,0.0,1,0,0,0.00,0.00,0.00,0.00,0.00,0.00,0.00,0.00,0.00,0.00,Matches,,,,,,,
173,Morgan Gibbs-White,eng ENG,MF,Nott'ham Forest,24-365,2000,19,19,"1,499",16.7,4,4,8,4,0,0,7,1,3.0,3.0,3.2,6.2,43,90,76,0.24,0.24,0.48,0.24,0.48,0.18,0.19,0.37,0.18,0.37,Matches,,,,,,,
174,Billy Gilmour,sct SCO,MF,Brighton,23-229,2001,2,1,98,1.1,0,0,0,0,0,0,0,0,0.1,0.1,0.0,0.1,2,11,2,0.00,0.00,0.00,0.00,0.00,0.07,0.00,0.07,0.07,0.07,Matches,,,,,,,
175,Ben Godfrey,eng ENG,DF,Ipswich Town,27-011,1998,1,1,63,0.7,0,0,0,0,0,0,0,0,0.0,0.0,0.0,0.0,1,3,0,0.00,0.00,0.00,0.00,0.00,0.00,0.00,0.00,0.00,0.00,Matches,,,,,,,
Rk,Player,Nation,Pos,Squad,Age,Born,MP,Starts,Min,90s,Gls,Ast,G+A,G-PK,PK,PKatt,CrdY,CrdR,xG,npxG,xAG,npxG+xAG,PrgC,PrgP,PrgR,Gls,Ast,G+A,G-PK,G+A-PK,xG,xAG,xG+xAG,npxG,npxG+xAG,Matches,,,,,,,
176,Martial Godo,eng ENG,FW,Fulham,21-318,2003,1,0,16,0.2,0,0,0,0,0,0,0,0,0.0,0.0,0.0,0.0,0,0,3,0.00,0.00,0.00,0.00,0.00,0.00,0.00,0.00,0.00,0.00,Matches,,,,,,,
177,João Gomes,br BRA,MF,Wolves,23-349,2001,22,22,"1,852",20.6,2,1,3,2,0,0,8,1,1.6,1.6,0.8,2.4,35,107,43,0.10,0.05,0.15,0.10,0.15,0.08,0.04,0.12,0.08,0.12,Matches,,,,,,,
178,Rodrigo Gomes,pt POR,"DF,FW",Wolves,21-203,2003,16,6,551,6.1,1,0,1,1,0,0,0,0,0.4,0.4,0.7,1.1,17,22,56,0.16,0.00,0.16,0.16,0.16,0.06,0.11,0.17,0.06,0.17,Matches,,,,,,,
179,Toti Gomes,pt POR,DF,Wolves,26-010,1999,16,15,"1,264",14.0,0,1,1,0,0,0,4,0,0.0,0.0,0.6,0.7,5,36,7,0.00,0.07,0.07,0.00,0.07,0.00,0.04,0.05,0.00,0.05,Matches,,,,,,,
180,Diego Gómez,py PAR,MF,Brighton,21-305,2003,1,0,1,0.0,0,0,0,0,0,0,0,0,0.0,0.0,0.0,0.0,0,0,0,0.00,0.00,0.00,0.00,0.00,0.00,0.00,0.00,0.00,0.00,Matches,,,,,,,
181,Joe Gomez,eng ENG,DF,Liverpool,27-248,1997,9,6,519,5.8,0,0,0,0,0,0,1,0,0.3,0.3,0.1,0.4,5,35,2,0.00,0.00,0.00,0.00,0.00,0.06,0.02,0.08,0.06,0.08,Matches,,,,,,,
182,Anthony Gordon,eng ENG,FW,Newcastle Utd,23-337,2001,22,21,"1,766",19.6,6,5,11,5,1,2,1,0,7.3,5.7,4.8,10.5,90,66,164,0.31,0.25,0.56,0.25,0.51,0.37,0.24,0.62,0.29,0.53,Matches,,,,,,,
183,Ryan Gravenberch,nl NED,MF,Liverpool,22-255,2002,22,22,"1,895",21.1,0,2,2,0,0,0,4,0,0.8,0.8,2.6,3.4,43,117,34,0.00,0.09,0.09,0.00,0.09,0.04,0.12,0.16,0.04,0.16,Matches,,,,,,,
184,Archie Gray,eng ENG,DF,Tottenham,18-320,2006,15,8,783,8.7,0,0,0,0,0,0,0,0,0.0,0.0,0.0,0.0,1,19,4,0.00,0.00,0.00,0.00,0.00,0.00,0.00,0.00,0.00,0.00,Matches,,,,,,,
185,Jack Grealish,eng ENG,"FW,MF",Manchester City,29-138,1995,15,6,608,6.8,0,1,1,0,0,0,3,0,0.8,0.8,1.7,2.4,66,43,111,0.00,0.15,0.15,0.00,0.15,0.12,0.25,0.36,0.12,0.36,Matches,,,,,,,
186,Jacob Greaves,eng ENG,DF,Ipswich Town,24-136,2000,13,13,"1,170",13.0,1,0,1,1,0,0,2,0,0.7,0.7,0.0,0.7,2,27,4,0.08,0.00,0.08,0.08,0.08,0.05,0.00,0.05,0.05,0.05,Matches,,,,,,,
187,Brajan Gruda,de GER,"FW,MF",Brighton,20-240,2004,11,5,367,4.1,0,0,0,0,0,0,0,0,0.3,0.3,0.5,0.8,14,13,39,0.00,0.00,0.00,0.00,0.00,0.07,0.13,0.21,0.07,0.21,Matches,,,,,,,
188,Gonçalo Guedes,pt POR,"MF,FW",Wolves,28-058,1996,20,5,623,6.9,2,4,6,2,0,0,1,0,1.1,1.1,1.0,2.1,25,27,46,0.29,0.58,0.87,0.29,0.87,0.16,0.14,0.30,0.16,0.30,Matches,,,,,,,
189,Marc Guéhi,eng ENG,DF,Crystal Palace,24-197,2000,21,21,"1,890",21.0,3,1,4,3,0,0,5,0,1.5,1.5,0.5,2.0,9,83,3,0.14,0.05,0.19,0.14,0.19,0.07,0.03,0.10,0.07,0.10,Matches,,,,,,,
190,Luis Guilherme,br BRA,"MF,FW",West Ham,18-352,2006,5,0,50,0.6,0,0,0,0,0,0,0,0,0.0,0.0,0.0,0.1,0,1,4,0.00,0.00,0.00,0.00,0.00,0.06,0.05,0.10,0.06,0.10,Matches,,,,,,,
191,Bruno Guimarães,br BRA,MF,Newcastle Utd,27-071,1997,23,23,"2,001",22.2,2,6,8,2,0,0,3,0,2.2,2.2,5.0,7.1,31,171,53,0.09,0.27,0.36,0.09,0.36,0.10,0.22,0.32,0.10,0.32,Matches,,,,,,,
192,Marc Guiu,es ESP,FW,Chelsea,19-022,2006,2,0,34,0.4,0,0,0,0,0,0,0,0,0.0,0.0,0.0,0.0,0,0,1,0.00,0.00,0.00,0.00,0.00,0.00,0.00,0.00,0.00,0.00,Matches,,,,,,,
193,İlkay Gündoğan,de GER,MF,Manchester City,34-094,1990,21,15,"1,344",14.9,0,1,1,0,0,0,1,0,1.6,1.6,1.9,3.6,37,88,59,0.00,0.07,0.07,0.00,0.07,0.11,0.13,0.24,0.11,0.24,Matches,,,,,,,
194,Malo Gusto,fr FRA,DF,Chelsea,21-252,2003,19,14,"1,272",14.1,0,1,1,0,0,0,3,0,1.5,1.5,0.9,2.4,31,73,62,0.00,0.07,0.07,0.00,0.07,0.11,0.06,0.17,0.11,0.17,Matches,,,,,,,
195,Joško Gvardiol,hr CRO,DF,Manchester City,23-003,2002,22,21,"1,932",21.5,5,0,5,5,0,0,1,0,4.0,3.7,1.5,5.2,57,157,74,0.23,0.00,0.23,0.23,0.23,0.19,0.07,0.26,0.17,0.24,Matches,,,,,,,
196,Erling Haaland,no NOR,FW,Manchester City,24-189,2000,23,23,"2,034",22.6,18,2,20,17,1,2,2,0,17.9,16.3,2.1,18.4,16,14,93,0.80,0.09,0.88,0.75,0.84,0.79,0.09,0.89,0.72,0.82,Matches,,,,,,,
197,Lewis Hall,eng ENG,DF,Newcastle Utd,20-140,2004,23,20,"1,833",20.4,0,3,3,0,0,0,3,0,0.4,0.4,3.5,3.9,37,106,68,0.00,0.15,0.15,0.00,0.15,0.02,0.17,0.19,0.02,0.19,Matches,,,,,,,
198,Ali Al Hamadi,iq IRQ,FW,Ipswich Town,22-331,2002,11,0,134,1.5,0,0,0,0,0,0,3,0,0.4,0.4,0.1,0.4,4,3,14,0.00,0.00,0.00,0.00,0.00,0.24,0.05,0.28,0.24,0.28,Matches,,,,,,,
199,Marcus Harness,eng ENG,MF,Ipswich Town,28-337,1996,2,0,45,0.5,0,0,0,0,0,0,0,0,0.0,0.0,0.0,0.0,0,2,1,0.00,0.00,0.00,0.00,0.00,0.00,0.00,0.00,0.00,0.00,Matches,,,,,,,
200,Jack Harrison,eng ENG,FW,Everton,28-067,1996,18,12,997,11.1,0,0,0,0,0,0,0,0,2.2,2.2,2.0,4.2,24,25,59,0.00,0.00,0.00,0.00,0.00,0.20,0.18,0.38,0.20,0.38,Matches,,,,,,,
Rk,Player,Nation,Pos,Squad,Age,Born,MP,Starts,Min,90s,Gls,Ast,G+A,G-PK,PK,PKatt,CrdY,CrdR,xG,npxG,xAG,npxG+xAG,PrgC,PrgP,PrgR,Gls,Ast,G+A,G-PK,G+A-PK,xG,xAG,xG+xAG,npxG,npxG+xAG,Matches,,,,,,,
201,Taylor Harwood-Bellis,eng ENG,DF,Southampton,22-362,2002,22,21,"1,850",20.6,1,0,1,1,0,0,7,0,1.6,1.6,0.8,2.3,19,88,7,0.05,0.00,0.05,0.05,0.05,0.08,0.04,0.11,0.08,0.11,Matches,,,,,,,
202,Kai Havertz,de GER,"FW,MF",Arsenal,25-229,1999,20,20,"1,750",19.4,8,2,10,8,0,0,4,0,8.9,8.9,2.3,11.2,30,54,103,0.41,0.10,0.51,0.41,0.51,0.46,0.12,0.58,0.46,0.58,Matches,,,,,,,
203,Jan Paul van Hecke,nl NED,DF,Brighton,24-232,2000,21,20,"1,790",19.9,0,1,1,0,0,0,4,0,0.8,0.8,1.0,1.7,34,154,5,0.00,0.05,0.05,0.00,0.05,0.04,0.05,0.09,0.04,0.09,Matches,,,,,,,
204,Hwang Hee-chan,kr KOR,"MF,FW",Wolves,29-000,1996,16,5,608,6.8,2,0,2,2,0,0,0,0,0.8,0.8,0.1,0.9,14,11,37,0.30,0.00,0.30,0.30,0.30,0.12,0.02,0.14,0.12,0.14,Matches,,,,,,,
205,Dean Henderson,eng ENG,GK,Crystal Palace,27-320,1997,22,22,"1,980",22.0,0,0,0,0,0,0,2,0,0.0,0.0,0.0,0.0,0,0,0,0.00,0.00,0.00,0.00,0.00,0.00,0.00,0.00,0.00,0.00,Matches,,,,,,,
206,Rico Henry,eng ENG,DF,Brentford,27-202,1997,1,0,4,0.0,0,0,0,0,0,0,0,0,0.0,0.0,0.0,0.0,0,0,1,0.00,0.00,0.00,0.00,0.00,0.00,0.00,0.00,0.00,0.00,Matches,,,,,,,
207,Mads Hermansen,dk DEN,GK,Leicester City,24-199,2000,16,16,"1,395",15.5,0,0,0,0,0,0,0,0,0.0,0.0,0.0,0.0,0,0,0,0.00,0.00,0.00,0.00,0.00,0.00,0.00,0.00,0.00,0.00,Matches,,,,,,,
208,Son Heung-min,kr KOR,FW,Tottenham,32-202,1992,19,17,"1,405",15.6,6,6,12,6,0,1,0,0,5.0,4.2,5.8,10.0,63,79,179,0.38,0.38,0.77,0.38,0.77,0.32,0.37,0.69,0.27,0.64,Matches,,,,,,,
209,James Hill,eng ENG,"DF,MF",Bournemouth,23-016,2002,5,3,179,2.0,0,1,1,0,0,0,0,0,0.0,0.0,0.2,0.3,0,9,5,0.00,0.50,0.50,0.00,0.50,0.00,0.13,0.13,0.00,0.13,Matches,,,,,,,
210,Jack Hinshelwood,eng ENG,"MF,DF",Brighton,19-290,2005,11,10,856,9.5,1,0,1,1,0,0,2,0,0.7,0.7,0.3,1.0,10,34,28,0.11,0.00,0.11,0.11,0.11,0.08,0.03,0.11,0.08,0.11,Matches,,,,,,,
211,George Hirst,eng ENG,FW,Ipswich Town,25-346,1999,11,1,217,2.4,1,1,2,1,0,0,1,0,1.0,1.0,0.3,1.2,3,8,15,0.41,0.41,0.83,0.41,0.83,0.40,0.11,0.51,0.40,0.51,Matches,,,,,,,
212,Mason Holgate,eng ENG,"FW,DF",Everton,28-096,1996,1,0,6,0.1,0,0,0,0,0,0,0,0,0.0,0.0,0.0,0.0,0,0,0,0.00,0.00,0.00,0.00,0.00,0.00,0.00,0.00,0.00,0.00,Matches,,,,,,,
213,Callum Hudson-Odoi,eng ENG,"FW,MF",Nott'ham Forest,24-080,2000,20,18,"1,525",16.9,3,2,5,3,0,0,1,0,1.9,1.9,2.0,3.9,92,49,133,0.18,0.12,0.30,0.18,0.30,0.11,0.12,0.23,0.11,0.23,Matches,,,,,,,
214,Will Hughes,eng ENG,MF,Crystal Palace,29-284,1995,19,14,"1,240",13.8,0,3,3,0,0,0,7,0,0.8,0.8,1.7,2.5,16,63,19,0.00,0.22,0.22,0.00,0.22,0.06,0.13,0.18,0.06,0.18,Matches,,,,,,,
215,Dean Huijsen,es ESP,DF,Bournemouth,19-287,2005,17,12,"1,154",12.8,2,0,2,2,0,0,4,0,1.4,1.4,0.8,2.3,21,58,3,0.16,0.00,0.16,0.16,0.16,0.11,0.07,0.18,0.11,0.18,Matches,,,,,,,
216,Omari Hutchinson,eng ENG,"MF,FW",Ipswich Town,21-088,2003,21,21,"1,775",19.7,2,1,3,2,0,0,4,0,1.6,1.6,2.1,3.8,53,47,90,0.10,0.05,0.15,0.10,0.15,0.08,0.11,0.19,0.08,0.19,Matches,,,,,,,
217,Rasmus Højlund,dk DEN,FW,Manchester Utd,21-357,2003,17,12,"1,032",11.5,2,0,2,2,0,0,1,0,2.4,2.4,1.1,3.5,17,11,48,0.17,0.00,0.17,0.17,0.17,0.21,0.10,0.30,0.21,0.30,Matches,,,,,,,
218,Igor,br BRA,DF,Brighton,26-354,1998,12,9,903,10.0,0,0,0,0,0,0,4,0,0.0,0.0,0.2,0.2,9,44,0,0.00,0.00,0.00,0.00,0.00,0.00,0.02,0.02,0.00,0.02,Matches,,,,,,,
219,Danny Ings,eng ENG,FW,West Ham,32-187,1992,12,1,247,2.7,1,2,3,1,0,0,0,0,2.1,2.1,1.2,3.3,6,3,22,0.36,0.73,1.09,0.36,1.09,0.76,0.45,1.22,0.76,1.22,Matches,,,,,,,
220,Tim Iroegbunam,eng ENG,MF,Everton,21-210,2003,6,4,383,4.3,0,0,0,0,0,0,2,0,0.2,0.2,0.1,0.3,5,10,7,0.00,0.00,0.00,0.00,0.00,0.05,0.02,0.07,0.05,0.07,Matches,,,,,,,
221,Andy Irving,sct SCO,MF,West Ham,24-258,2000,7,0,87,1.0,0,0,0,0,0,0,1,0,0.0,0.0,0.0,0.0,0,7,1,0.00,0.00,0.00,0.00,0.00,0.04,0.00,0.04,0.04,0.04,Matches,,,,,,,
222,Alexander Isak,se SWE,FW,Newcastle Utd,25-127,1999,21,21,"1,709",19.0,17,5,22,16,1,1,1,0,14.1,13.3,3.7,17.0,58,54,135,0.90,0.26,1.16,0.84,1.11,0.74,0.19,0.94,0.70,0.90,Matches,,,,,,,
223,Alex Iwobi,ng NGA,"FW,MF",Fulham,28-268,1996,22,22,"1,848",20.5,7,3,10,7,0,0,1,0,3.3,3.3,4.7,8.0,87,137,154,0.34,0.15,0.49,0.34,0.49,0.16,0.23,0.39,0.16,0.39,Matches,,,,,,,
224,Nicolas Jackson,sn SEN,FW,Chelsea,23-220,2001,22,21,"1,685",18.7,9,5,14,9,0,0,5,0,11.2,11.2,3.8,15.0,40,25,91,0.48,0.27,0.75,0.48,0.75,0.60,0.20,0.80,0.60,0.80,Matches,,,,,,,
225,Reece James,eng ENG,DF,Chelsea,25-049,1999,7,5,424,4.7,1,0,1,1,0,0,0,0,0.1,0.1,0.1,0.3,0,21,2,0.21,0.00,0.21,0.21,0.21,0.03,0.03,0.06,0.03,0.06,Matches,,,,,,,
Rk,Player,Nation,Pos,Squad,Age,Born,MP,Starts,Min,90s,Gls,Ast,G+A,G-PK,PK,PKatt,CrdY,CrdR,xG,npxG,xAG,npxG+xAG,PrgC,PrgP,PrgR,Gls,Ast,G+A,G-PK,G+A-PK,xG,xAG,xG+xAG,npxG,npxG+xAG,Matches,,,,,,,
226,Vitaly Janelt,de GER,MF,Brentford,26-261,1998,21,18,"1,563",17.4,1,3,4,1,0,0,2,0,0.6,0.6,2.1,2.7,10,57,27,0.06,0.17,0.23,0.06,0.23,0.04,0.12,0.16,0.04,0.16,Matches,,,,,,,
227,Vitezslav Jaros,cz CZE,GK,Liverpool,23-187,2001,1,0,12,0.1,0,0,0,0,0,0,0,0,0.0,0.0,0.0,0.0,0,0,0,0.00,0.00,0.00,0.00,0.00,0.00,0.00,0.00,0.00,0.00,Matches,,,,,,,
228,Daniel Jebbison,eng ENG,"FW,MF",Bournemouth,21-166,2003,5,0,48,0.5,0,0,0,0,0,0,1,0,0.2,0.2,0.2,0.4,2,2,6,0.00,0.00,0.00,0.00,0.00,0.39,0.37,0.76,0.39,0.76,Matches,,,,,,,
229,Mathias Jensen,dk DEN,MF,Brentford,29-025,1996,12,8,642,7.1,0,1,1,0,0,0,1,0,0.2,0.2,1.4,1.6,5,43,20,0.00,0.14,0.14,0.00,0.14,0.03,0.20,0.23,0.03,0.23,Matches,,,,,,,
230,Gabriel Jesus,br BRA,FW,Arsenal,27-298,1997,17,6,608,6.8,3,0,3,3,0,0,4,0,3.0,3.0,0.7,3.7,15,19,57,0.44,0.00,0.44,0.44,0.44,0.44,0.10,0.54,0.44,0.54,Matches,,,,,,,
231,Raúl Jiménez,mx MEX,FW,Fulham,33-266,1991,22,17,"1,387",15.4,8,2,10,5,3,3,3,0,8.1,5.7,2.4,8.1,19,28,65,0.52,0.13,0.65,0.32,0.45,0.52,0.15,0.68,0.37,0.53,Matches,,,,,,,
232,Kim Jisoo,kr KOR,DF,Brentford,20-033,2004,2,0,29,0.3,0,0,0,0,0,0,0,0,0.0,0.0,0.0,0.0,0,2,0,0.00,0.00,0.00,0.00,0.00,0.00,0.00,0.00,0.00,0.00,Matches,,,,,,,
233,João Pedro,br BRA,"FW,MF",Brighton,23-122,2001,17,15,"1,295",14.4,5,5,10,4,1,1,3,0,3.9,3.1,2.3,5.4,47,50,93,0.35,0.35,0.69,0.28,0.63,0.27,0.16,0.43,0.22,0.38,Matches,,,,,,,
234,Joelinton,br BRA,"MF,FW",Newcastle Utd,28-165,1996,22,22,"1,851",20.6,4,1,5,4,0,0,8,0,3.7,3.7,1.5,5.2,32,93,94,0.19,0.05,0.24,0.19,0.24,0.18,0.07,0.25,0.18,0.25,Matches,,,,,,,
235,Ben Johnson,eng ENG,"DF,FW",Ipswich Town,25-002,2000,14,8,828,9.2,0,1,1,0,0,0,2,0,0.4,0.4,0.6,1.0,10,17,18,0.00,0.11,0.11,0.00,0.11,0.04,0.07,0.11,0.04,0.11,Matches,,,,,,,
236,Brennan Johnson,wls WAL,FW,Tottenham,23-248,2001,21,16,"1,492",16.6,7,2,9,7,0,0,3,0,8.0,8.0,1.3,9.3,46,50,153,0.42,0.12,0.54,0.42,0.54,0.48,0.08,0.56,0.48,0.56,Matches,,,,,,,
237,Sam Johnstone,eng ENG,GK,Wolves,31-307,1993,7,7,630,7.0,0,0,0,0,0,0,0,0,0.0,0.0,0.0,0.0,0,0,0,0.00,0.00,0.00,0.00,0.00,0.00,0.00,0.00,0.00,0.00,Matches,,,,,,,
238,Curtis Jones,eng ENG,MF,Liverpool,23-362,2001,18,10,896,10.0,3,2,5,3,0,0,1,0,2.9,2.9,0.4,3.3,11,57,48,0.30,0.20,0.50,0.30,0.50,0.29,0.04,0.33,0.29,0.33,Matches,,,,,,,
239,Jorginho,it ITA,MF,Arsenal,33-037,1991,10,6,459,5.1,0,0,0,0,0,0,3,0,0.0,0.0,0.4,0.5,8,32,2,0.00,0.00,0.00,0.00,0.00,0.01,0.08,0.09,0.01,0.09,Matches,,,,,,,
240,Diogo Jota,pt POR,FW,Liverpool,28-053,1996,13,7,629,7.0,5,2,7,5,0,0,1,0,4.9,4.9,1.1,6.0,24,18,54,0.72,0.29,1.00,0.72,1.00,0.70,0.16,0.86,0.70,0.86,Matches,,,,,,,
241,James Justin,eng ENG,DF,Leicester City,26-338,1998,21,21,"1,813",20.1,2,1,3,2,0,0,2,0,1.3,1.3,0.4,1.7,27,52,56,0.10,0.05,0.15,0.10,0.15,0.06,0.02,0.08,0.06,0.08,Matches,,,,,,,
242,Filip Jørgensen,dk DEN,GK,Chelsea,22-285,2002,2,2,180,2.0,0,0,0,0,0,0,0,0,0.0,0.0,0.0,0.0,0,0,0,0.00,0.00,0.00,0.00,0.00,0.00,0.00,0.00,0.00,0.00,Matches,,,,,,,
243,Ferdi Kadioglu,tr TUR,"DF,MF",Brighton,25-111,1999,6,5,385,4.3,1,0,1,1,0,0,1,0,0.4,0.4,0.2,0.6,1,15,27,0.23,0.00,0.23,0.23,0.23,0.10,0.04,0.14,0.10,0.14,Matches,,,,,,,
244,Daichi Kamada,jp JPN,MF,Crystal Palace,28-174,1996,18,9,866,9.6,0,0,0,0,0,0,2,1,0.7,0.7,1.0,1.7,16,56,35,0.00,0.00,0.00,0.00,0.00,0.07,0.10,0.18,0.07,0.18,Matches,,,,,,,
245,Boubacar Kamara,fr FRA,MF,Aston Villa,25-064,1999,13,10,856,9.5,0,0,0,0,0,0,2,0,0.1,0.1,0.3,0.4,10,47,2,0.00,0.00,0.00,0.00,0.00,0.01,0.03,0.04,0.01,0.04,Matches,,,,,,,
246,Michael Keane,eng ENG,DF,Everton,32-015,1993,10,9,813,9.0,2,0,2,2,0,0,4,0,0.4,0.4,0.1,0.5,1,12,3,0.22,0.00,0.22,0.22,0.22,0.05,0.01,0.06,0.05,0.06,Matches,,,,,,,
247,Caoimhín Kelleher,ie IRL,GK,Liverpool,26-064,1998,8,8,720,8.0,0,0,0,0,0,0,0,0,0.0,0.0,0.0,0.0,0,0,0,0.00,0.00,0.00,0.00,0.00,0.00,0.00,0.00,0.00,0.00,Matches,,,,,,,
248,Lloyd Kelly,eng ENG,DF,Newcastle Utd,26-112,1998,9,4,299,3.3,0,1,1,0,0,0,2,0,0.4,0.4,0.5,0.8,0,9,2,0.00,0.30,0.30,0.00,0.30,0.11,0.14,0.25,0.11,0.25,Matches,,,,,,,
249,Milos Kerkez,hu HUN,DF,Bournemouth,21-080,2003,23,23,"1,997",22.2,2,3,5,2,0,0,3,0,0.4,0.4,2.9,3.2,54,100,107,0.09,0.14,0.23,0.09,0.23,0.02,0.13,0.15,0.02,0.15,Matches,,,,,,,
250,Bilal El Khannouss,ma MAR,MF,Leicester City,20-261,2004,17,12,929,10.3,1,1,2,1,0,0,1,0,0.4,0.4,1.8,2.2,23,58,32,0.10,0.10,0.19,0.10,0.19,0.04,0.18,0.21,0.04,0.21,Matches,,,,,,,
Rk,Player,Nation,Pos,Squad,Age,Born,MP,Starts,Min,90s,Gls,Ast,G+A,G-PK,PK,PKatt,CrdY,CrdR,xG,npxG,xAG,npxG+xAG,PrgC,PrgP,PrgR,Gls,Ast,G+A,G-PK,G+A-PK,xG,xAG,xG+xAG,npxG,npxG+xAG,Matches,,,,,,,
251,Abdukodir Khusanov,uz UZB,DF,Manchester City,20-332,2004,1,1,53,0.6,0,0,0,0,0,0,1,0,0.0,0.0,0.0,0.0,0,2,0,0.00,0.00,0.00,0.00,0.00,0.03,0.00,0.03,0.03,0.03,Matches,,,,,,,
252,Max Kilman,eng ENG,DF,West Ham,27-248,1997,22,22,"1,908",21.2,0,1,1,0,0,0,3,0,1.4,1.4,0.8,2.2,20,86,3,0.00,0.05,0.05,0.00,0.05,0.07,0.04,0.11,0.07,0.11,Matches,,,,,,,
253,Joshua King,eng ENG,"MF,FW",Fulham,18-023,2007,5,1,80,0.9,0,0,0,0,0,0,0,0,0.2,0.2,0.4,0.6,1,4,9,0.00,0.00,0.00,0.00,0.00,0.22,0.48,0.70,0.22,0.70,Matches,,,,,,,
254,Antonín Kinský,cz CZE,GK,Tottenham,21-319,2003,2,2,180,2.0,0,0,0,0,0,0,0,0,0.0,0.0,0.0,0.0,0,0,0,0.00,0.00,0.00,0.00,0.00,0.00,0.00,0.00,0.00,0.00,Matches,,,,,,,
255,Jakub Kiwior,pl POL,DF,Arsenal,24-346,2000,8,2,327,3.6,0,0,0,0,0,0,0,0,0.0,0.0,0.1,0.1,1,8,0,0.00,0.00,0.00,0.00,0.00,0.00,0.02,0.02,0.00,0.02,Matches,,,,,,,
256,Justin Kluivert,nl NED,"MF,FW",Bournemouth,25-266,1999,22,18,"1,440",16.0,11,4,15,5,6,6,6,0,8.1,3.4,3.0,6.4,46,58,98,0.69,0.25,0.94,0.31,0.56,0.51,0.18,0.69,0.21,0.40,Matches,,,,,,,
257,Ibrahima Konaté,fr FRA,DF,Liverpool,25-246,1999,16,15,"1,309",14.5,1,2,3,1,0,0,4,0,1.0,1.0,0.8,1.8,16,68,1,0.07,0.14,0.21,0.07,0.21,0.07,0.05,0.12,0.07,0.12,Matches,,,,,,,
258,Ezri Konsa,eng ENG,DF,Aston Villa,27-095,1997,20,20,"1,721",19.1,1,0,1,1,0,0,0,0,0.6,0.6,0.2,0.8,13,51,11,0.05,0.00,0.05,0.05,0.05,0.03,0.01,0.04,0.03,0.04,Matches,,,,,,,
259,Mateo Kovačić,hr CRO,MF,Manchester City,30-265,1994,19,17,"1,455",16.2,4,1,5,4,0,0,5,0,1.4,1.4,3.4,4.8,43,102,14,0.25,0.06,0.31,0.25,0.31,0.09,0.21,0.30,0.09,0.30,Matches,,,,,,,
260,Caleb Kporha,eng ENG,DF,Crystal Palace,18-195,2006,2,0,13,0.1,0,0,0,0,0,0,0,0,0.0,0.0,0.0,0.0,1,0,0,0.00,0.00,0.00,0.00,0.00,0.00,0.00,0.00,0.00,0.00,Matches,,,,,,,
261,Emil Krafth,se SWE,DF,Newcastle Utd,30-177,1994,3,2,241,2.7,0,0,0,0,0,0,0,0,0.0,0.0,0.1,0.1,0,1,0,0.00,0.00,0.00,0.00,0.00,0.01,0.03,0.05,0.01,0.05,Matches,,,,,,,
262,Mohammed Kudus,gh GHA,"MF,FW",West Ham,24-177,2000,17,17,"1,384",15.4,3,1,4,3,0,0,0,1,3.9,3.9,1.9,5.8,59,44,134,0.20,0.07,0.26,0.20,0.26,0.26,0.12,0.38,0.26,0.38,Matches,,,,,,,
263,Dejan Kulusevski,se SWE,"MF,FW",Tottenham,24-276,2000,22,20,"1,770",19.7,6,4,10,6,0,0,3,0,3.4,3.4,5.5,8.9,101,101,168,0.31,0.20,0.51,0.31,0.51,0.17,0.28,0.45,0.17,0.45,Matches,,,,,,,
264,Maxence Lacroix,fr FRA,DF,Crystal Palace,24-295,2000,19,19,"1,710",19.0,1,1,2,1,0,0,3,0,1.6,1.6,0.3,1.9,6,43,2,0.05,0.05,0.11,0.05,0.11,0.08,0.02,0.10,0.08,0.10,Matches,,,,,,,
265,Adam Lallana,eng ENG,MF,Southampton,36-261,1988,12,5,331,3.7,0,2,2,0,0,0,4,0,0.2,0.2,0.9,1.1,5,23,10,0.00,0.54,0.54,0.00,0.54,0.05,0.25,0.29,0.05,0.29,Matches,,,,,,,
266,Tariq Lamptey,gh GHA,DF,Brighton,24-118,2000,9,5,429,4.8,2,2,4,2,0,0,0,0,0.3,0.3,0.4,0.8,17,7,27,0.42,0.42,0.84,0.42,0.84,0.07,0.09,0.16,0.07,0.16,Matches,,,,,,,
267,Will Lankshear,eng ENG,FW,Tottenham,19-281,2005,2,0,10,0.1,0,0,0,0,0,0,0,0,0.0,0.0,0.0,0.0,0,0,1,0.00,0.00,0.00,0.00,0.00,0.00,0.00,0.00,0.00,0.00,Matches,,,,,,,
268,Roméo Lavia,be BEL,MF,Chelsea,21-020,2004,10,8,532,5.9,0,1,1,0,0,0,4,0,0.2,0.2,0.7,0.9,3,17,6,0.00,0.17,0.17,0.00,0.17,0.03,0.12,0.15,0.03,0.15,Matches,,,,,,,
269,Mario Lemina,ga GAB,"MF,DF",Wolves,31-147,1993,17,15,"1,364",15.2,1,3,4,1,0,0,4,0,1.4,1.4,1.1,2.5,8,48,21,0.07,0.20,0.26,0.07,0.26,0.09,0.07,0.17,0.09,0.17,Matches,,,,,,,
270,Bernd Leno,de GER,GK,Fulham,32-328,1992,22,22,"1,980",22.0,0,1,1,0,0,0,2,0,0.0,0.0,0.1,0.1,0,0,0,0.00,0.05,0.05,0.00,0.05,0.00,0.00,0.00,0.00,0.00,Matches,,,,,,,
271,Jefferson Lerma,co COL,MF,Crystal Palace,30-093,1994,17,13,"1,113",12.4,0,0,0,0,0,0,4,0,0.7,0.7,0.9,1.6,7,55,22,0.00,0.00,0.00,0.00,0.00,0.05,0.07,0.13,0.05,0.13,Matches,,,,,,,
272,Rico Lewis,eng ENG,"DF,MF",Manchester City,20-066,2004,19,16,"1,402",15.6,1,2,3,1,0,0,5,1,1.2,1.2,0.3,1.5,32,80,57,0.06,0.13,0.19,0.06,0.19,0.07,0.02,0.10,0.07,0.10,Matches,,,,,,,
273,Keane Lewis-Potter,eng ENG,"DF,FW",Brentford,23-339,2001,22,20,"1,739",19.3,1,2,3,1,0,0,3,0,2.2,2.2,1.5,3.7,58,51,99,0.05,0.10,0.16,0.05,0.16,0.12,0.08,0.19,0.12,0.19,Matches,,,,,,,
274,Myles Lewis-Skelly,eng ENG,DF,Arsenal,18-122,2006,9,6,462,5.1,0,0,0,0,0,0,2,1,0.0,0.0,0.1,0.1,9,23,14,0.00,0.00,0.00,0.00,0.00,0.00,0.03,0.03,0.00,0.03,Matches,,,,,,,
275,Matthijs de Ligt,nl NED,DF,Manchester Utd,25-167,1999,20,17,"1,483",16.5,1,0,1,1,0,0,3,0,1.6,1.6,0.3,1.9,4,34,4,0.06,0.00,0.06,0.06,0.06,0.10,0.02,0.12,0.10,0.12,Matches,,,,,,,
Rk,Player,Nation,Pos,Squad,Age,Born,MP,Starts,Min,90s,Gls,Ast,G+A,G-PK,PK,PKatt,CrdY,CrdR,xG,npxG,xAG,npxG+xAG,PrgC,PrgP,PrgR,Gls,Ast,G+A,G-PK,G+A-PK,xG,xAG,xG+xAG,npxG,npxG+xAG,Matches,,,,,,,
276,Pedro Lima,br BRA,DF,Wolves,18-209,2006,1,1,58,0.6,0,0,0,0,0,0,0,0,0.0,0.0,0.1,0.1,3,3,8,0.00,0.00,0.00,0.00,0.00,0.00,0.11,0.11,0.00,0.11,Matches,,,,,,,
277,Victor Lindelöf,se SWE,"DF,MF",Manchester Utd,30-193,1994,5,0,63,0.7,0,0,0,0,0,0,1,0,0.0,0.0,0.0,0.0,0,5,1,0.00,0.00,0.00,0.00,0.00,0.00,0.03,0.03,0.00,0.03,Matches,,,,,,,
278,Jesper Lindstrøm,dk DEN,FW,Everton,24-332,2000,18,9,799,8.9,0,0,0,0,0,0,1,0,1.8,1.8,1.6,3.4,24,12,54,0.00,0.00,0.00,0.00,0.00,0.20,0.18,0.38,0.20,0.38,Matches,,,,,,,
279,Valentino Livramento,eng ENG,DF,Newcastle Utd,22-075,2002,22,18,"1,584",17.6,0,0,0,0,0,0,0,0,0.1,0.1,0.6,0.7,42,82,59,0.00,0.00,0.00,0.00,0.00,0.00,0.03,0.04,0.00,0.04,Matches,,,,,,,
280,Sean Longstaff,eng ENG,MF,Newcastle Utd,27-088,1997,18,8,721,8.0,0,0,0,0,0,0,2,0,0.6,0.6,0.2,0.8,4,38,20,0.00,0.00,0.00,0.00,0.00,0.08,0.02,0.10,0.08,0.10,Matches,,,,,,,
281,Saša Lukić,rs SRB,MF,Fulham,28-166,1996,17,16,"1,329",14.8,0,2,2,0,0,0,9,0,0.7,0.7,2.1,2.7,24,56,11,0.00,0.14,0.14,0.00,0.14,0.05,0.14,0.19,0.05,0.19,Matches,,,,,,,
282,Joe Lumley,eng ENG,GK,Southampton,29-346,1995,3,3,270,3.0,0,0,0,0,0,0,0,0,0.0,0.0,0.0,0.0,0,0,0,0.00,0.00,0.00,0.00,0.00,0.00,0.00,0.00,0.00,0.00,Matches,,,,,,,
283,Massimo Luongo,au AUS,MF,Ipswich Town,32-123,1992,6,2,170,1.9,0,0,0,0,0,0,0,0,0.0,0.0,0.0,0.0,0,5,1,0.00,0.00,0.00,0.00,0.00,0.00,0.00,0.00,0.00,0.00,Matches,,,,,,,
284,Ian Maatsen,nl NED,DF,Aston Villa,22-322,2002,16,3,358,4.0,0,1,1,0,0,0,2,0,0.1,0.1,1.3,1.5,9,16,30,0.00,0.25,0.25,0.00,0.25,0.03,0.34,0.37,0.03,0.37,Matches,,,,,,,
285,Alexis Mac Allister,ar ARG,MF,Liverpool,26-033,1998,21,19,"1,570",17.4,1,3,4,1,0,0,5,0,1.7,1.7,3.4,5.1,22,117,49,0.06,0.17,0.23,0.06,0.23,0.10,0.20,0.29,0.10,0.29,Matches,,,,,,,
286,James Maddison,eng ENG,MF,Tottenham,28-064,1996,22,15,"1,300",14.4,8,4,12,8,0,0,4,0,4.9,4.9,2.7,7.6,34,118,69,0.55,0.28,0.83,0.55,0.83,0.34,0.18,0.53,0.34,0.53,Matches,,,,,,,
287,Noni Madueke,eng ENG,FW,Chelsea,22-322,2002,21,17,"1,373",15.3,7,3,10,7,0,0,3,0,7.4,7.4,3.1,10.5,102,48,164,0.46,0.20,0.66,0.46,0.66,0.49,0.20,0.69,0.49,0.69,Matches,,,,,,,
288,Gabriel Magalhães,br BRA,DF,Arsenal,27-038,1997,21,21,"1,808",20.1,3,1,4,3,0,0,3,0,2.4,2.4,0.8,3.2,5,90,9,0.15,0.05,0.20,0.15,0.20,0.12,0.04,0.16,0.12,0.16,Matches,,,,,,,
289,Edmond-Paris Maghoma,eng ENG,MF,Brentford,23-263,2001,5,0,78,0.9,0,0,0,0,0,0,0,0,0.0,0.0,0.0,0.0,3,8,2,0.00,0.00,0.00,0.00,0.00,0.00,0.00,0.00,0.00,0.00,Matches,,,,,,,
290,Harry Maguire,eng ENG,DF,Manchester Utd,31-327,1993,15,10,908,10.1,0,0,0,0,0,0,6,0,0.5,0.5,0.2,0.7,4,29,1,0.00,0.00,0.00,0.00,0.00,0.05,0.02,0.06,0.05,0.06,Matches,,,,,,,
291,Kobbie Mainoo,eng ENG,MF,Manchester Utd,19-282,2005,16,14,"1,206",13.4,0,0,0,0,0,0,5,0,0.5,0.5,1.3,1.8,17,49,30,0.00,0.00,0.00,0.00,0.00,0.04,0.10,0.14,0.04,0.14,Matches,,,,,,,
292,Tyrell Malacia,nl NED,DF,Manchester Utd,25-162,1999,2,2,90,1.0,0,0,0,0,0,0,1,0,0.0,0.0,0.0,0.0,3,2,5,0.00,0.00,0.00,0.00,0.00,0.00,0.04,0.04,0.00,0.04,Matches,,,,,,,
293,Orel Mangala,be BEL,MF,Everton,26-314,1998,19,14,"1,261",14.0,1,0,1,1,0,0,2,0,1.1,1.1,0.6,1.7,6,34,20,0.07,0.00,0.07,0.07,0.07,0.08,0.05,0.13,0.08,0.13,Matches,,,,,,,
294,Ryan Manning,ie IRL,DF,Southampton,28-226,1996,13,10,761,8.5,0,0,0,0,0,0,1,0,0.1,0.1,1.3,1.5,10,8,51,0.00,0.00,0.00,0.00,0.00,0.02,0.16,0.18,0.02,0.18,Matches,,,,,,,
295,Solly March,eng ENG,"MF,DF",Brighton,30-190,1994,2,0,25,0.3,0,0,0,0,0,0,1,0,0.1,0.1,0.0,0.1,0,0,1,0.00,0.00,0.00,0.00,0.00,0.23,0.00,0.23,0.23,0.23,Matches,,,,,,,
296,Omar Marmoush,eg EGY,FW,Manchester City,25-354,1999,1,1,73,0.8,0,0,0,0,0,0,0,0,0.1,0.1,0.2,0.4,2,1,3,0.00,0.00,0.00,0.00,0.00,0.18,0.25,0.44,0.18,0.44,Matches,,,,,,,
297,Gabriel Martinelli,br BRA,"FW,MF",Arsenal,23-222,2001,21,15,"1,368",15.2,6,2,8,6,0,0,1,0,3.9,3.9,2.7,6.6,74,26,174,0.39,0.13,0.53,0.39,0.53,0.26,0.18,0.44,0.26,0.44,Matches,,,,,,,
298,Emiliano Martínez,ar ARG,GK,Aston Villa,32-146,1992,22,22,"1,935",21.5,0,0,0,0,0,0,2,0,0.0,0.0,0.0,0.0,0,1,0,0.00,0.00,0.00,0.00,0.00,0.00,0.00,0.00,0.00,0.00,Matches,,,,,,,
299,Lisandro Martínez,ar ARG,DF,Manchester Utd,27-008,1998,18,18,"1,580",17.6,1,1,2,1,0,0,7,0,1.2,1.2,1.1,2.3,18,100,7,0.06,0.06,0.11,0.06,0.11,0.07,0.07,0.13,0.07,0.13,Matches,,,,,,,
300,Pape Matar Sarr,sn SEN,MF,Tottenham,22-134,2002,22,14,"1,179",13.1,1,2,3,1,0,0,4,0,2.1,2.1,1.3,3.4,22,62,34,0.08,0.15,0.23,0.08,0.23,0.16,0.10,0.26,0.16,0.26,Matches,,,,,,,
Rk,Player,Nation,Pos,Squad,Age,Born,MP,Starts,Min,90s,Gls,Ast,G+A,G-PK,PK,PKatt,CrdY,CrdR,xG,npxG,xAG,npxG+xAG,PrgC,PrgP,PrgR,Gls,Ast,G+A,G-PK,G+A-PK,xG,xAG,xG+xAG,npxG,npxG+xAG,Matches,,,,,,,
301,Jean-Philippe Mateta,fr FRA,FW,Crystal Palace,27-212,1997,22,20,"1,682",18.7,8,1,9,6,2,2,2,0,7.8,6.2,2.0,8.2,26,32,83,0.43,0.05,0.48,0.32,0.37,0.42,0.11,0.53,0.33,0.44,Matches,,,,,,,
302,Stephy Mavididi,eng ENG,FW,Leicester City,26-240,1998,21,14,"1,275",14.2,3,1,4,3,0,0,2,0,1.5,1.5,2.4,3.9,66,51,99,0.21,0.07,0.28,0.21,0.28,0.11,0.17,0.27,0.11,0.27,Matches,,,,,,,
303,Konstantinos Mavropanos,gr GRE,DF,West Ham,27-046,1997,19,15,"1,386",15.4,0,0,0,0,0,0,4,1,0.9,0.9,0.5,1.3,12,45,2,0.00,0.00,0.00,0.00,0.00,0.06,0.03,0.09,0.06,0.09,Matches,,,,,,,
304,Noussair Mazraoui,ma MAR,DF,Manchester Utd,27-073,1997,22,20,"1,684",18.7,0,1,1,0,0,0,1,0,0.4,0.4,0.5,0.9,24,75,35,0.00,0.05,0.05,0.00,0.05,0.02,0.03,0.05,0.02,0.05,Matches,,,,,,,
305,Bryan Mbeumo,cm CMR,FW,Brentford,25-172,1999,22,22,"1,974",21.9,13,3,16,10,3,3,2,0,6.8,4.4,5.4,9.8,75,87,214,0.59,0.14,0.73,0.46,0.59,0.31,0.25,0.56,0.20,0.45,Matches,,,,,,,
306,James Mcatee,eng ENG,"MF,FW",Manchester City,22-100,2002,6,0,70,0.8,1,0,1,1,0,0,0,0,0.8,0.8,0.0,0.8,3,3,8,1.29,0.00,1.29,1.29,1.29,1.02,0.00,1.02,1.02,1.02,Matches,,,,,,,
307,Kasey McAteer,ie IRL,"FW,MF",Leicester City,23-065,2001,11,4,386,4.3,0,1,1,0,0,0,1,0,0.6,0.6,0.4,0.9,13,8,36,0.00,0.23,0.23,0.00,0.23,0.13,0.08,0.21,0.13,0.21,Matches,,,,,,,
308,Alex McCarthy,eng ENG,GK,Southampton,35-054,1989,5,5,450,5.0,0,0,0,0,0,0,0,0,0.0,0.0,0.0,0.0,0,0,0,0.00,0.00,0.00,0.00,0.00,0.00,0.00,0.00,0.00,0.00,Matches,,,,,,,
309,John McGinn,sct SCO,"FW,MF",Aston Villa,30-100,1994,18,16,"1,254",13.9,0,3,3,0,0,0,3,0,1.8,1.8,2.5,4.3,22,57,59,0.00,0.22,0.22,0.00,0.22,0.13,0.18,0.31,0.13,0.31,Matches,,,,,,,
310,Dwight McNeil,eng ENG,"MF,FW",Everton,25-065,1999,13,13,"1,140",12.7,3,3,6,3,0,0,1,0,0.9,0.9,3.5,4.4,31,60,65,0.24,0.24,0.47,0.24,0.47,0.07,0.27,0.34,0.07,0.34,Matches,,,,,,,
311,Scott McTominay,sct SCO,MF,Manchester Utd,28-049,1996,2,0,19,0.2,0,0,0,0,0,0,0,0,0.1,0.1,0.0,0.1,0,1,2,0.00,0.00,0.00,0.00,0.00,0.33,0.00,0.33,0.33,0.33,Matches,,,,,,,
312,Ben Mee,eng ENG,DF,Brentford,35-127,1989,5,2,176,2.0,0,0,0,0,0,0,2,0,0.0,0.0,0.0,0.0,3,11,2,0.00,0.00,0.00,0.00,0.00,0.00,0.00,0.00,0.00,0.00,Matches,,,,,,,
313,Jayden Meghoma,eng ENG,DF,Brentford,18-212,2006,1,0,5,0.1,0,0,0,0,0,0,0,0,0.0,0.0,0.0,0.0,0,0,0,0.00,0.00,0.00,0.00,0.00,0.00,0.00,0.00,0.00,0.00,Matches,,,,,,,
314,Mikel Merino,es ESP,MF,Arsenal,28-218,1996,15,8,760,8.4,2,1,3,2,0,0,2,0,2.2,2.2,0.9,3.1,4,42,47,0.24,0.12,0.36,0.24,0.36,0.26,0.11,0.36,0.26,0.36,Matches,,,,,,,
315,Nikola Milenković,rs SRB,DF,Nott'ham Forest,27-106,1997,22,22,"1,980",22.0,2,1,3,2,0,0,2,0,3.1,3.1,0.2,3.3,2,35,3,0.09,0.05,0.14,0.09,0.14,0.14,0.01,0.15,0.14,0.15,Matches,,,,,,,
316,Lewis Miley,eng ENG,MF,Newcastle Utd,18-270,2006,4,0,32,0.4,0,0,0,0,0,0,0,0,0.0,0.0,0.0,0.0,0,3,1,0.00,0.00,0.00,0.00,0.00,0.00,0.00,0.00,0.00,0.00,Matches,,,,,,,
317,James Milner,eng ENG,MF,Brighton,39-022,1986,3,3,169,1.9,0,0,0,0,0,0,1,0,0.2,0.2,0.2,0.4,1,10,10,0.00,0.00,0.00,0.00,0.00,0.09,0.12,0.21,0.09,0.21,Matches,,,,,,,
318,Tyrone Mings,eng ENG,DF,Aston Villa,31-319,1993,5,4,431,4.8,0,0,0,0,0,0,1,0,0.2,0.2,0.2,0.4,1,17,0,0.00,0.00,0.00,0.00,0.00,0.04,0.04,0.08,0.04,0.08,Matches,,,,,,,
319,Yankuba Minteh,gm GAM,"FW,MF",Brighton,20-188,2004,18,7,750,8.3,3,2,5,3,0,0,5,0,2.1,2.1,2.7,4.8,39,18,86,0.36,0.24,0.60,0.36,0.60,0.25,0.33,0.58,0.25,0.58,Matches,,,,,,,
320,Tyrick Mitchell,eng ENG,DF,Crystal Palace,25-147,1999,22,22,"1,913",21.3,0,3,3,0,0,0,2,0,0.5,0.5,3.6,4.1,43,46,114,0.00,0.14,0.14,0.00,0.14,0.03,0.17,0.19,0.03,0.19,Matches,,,,,,,
321,Kaoru Mitoma,jp JPN,"FW,MF",Brighton,27-251,1997,23,20,"1,845",20.5,5,3,8,5,0,0,0,0,5.1,5.1,4.3,9.3,108,66,225,0.24,0.15,0.39,0.24,0.39,0.25,0.21,0.46,0.25,0.46,Matches,,,,,,,
322,Jakub Moder,pl POL,MF,Brighton,25-294,1999,4,0,11,0.1,0,0,0,0,0,0,0,0,0.0,0.0,0.2,0.2,2,4,0,0.00,0.00,0.00,0.00,0.00,0.00,1.45,1.45,0.00,1.45,Matches,,,,,,,
323,Mikey Moore,eng ENG,"FW,MF",Tottenham,17-168,2007,5,1,103,1.1,0,1,1,0,0,0,0,0,0.2,0.2,0.2,0.4,8,5,19,0.00,0.87,0.87,0.00,0.87,0.14,0.21,0.35,0.14,0.35,Matches,,,,,,,
324,Morato,br BRA,DF,Nott'ham Forest,23-210,2001,16,2,445,4.9,0,0,0,0,0,0,1,0,0.0,0.0,0.0,0.0,0,9,0,0.00,0.00,0.00,0.00,0.00,0.01,0.00,0.01,0.01,0.01,Matches,,,,,,,
325,Álex Moreno,es ESP,DF,Nott'ham Forest,31-232,1993,13,10,813,9.0,0,1,1,0,0,0,2,0,0.2,0.2,1.0,1.1,23,29,29,0.00,0.11,0.11,0.00,0.11,0.02,0.11,0.12,0.02,0.12,Matches,,,,,,,
Rk,Player,Nation,Pos,Squad,Age,Born,MP,Starts,Min,90s,Gls,Ast,G+A,G-PK,PK,PKatt,CrdY,CrdR,xG,npxG,xAG,npxG+xAG,PrgC,PrgP,PrgR,Gls,Ast,G+A,G-PK,G+A-PK,xG,xAG,xG+xAG,npxG,npxG+xAG,Matches,,,,,,,
326,Sam Morsy,eg EGY,MF,Ipswich Town,33-138,1991,21,20,"1,813",20.1,1,1,2,1,0,0,7,0,0.3,0.3,0.6,0.9,8,78,8,0.05,0.05,0.10,0.05,0.10,0.02,0.03,0.04,0.02,0.04,Matches,,,,,,,
327,Yerson Mosquera,co COL,DF,Wolves,23-269,2001,5,5,441,4.9,0,0,0,0,0,0,2,0,0.3,0.3,0.1,0.4,0,7,0,0.00,0.00,0.00,0.00,0.00,0.07,0.02,0.09,0.07,0.09,Matches,,,,,,,
328,Mason Mount,eng ENG,"MF,FW",Manchester Utd,26-016,1999,8,4,247,2.7,0,0,0,0,0,0,2,0,0.4,0.4,0.1,0.5,2,8,5,0.00,0.00,0.00,0.00,0.00,0.14,0.04,0.18,0.14,0.18,Matches,,,,,,,
329,Divin Mubama,eng ENG,FW,Manchester City,20-093,2004,1,0,28,0.3,0,0,0,0,0,0,0,0,0.0,0.0,0.0,0.0,0,1,0,0.00,0.00,0.00,0.00,0.00,0.12,0.00,0.12,0.12,0.12,Matches,,,,,,,
330,Mykhailo Mudryk,ua UKR,FW,Chelsea,24-021,2001,7,1,151,1.7,0,0,0,0,0,0,0,0,0.3,0.3,1.0,1.2,7,5,12,0.00,0.00,0.00,0.00,0.00,0.15,0.58,0.73,0.15,0.73,Matches,,,,,,,
331,Rodrigo Muniz,br BRA,FW,Fulham,23-267,2001,21,5,627,7.0,3,1,4,3,0,0,1,0,2.8,2.8,0.6,3.4,4,18,22,0.43,0.14,0.57,0.43,0.57,0.40,0.09,0.48,0.40,0.48,Matches,,,,,,,
332,Daniel Muñoz,co COL,DF,Crystal Palace,28-245,1996,21,21,"1,803",20.0,2,1,3,2,0,0,5,0,3.3,3.3,2.7,6.0,29,52,131,0.10,0.05,0.15,0.10,0.15,0.17,0.13,0.30,0.17,0.30,Matches,,,,,,,
333,Arijanet Muric,xk KVX,GK,Ipswich Town,26-080,1998,17,17,"1,530",17.0,0,0,0,0,0,0,1,0,0.0,0.0,0.0,0.0,0,1,0,0.00,0.00,0.00,0.00,0.00,0.00,0.00,0.00,0.00,0.00,Matches,,,,,,,
334,Murillo,br BRA,DF,Nott'ham Forest,22-206,2002,22,22,"1,957",21.7,1,0,1,1,0,0,4,0,1.1,1.1,0.9,2.0,11,64,3,0.05,0.00,0.05,0.05,0.05,0.05,0.04,0.09,0.05,0.09,Matches,,,,,,,
335,Jacob Murphy,eng ENG,FW,Newcastle Utd,29-337,1995,20,16,"1,255",13.9,3,7,10,3,0,0,2,0,2.4,2.4,6.3,8.7,47,48,119,0.22,0.50,0.72,0.22,0.72,0.17,0.45,0.63,0.17,0.63,Matches,,,,,,,
336,Vitaliy Mykolenko,ua UKR,DF,Everton,25-242,1999,20,20,"1,735",19.3,0,0,0,0,0,0,2,0,0.4,0.4,0.8,1.2,19,69,49,0.00,0.00,0.00,0.00,0.00,0.02,0.04,0.06,0.02,0.06,Matches,,,,,,,
337,Iliman Ndiaye,sn SEN,FW,Everton,24-326,2000,22,20,"1,763",19.6,5,0,5,4,1,1,3,0,3.1,2.3,1.4,3.8,67,36,91,0.26,0.00,0.26,0.20,0.20,0.16,0.07,0.23,0.12,0.19,Matches,,,,,,,
338,Wilfred Ndidi,ng NGA,MF,Leicester City,28-041,1996,15,15,"1,215",13.5,0,4,4,0,0,0,4,0,1.4,1.4,1.4,2.8,9,37,49,0.00,0.30,0.30,0.00,0.30,0.10,0.10,0.20,0.10,0.20,Matches,,,,,,,
339,Kosta Nedeljković,rs SRB,DF,Aston Villa,19-041,2005,4,0,118,1.3,0,0,0,0,0,0,0,0,0.0,0.0,0.0,0.0,1,3,0,0.00,0.00,0.00,0.00,0.00,0.00,0.00,0.00,0.00,0.00,Matches,,,,,,,
340,Reiss Nelson,eng ENG,FW,Arsenal,25-047,1999,1,0,3,0.0,0,0,0,0,0,0,0,0,0.0,0.0,0.0,0.0,0,0,0,0.00,0.00,0.00,0.00,0.00,0.00,0.00,0.00,0.00,0.00,Matches,,,,,,,
341,Reiss Nelson,eng ENG,FW,Fulham,25-047,1999,11,5,487,5.4,1,1,2,1,0,0,1,0,1.1,1.1,1.0,2.1,45,35,63,0.18,0.18,0.37,0.18,0.37,0.20,0.18,0.39,0.20,0.39,Matches,,,,,,,
342,Neto,br BRA,GK,Bournemouth,35-191,1989,2,2,180,2.0,0,0,0,0,0,0,0,0,0.0,0.0,0.0,0.0,0,0,0,0.00,0.00,0.00,0.00,0.00,0.00,0.00,0.00,0.00,0.00,Matches,,,,,,,
343,Pedro Neto,pt POR,FW,Chelsea,24-323,2000,20,11,"1,091",12.1,1,2,3,1,0,0,6,0,0.9,0.9,2.6,3.6,70,24,108,0.08,0.16,0.25,0.08,0.25,0.07,0.22,0.29,0.07,0.29,Matches,,,,,,,
344,Eddie Nketiah,eng ENG,"MF,FW",Crystal Palace,25-241,1999,16,6,608,6.8,0,1,1,0,0,0,3,0,1.6,1.6,1.3,2.9,30,11,50,0.00,0.15,0.15,0.00,0.15,0.23,0.19,0.42,0.23,0.42,Matches,,,,,,,
345,Christopher Nkunku,fr FRA,FW,Chelsea,27-073,1997,19,3,432,4.8,2,1,3,2,0,0,1,0,4.0,4.0,1.7,5.6,7,11,36,0.42,0.21,0.62,0.42,0.62,0.82,0.35,1.17,0.82,1.17,Matches,,,,,,,
346,Matheus Nunes,pt POR,"DF,MF",Manchester City,26-152,1998,15,9,800,8.9,0,4,4,0,0,0,2,0,0.5,0.5,2.9,3.4,38,34,106,0.00,0.45,0.45,0.00,0.45,0.06,0.33,0.39,0.06,0.39,Matches,,,,,,,
347,Darwin Núñez,uy URU,FW,Liverpool,25-216,1999,17,7,804,8.9,4,2,6,4,0,0,6,0,3.4,3.4,0.9,4.3,19,17,58,0.45,0.22,0.67,0.45,0.67,0.38,0.10,0.48,0.38,0.48,Matches,,,,,,,
348,Ethan Nwaneri,eng ENG,"MF,FW",Arsenal,17-311,2007,13,3,284,3.2,2,0,2,2,0,0,1,0,0.5,0.5,0.2,0.7,14,11,22,0.63,0.00,0.63,0.63,0.63,0.16,0.07,0.24,0.16,0.24,Matches,,,,,,,
349,Christian Nørgaard,dk DEN,MF,Brentford,30-322,1994,19,19,"1,559",17.3,2,2,4,2,0,0,4,1,2.3,2.3,0.5,2.9,9,79,28,0.12,0.12,0.23,0.12,0.23,0.13,0.03,0.17,0.13,0.17,Matches,,,,,,,
350,Jake O'Brien,ie IRL,DF,Everton,23-256,2001,5,2,221,2.5,0,0,0,0,0,0,2,0,0.0,0.0,0.1,0.1,1,5,3,0.00,0.00,0.00,0.00,0.00,0.00,0.04,0.04,0.00,0.04,Matches,,,,,,,
Rk,Player,Nation,Pos,Squad,Age,Born,MP,Starts,Min,90s,Gls,Ast,G+A,G-PK,PK,PKatt,CrdY,CrdR,xG,npxG,xAG,npxG+xAG,PrgC,PrgP,PrgR,Gls,Ast,G+A,G-PK,G+A-PK,xG,xAG,xG+xAG,npxG,npxG+xAG,Matches,,,,,,,
351,Matt O'Riley,dk DEN,MF,Brighton,24-066,2000,10,5,423,4.7,1,1,2,1,0,0,1,0,1.2,1.2,1.1,2.3,7,18,24,0.21,0.21,0.43,0.21,0.43,0.25,0.24,0.49,0.25,0.49,Matches,,,,,,,
352,Dara O'Shea,ie IRL,DF,Ipswich Town,25-328,1999,20,20,"1,772",19.7,0,0,0,0,0,0,5,0,0.8,0.8,0.0,0.8,3,48,1,0.00,0.00,0.00,0.00,0.00,0.04,0.00,0.04,0.04,0.04,Matches,,,,,,,
353,Wilson Odobert,fr FRA,FW,Tottenham,20-059,2004,3,2,162,1.8,0,0,0,0,0,0,0,0,0.4,0.4,0.1,0.5,13,10,18,0.00,0.00,0.00,0.00,0.00,0.23,0.03,0.27,0.23,0.27,Matches,,,,,,,
354,Chiedozie Ogbene,ie IRL,FW,Ipswich Town,27-270,1997,5,3,238,2.6,0,0,0,0,0,0,0,0,0.0,0.0,0.1,0.1,7,0,15,0.00,0.00,0.00,0.00,0.00,0.00,0.03,0.03,0.00,0.03,Matches,,,,,,,
355,Caleb Okoli,it ITA,DF,Leicester City,23-197,2001,13,9,800,8.9,0,0,0,0,0,0,2,0,0.1,0.1,0.0,0.1,3,24,2,0.00,0.00,0.00,0.00,0.00,0.02,0.00,0.02,0.02,0.02,Matches,,,,,,,
356,Robin Olsen,se SWE,GK,Aston Villa,35-018,1990,1,0,45,0.5,0,0,0,0,0,0,0,0,0.0,0.0,0.0,0.0,0,0,0,0.00,0.00,0.00,0.00,0.00,0.00,0.00,0.00,0.00,0.00,Matches,,,,,,,
357,Amadou Onana,be BEL,MF,Aston Villa,23-163,2001,16,14,"1,034",11.5,2,0,2,2,0,0,4,0,1.8,1.8,0.1,2.0,12,33,10,0.17,0.00,0.17,0.17,0.17,0.16,0.01,0.17,0.16,0.17,Matches,,,,,,,
358,André Onana,cm CMR,GK,Manchester Utd,28-299,1996,22,22,"1,980",22.0,0,0,0,0,0,0,0,0,0.0,0.0,0.2,0.2,0,1,0,0.00,0.00,0.00,0.00,0.00,0.00,0.01,0.01,0.00,0.01,Matches,,,,,,,
359,Paul Onuachu,ng NGA,FW,Southampton,30-243,1994,13,5,454,5.0,1,0,1,1,0,0,1,0,1.3,1.3,0.3,1.5,4,6,14,0.20,0.00,0.20,0.20,0.20,0.25,0.05,0.30,0.25,0.30,Matches,,,,,,,
360,Frank Onyeka,ng NGA,MF,Brentford,27-025,1998,2,0,25,0.3,0,0,0,0,0,0,0,0,0.0,0.0,0.0,0.0,0,1,0,0.00,0.00,0.00,0.00,0.00,0.00,0.00,0.00,0.00,0.00,Matches,,,,,,,
361,Lewis Orford,eng ENG,MF,West Ham,18-343,2006,1,0,35,0.4,0,0,0,0,0,0,0,0,0.0,0.0,0.0,0.0,0,0,1,0.00,0.00,0.00,0.00,0.00,0.08,0.03,0.10,0.08,0.10,Matches,,,,,,,
362,Stefan Ortega,de GER,GK,Manchester City,32-081,1992,8,8,720,8.0,0,0,0,0,0,0,1,0,0.0,0.0,0.0,0.0,0,0,0,0.00,0.00,0.00,0.00,0.00,0.00,0.00,0.00,0.00,0.00,Matches,,,,,,,
363,William Osula,dk DEN,"FW,MF",Newcastle Utd,21-175,2003,8,0,45,0.5,0,0,0,0,0,0,0,0,0.0,0.0,0.1,0.1,1,1,5,0.00,0.00,0.00,0.00,0.00,0.00,0.17,0.17,0.00,0.17,Matches,,,,,,,
364,Dango Ouattara,bf BFA,FW,Bournemouth,22-350,2002,20,11,"1,151",12.8,6,4,10,6,0,0,1,0,5.8,5.8,3.9,9.6,45,25,124,0.47,0.31,0.78,0.47,0.78,0.45,0.30,0.75,0.45,0.75,Matches,,,,,,,
365,Nico O’Reilly,eng ENG,MF,Manchester City,19-311,2005,1,0,19,0.2,0,0,0,0,0,0,0,0,0.0,0.0,0.0,0.0,1,0,0,0.00,0.00,0.00,0.00,0.00,0.12,0.00,0.12,0.12,0.12,Matches,,,,,,,
366,Cole Palmer,eng ENG,MF,Chelsea,22-265,2002,23,23,"2,010",22.3,14,6,20,11,3,3,3,0,12.0,9.6,7.9,17.6,73,131,122,0.63,0.27,0.90,0.49,0.76,0.54,0.35,0.89,0.43,0.79,Matches,,,,,,,
367,Emerson Palmieri,it ITA,DF,West Ham,30-176,1994,20,19,"1,487",16.5,1,1,2,1,0,0,5,0,1.2,1.2,1.2,2.4,28,43,57,0.06,0.06,0.12,0.06,0.12,0.07,0.07,0.14,0.07,0.14,Matches,,,,,,,
368,Lucas Paquetá,br BRA,MF,West Ham,27-152,1997,21,18,"1,519",16.9,4,0,4,2,2,2,6,0,4.3,2.7,2.0,4.7,11,85,53,0.24,0.00,0.24,0.12,0.12,0.26,0.12,0.37,0.16,0.28,Matches,,,,,,,
369,Thomas Partey,gh GHA,"MF,DF",Arsenal,31-227,1993,22,19,"1,763",19.6,2,2,4,2,0,0,2,0,1.5,1.5,1.6,3.1,17,118,26,0.10,0.10,0.20,0.10,0.20,0.08,0.08,0.16,0.08,0.16,Matches,,,,,,,
370,Nathan Patterson,sct SCO,"DF,FW",Everton,23-102,2001,6,0,126,1.4,0,0,0,0,0,0,0,0,0.1,0.1,0.3,0.4,4,7,6,0.00,0.00,0.00,0.00,0.00,0.05,0.24,0.30,0.05,0.30,Matches,,,,,,,
371,Andreas Pereira,br BRA,MF,Fulham,29-025,1996,19,16,"1,246",13.8,2,1,3,2,0,1,6,0,3.0,2.2,2.2,4.5,13,73,47,0.14,0.07,0.22,0.14,0.22,0.22,0.16,0.38,0.16,0.32,Matches,,,,,,,
372,Ricardo Pereira,pt POR,DF,Leicester City,31-112,1993,2,2,146,1.6,0,0,0,0,0,0,1,0,0.0,0.0,0.0,0.0,1,5,3,0.00,0.00,0.00,0.00,0.00,0.00,0.00,0.00,0.00,0.00,Matches,,,,,,,
373,Kalvin Phillips,eng ENG,MF,Ipswich Town,29-055,1995,13,10,861,9.6,0,0,0,0,0,0,3,1,0.3,0.3,0.1,0.4,4,36,2,0.00,0.00,0.00,0.00,0.00,0.03,0.01,0.04,0.03,0.04,Matches,,,,,,,
374,Jaden Philogene Bidace,eng ENG,"FW,MF",Aston Villa,22-353,2002,11,2,332,3.7,0,0,0,0,0,0,4,1,0.5,0.5,0.3,0.8,7,4,17,0.00,0.00,0.00,0.00,0.00,0.13,0.08,0.20,0.13,0.20,Matches,,,,,,,
375,Jaden Philogene Bidace,eng ENG,"FW,MF",Ipswich Town,22-353,2002,2,1,105,1.2,0,0,0,0,0,0,0,0,0.0,0.0,0.0,0.0,4,1,3,0.00,0.00,0.00,0.00,0.00,0.00,0.00,0.00,0.00,0.00,Matches,,,,,,,
Rk,Player,Nation,Pos,Squad,Age,Born,MP,Starts,Min,90s,Gls,Ast,G+A,G-PK,PK,PKatt,CrdY,CrdR,xG,npxG,xAG,npxG+xAG,PrgC,PrgP,PrgR,Gls,Ast,G+A,G-PK,G+A-PK,xG,xAG,xG+xAG,npxG,npxG+xAG,Matches,,,,,,,
376,Jordan Pickford,eng ENG,GK,Everton,30-325,1994,22,22,"1,980",22.0,0,0,0,0,0,0,6,0,0.0,0.0,0.0,0.0,0,0,0,0.00,0.00,0.00,0.00,0.00,0.00,0.00,0.00,0.00,0.00,Matches,,,,,,,
377,Ethan Pinnock,jm JAM,DF,Brentford,31-242,1993,16,16,"1,440",16.0,2,0,2,2,0,0,2,0,0.9,0.9,1.2,2.0,2,33,8,0.12,0.00,0.12,0.12,0.12,0.05,0.07,0.13,0.05,0.13,Matches,,,,,,,
378,Daniel Podence,pt POR,"MF,FW",Wolves,29-097,1995,2,0,48,0.5,0,0,0,0,0,0,0,0,0.0,0.0,0.0,0.0,1,2,3,0.00,0.00,0.00,0.00,0.00,0.07,0.00,0.07,0.07,0.07,Matches,,,,,,,
379,Alfie Pond,eng ENG,DF,Wolves,20-331,2004,1,0,1,0.0,0,0,0,0,0,0,0,0,0.0,0.0,0.0,0.0,0,0,0,0.00,0.00,0.00,0.00,0.00,0.00,0.00,0.00,0.00,0.00,Matches,,,,,,,
380,Nick Pope,eng ENG,GK,Newcastle Utd,32-282,1992,15,15,"1,350",15.0,0,0,0,0,0,0,2,0,0.0,0.0,0.0,0.0,0,0,0,0.00,0.00,0.00,0.00,0.00,0.00,0.00,0.00,0.00,0.00,Matches,,,,,,,
381,Pedro Porro,es ESP,DF,Tottenham,25-135,1999,22,19,"1,808",20.1,2,4,6,2,0,0,2,0,1.3,1.3,2.2,3.5,47,111,74,0.10,0.20,0.30,0.10,0.30,0.06,0.11,0.17,0.06,0.17,Matches,,,,,,,
382,Jarell Quansah,eng ENG,DF,Liverpool,21-363,2003,5,2,228,2.5,0,0,0,0,0,0,1,0,0.0,0.0,0.0,0.0,2,6,2,0.00,0.00,0.00,0.00,0.00,0.00,0.00,0.00,0.00,0.00,Matches,,,,,,,
383,Hákon Rafn Valdimarsson,is ISL,GK,Brentford,23-105,2001,1,0,55,0.6,0,0,0,0,0,0,0,0,0.0,0.0,0.0,0.0,0,0,0,0.00,0.00,0.00,0.00,0.00,0.00,0.00,0.00,0.00,0.00,Matches,,,,,,,
384,Aaron Ramsdale,eng ENG,GK,Southampton,26-257,1998,15,15,"1,350",15.0,0,0,0,0,0,0,1,0,0.0,0.0,0.0,0.0,0,0,0,0.00,0.00,0.00,0.00,0.00,0.00,0.00,0.00,0.00,0.00,Matches,,,,,,,
385,Jacob Ramsey,eng ENG,"FW,MF",Aston Villa,23-243,2001,14,9,883,9.8,0,2,2,0,0,0,1,0,1.0,1.0,1.6,2.6,32,35,62,0.00,0.20,0.20,0.00,0.20,0.10,0.16,0.26,0.10,0.26,Matches,,,,,,,
386,Marcus Rashford,eng ENG,"FW,MF",Manchester Utd,27-087,1997,15,12,978,10.9,4,1,5,4,0,0,2,0,1.7,1.7,2.1,3.8,20,21,79,0.37,0.09,0.46,0.37,0.46,0.16,0.19,0.35,0.16,0.35,Matches,,,,,,,
387,David Raya,es ESP,GK,Arsenal,29-133,1995,23,23,"2,070",23.0,0,0,0,0,0,0,2,0,0.0,0.0,0.0,0.0,0,5,0,0.00,0.00,0.00,0.00,0.00,0.00,0.00,0.00,0.00,0.00,Matches,,,,,,,
388,Harrison Reed,eng ENG,MF,Fulham,29-365,1995,8,0,61,0.7,0,0,0,0,0,0,2,0,0.0,0.0,0.1,0.1,1,3,7,0.00,0.00,0.00,0.00,0.00,0.02,0.11,0.13,0.02,0.13,Matches,,,,,,,
389,Remy Rees-Dottin,eng ENG,FW,Bournemouth,18-326,2006,1,0,1,0.0,0,0,0,0,0,0,0,0,0.0,0.0,0.0,0.0,0,0,0,0.00,0.00,0.00,0.00,0.00,0.00,0.00,0.00,0.00,0.00,Matches,,,,,,,
390,Sergio Reguilón,es ESP,DF,Tottenham,28-041,1996,2,0,86,1.0,0,0,0,0,0,0,1,0,0.1,0.1,0.0,0.1,2,8,9,0.00,0.00,0.00,0.00,0.00,0.07,0.03,0.10,0.07,0.10,Matches,,,,,,,
391,Bobby Reid,jm JAM,"FW,MF",Leicester City,31-359,1993,14,2,282,3.1,1,0,1,1,0,0,0,0,0.7,0.7,0.1,0.8,7,9,18,0.32,0.00,0.32,0.32,0.32,0.23,0.04,0.27,0.23,0.27,Matches,,,,,,,
392,Chadi Riad,ma MAR,DF,Crystal Palace,21-223,2003,1,1,90,1.0,0,0,0,0,0,0,0,0,0.0,0.0,0.0,0.0,2,7,0,0.00,0.00,0.00,0.00,0.00,0.00,0.00,0.00,0.00,0.00,Matches,,,,,,,
393,Declan Rice,eng ENG,MF,Arsenal,26-012,1999,21,19,"1,651",18.3,1,3,4,1,0,0,5,1,1.5,1.5,4.7,6.2,60,125,53,0.05,0.16,0.22,0.05,0.22,0.08,0.26,0.34,0.08,0.34,Matches,,,,,,,
394,Chris Richards,us USA,DF,Crystal Palace,24-304,2000,11,9,805,8.9,0,0,0,0,0,0,1,0,0.2,0.2,0.0,0.2,2,21,1,0.00,0.00,0.00,0.00,0.00,0.02,0.00,0.02,0.02,0.02,Matches,,,,,,,
395,Richarlison,br BRA,FW,Tottenham,27-261,1997,7,0,148,1.6,1,1,2,1,0,0,1,0,0.6,0.6,0.9,1.5,6,7,15,0.61,0.61,1.22,0.61,1.22,0.35,0.54,0.88,0.35,0.88,Matches,,,,,,,
396,Andrew Robertson,sct SCO,DF,Liverpool,30-321,1994,21,19,"1,560",17.3,0,0,0,0,0,0,2,1,0.5,0.5,2.8,3.3,42,122,66,0.00,0.00,0.00,0.00,0.00,0.03,0.16,0.19,0.03,0.19,Matches,,,,,,,
397,Antonee Robinson,us USA,DF,Fulham,27-171,1997,22,22,"1,980",22.0,0,9,9,0,0,0,4,0,0.6,0.6,3.1,3.7,77,83,178,0.00,0.41,0.41,0.00,0.41,0.03,0.14,0.17,0.03,0.17,Matches,,,,,,,
398,Rodri,es ESP,MF,Manchester City,28-218,1996,2,1,65,0.7,0,0,0,0,0,0,0,0,0.0,0.0,0.0,0.0,0,4,1,0.00,0.00,0.00,0.00,0.00,0.00,0.06,0.06,0.00,0.06,Matches,,,,,,,
399,Guido Rodríguez,ar ARG,MF,West Ham,30-289,1994,18,14,"1,016",11.3,0,0,0,0,0,0,5,0,0.2,0.2,0.1,0.3,2,31,5,0.00,0.00,0.00,0.00,0.00,0.02,0.01,0.03,0.02,0.03,Matches,,,,,,,
400,Mads Roerslev,dk DEN,DF,Brentford,25-216,1999,18,10,"1,011",11.2,0,2,2,0,0,0,2,0,0.2,0.2,3.0,3.1,16,47,54,0.00,0.18,0.18,0.00,0.18,0.01,0.26,0.28,0.01,0.28,Matches,,,,,,,
Rk,Player,Nation,Pos,Squad,Age,Born,MP,Starts,Min,90s,Gls,Ast,G+A,G-PK,PK,PKatt,CrdY,CrdR,xG,npxG,xAG,npxG+xAG,PrgC,PrgP,PrgR,Gls,Ast,G+A,G-PK,G+A-PK,xG,xAG,xG+xAG,npxG,npxG+xAG,Matches,,,,,,,
401,Morgan Rogers,eng ENG,"MF,FW",Aston Villa,22-184,2002,21,21,"1,738",19.3,6,4,10,6,0,0,6,0,3.7,3.7,4.4,8.2,67,71,104,0.31,0.21,0.52,0.31,0.52,0.19,0.23,0.42,0.19,0.42,Matches,,,,,,,
402,Cristian Romero,ar ARG,DF,Tottenham,26-274,1998,12,12,974,10.8,1,0,1,1,0,0,1,0,1.1,1.1,0.5,1.6,10,48,2,0.09,0.00,0.09,0.09,0.09,0.10,0.05,0.15,0.10,0.15,Matches,,,,,,,
403,Georginio Rutter,fr FRA,"FW,MF",Brighton,22-281,2002,22,13,"1,177",13.1,4,2,6,4,0,0,2,0,3.3,3.3,1.5,4.9,35,50,63,0.31,0.15,0.46,0.31,0.46,0.25,0.12,0.37,0.25,0.37,Matches,,,,,,,
404,José Sá,pt POR,GK,Wolves,32-009,1993,16,16,"1,440",16.0,0,0,0,0,0,0,1,0,0.0,0.0,0.1,0.1,0,2,0,0.00,0.00,0.00,0.00,0.00,0.00,0.01,0.01,0.00,0.01,Matches,,,,,,,
405,Bukayo Saka,eng ENG,"FW,MF",Arsenal,23-143,2001,16,16,"1,268",14.1,5,10,15,4,1,1,3,0,4.2,3.4,5.8,9.2,72,53,195,0.35,0.71,1.06,0.28,0.99,0.30,0.41,0.71,0.24,0.65,Matches,,,,,,,
406,Mohamed Salah,eg EGY,FW,Liverpool,32-225,1992,22,22,"1,942",21.6,19,13,32,14,5,5,1,0,17.3,13.3,9.2,22.5,93,87,286,0.88,0.60,1.48,0.65,1.25,0.80,0.42,1.22,0.62,1.04,Matches,,,,,,,
407,William Saliba,fr FRA,DF,Arsenal,23-308,2001,21,21,"1,829",20.3,2,0,2,2,0,0,2,1,1.9,1.9,0.5,2.4,10,70,2,0.10,0.00,0.10,0.10,0.10,0.09,0.03,0.12,0.09,0.12,Matches,,,,,,,
408,Robert Sánchez,es ESP,GK,Chelsea,27-069,1997,21,21,"1,890",21.0,0,0,0,0,0,0,5,0,0.0,0.0,0.0,0.0,0,1,0,0.00,0.00,0.00,0.00,0.00,0.00,0.00,0.00,0.00,0.00,Matches,,,,,,,
409,Jadon Sancho,eng ENG,FW,Chelsea,24-307,2000,17,12,"1,062",11.8,2,4,6,2,0,0,1,0,1.4,1.4,2.6,4.0,63,56,131,0.17,0.34,0.51,0.17,0.51,0.11,0.22,0.34,0.11,0.34,Matches,,,,,,,
410,Ibrahim Sangaré,ci CIV,MF,Nott'ham Forest,27-055,1997,3,3,212,2.4,0,0,0,0,0,0,2,0,0.0,0.0,0.0,0.0,0,8,2,0.00,0.00,0.00,0.00,0.00,0.01,0.01,0.01,0.01,0.01,Matches,,,,,,,
411,Pablo Sarabia,es ESP,"MF,FW",Wolves,32-260,1992,9,4,349,3.9,1,0,1,1,0,0,1,0,2.2,2.2,0.5,2.6,8,26,27,0.26,0.00,0.26,0.26,0.26,0.56,0.12,0.68,0.56,0.68,Matches,,,,,,,
412,Jeremy Sarmiento,ec ECU,MF,Brighton,22-224,2002,1,0,9,0.1,0,0,0,0,0,0,0,0,0.0,0.0,0.0,0.0,0,0,2,0.00,0.00,0.00,0.00,0.00,0.00,0.00,0.00,0.00,0.00,Matches,,,,,,,
413,Ismaila Sarr,sn SEN,"MF,FW",Crystal Palace,26-336,1998,22,15,"1,431",15.9,4,3,7,4,0,0,3,0,3.9,3.9,4.7,8.6,40,46,105,0.25,0.19,0.44,0.25,0.44,0.25,0.29,0.54,0.25,0.54,Matches,,,,,,,
414,Sávio,br BRA,"FW,MF",Manchester City,20-291,2004,18,13,"1,080",12.0,1,5,6,1,0,0,2,0,3.0,3.0,4.9,7.9,91,49,144,0.08,0.42,0.50,0.08,0.50,0.25,0.41,0.66,0.25,0.66,Matches,,,,,,,
415,Oliver Scarles,eng ENG,"DF,FW",West Ham,19-045,2005,4,0,81,0.9,0,0,0,0,0,0,0,0,0.0,0.0,0.0,0.0,1,3,11,0.00,0.00,0.00,0.00,0.00,0.00,0.00,0.00,0.00,0.00,Matches,,,,,,,
416,Kevin Schade,de GER,FW,Brentford,23-060,2001,22,10,992,11.0,5,2,7,5,0,0,2,0,4.1,4.1,1.7,5.9,28,20,76,0.45,0.18,0.64,0.45,0.64,0.38,0.16,0.53,0.38,0.53,Matches,,,,,,,
417,Fabian Schär,ch SUI,DF,Newcastle Utd,33-037,1991,19,18,"1,602",17.8,2,0,2,2,0,0,5,1,1.4,1.4,0.3,1.7,10,63,11,0.11,0.00,0.11,0.11,0.11,0.08,0.02,0.09,0.08,0.09,Matches,,,,,,,
418,Jeffrey Schlupp,gh GHA,"MF,DF",Crystal Palace,32-034,1992,12,0,103,1.1,0,0,0,0,0,0,0,0,0.2,0.2,0.2,0.3,4,5,9,0.00,0.00,0.00,0.00,0.00,0.14,0.14,0.28,0.14,0.28,Matches,,,,,,,
419,Alex Scott,eng ENG,MF,Bournemouth,21-158,2003,8,2,263,2.9,0,0,0,0,0,0,0,0,0.1,0.1,0.2,0.3,5,32,14,0.00,0.00,0.00,0.00,0.00,0.05,0.07,0.12,0.05,0.12,Matches,,,,,,,
420,Matz Sels,be BEL,GK,Nott'ham Forest,32-335,1992,23,23,"2,070",23.0,0,0,0,0,0,0,2,0,0.0,0.0,0.0,0.0,0,1,0,0.00,0.00,0.00,0.00,0.00,0.00,0.00,0.00,0.00,0.00,Matches,,,,,,,
421,Nélson Semedo,pt POR,DF,Wolves,31-071,1993,19,18,"1,608",17.9,0,3,3,0,0,0,7,0,0.4,0.4,2.2,2.6,38,39,65,0.00,0.17,0.17,0.00,0.17,0.02,0.12,0.15,0.02,0.15,Matches,,,,,,,
422,Antoine Semenyo,gh GHA,FW,Bournemouth,25-019,2000,22,22,"1,926",21.4,7,3,10,7,0,0,5,0,6.9,6.9,4.0,10.9,87,64,186,0.33,0.14,0.47,0.33,0.47,0.32,0.19,0.51,0.32,0.51,Matches,,,,,,,
423,Marcos Senesi,ar ARG,DF,Bournemouth,27-261,1997,11,11,917,10.2,0,0,0,0,0,0,4,0,0.8,0.8,0.4,1.2,11,45,3,0.00,0.00,0.00,0.00,0.00,0.08,0.04,0.12,0.08,0.12,Matches,,,,,,,
424,Ryan Sessegnon,eng ENG,MF,Fulham,24-253,2000,2,0,6,0.1,0,0,0,0,0,0,0,0,0.0,0.0,0.0,0.0,0,0,0,0.00,0.00,0.00,0.00,0.00,0.00,0.00,0.00,0.00,0.00,Matches,,,,,,,
425,Luke Shaw,eng ENG,DF,Manchester Utd,29-198,1995,2,0,70,0.8,0,0,0,0,0,0,0,0,0.0,0.0,0.0,0.0,1,6,0,0.00,0.00,0.00,0.00,0.00,0.00,0.00,0.00,0.00,0.00,Matches,,,,,,,
Rk,Player,Nation,Pos,Squad,Age,Born,MP,Starts,Min,90s,Gls,Ast,G+A,G-PK,PK,PKatt,CrdY,CrdR,xG,npxG,xAG,npxG+xAG,PrgC,PrgP,PrgR,Gls,Ast,G+A,G-PK,G+A-PK,xG,xAG,xG+xAG,npxG,npxG+xAG,Matches,,,,,,,
426,Zain Silcott-Duberry,ms MSR,FW,Bournemouth,19-201,2005,1,0,1,0.0,0,0,0,0,0,0,0,0,0.0,0.0,0.0,0.0,0,0,1,0.00,0.00,0.00,0.00,0.00,0.00,0.00,0.00,0.00,0.00,Matches,,,,,,,
427,Bernardo Silva,pt POR,"MF,FW",Manchester City,30-169,1994,22,20,"1,826",20.3,2,4,6,2,0,0,5,0,2.9,2.9,4.0,6.9,74,86,156,0.10,0.20,0.30,0.10,0.30,0.14,0.20,0.34,0.14,0.34,Matches,,,,,,,
428,Jota Silva,pt POR,"FW,MF",Nott'ham Forest,25-178,1999,22,4,689,7.7,0,1,1,0,0,0,4,0,1.0,1.0,2.5,3.4,16,12,42,0.00,0.13,0.13,0.00,0.13,0.13,0.32,0.45,0.13,0.45,Matches,,,,,,,
429,Eric da Silva Moreira,de GER,"MF,DF",Nott'ham Forest,18-268,2006,2,0,30,0.3,0,0,0,0,0,0,0,0,0.0,0.0,0.0,0.0,1,0,1,0.00,0.00,0.00,0.00,0.00,0.00,0.00,0.00,0.00,0.00,Matches,,,,,,,
430,Jahmai Simpson-Pusey,eng ENG,DF,Manchester City,19-083,2005,2,1,96,1.1,0,0,0,0,0,0,1,0,0.0,0.0,0.0,0.0,1,3,0,0.00,0.00,0.00,0.00,0.00,0.00,0.00,0.00,0.00,0.00,Matches,,,,,,,
431,Luis Sinisterra,co COL,"FW,MF",Bournemouth,25-223,1999,8,1,208,2.3,1,1,2,1,0,0,0,0,1.1,1.1,1.0,2.1,14,3,29,0.43,0.43,0.87,0.43,0.87,0.48,0.44,0.92,0.48,0.92,Matches,,,,,,,
432,Oliver Skipp,eng ENG,MF,Leicester City,24-132,2000,14,7,760,8.4,0,0,0,0,0,0,4,0,0.1,0.1,0.2,0.3,13,22,13,0.00,0.00,0.00,0.00,0.00,0.01,0.03,0.04,0.01,0.04,Matches,,,,,,,
433,William Smallbone,ie IRL,MF,Southampton,24-340,2000,7,3,286,3.2,0,0,0,0,0,0,0,0,0.3,0.3,0.3,0.6,2,9,15,0.00,0.00,0.00,0.00,0.00,0.10,0.09,0.19,0.10,0.19,Matches,,,,,,,
434,Adam Smith,eng ENG,DF,Bournemouth,33-272,1991,17,12,"1,035",11.5,0,0,0,0,0,0,4,0,0.6,0.6,0.1,0.7,7,31,16,0.00,0.00,0.00,0.00,0.00,0.05,0.01,0.06,0.05,0.06,Matches,,,,,,,
435,Emile Smith Rowe,eng ENG,MF,Fulham,24-182,2000,20,16,"1,282",14.2,4,2,6,4,0,0,1,0,3.3,3.3,1.0,4.3,38,85,78,0.28,0.14,0.42,0.28,0.42,0.23,0.07,0.30,0.23,0.30,Matches,,,,,,,
436,Dominic Solanke,eng ENG,FW,Tottenham,27-134,1997,18,18,"1,598",17.8,7,3,10,7,0,0,0,0,8.5,8.5,2.6,11.0,27,37,71,0.39,0.17,0.56,0.39,0.56,0.48,0.14,0.62,0.48,0.62,Matches,,,,,,,
437,Carlos Soler,es ESP,"MF,FW",West Ham,28-024,1997,17,9,841,9.3,1,1,2,1,0,0,5,0,1.1,1.1,1.0,2.1,9,39,19,0.11,0.11,0.21,0.11,0.21,0.12,0.11,0.23,0.12,0.23,Matches,,,,,,,
438,Ramón Sosa,py PAR,"FW,MF",Nott'ham Forest,25-148,1999,14,1,241,2.7,1,0,1,1,0,0,1,0,1.0,1.0,0.4,1.4,10,4,14,0.37,0.00,0.37,0.37,0.37,0.35,0.15,0.51,0.35,0.51,Matches,,,,,,,
439,Tomáš Souček,cz CZE,MF,West Ham,29-334,1995,20,17,"1,525",16.9,5,1,6,5,0,0,6,0,3.5,3.5,1.0,4.5,3,47,39,0.30,0.06,0.35,0.30,0.35,0.21,0.06,0.27,0.21,0.27,Matches,,,,,,,
440,Boubakary Soumaré,fr FRA,MF,Leicester City,25-334,1999,15,11,"1,015",11.3,0,0,0,0,0,0,8,0,0.2,0.2,0.1,0.3,15,46,9,0.00,0.00,0.00,0.00,0.00,0.02,0.01,0.03,0.02,0.03,Matches,,,,,,,
441,Djed Spence,eng ENG,DF,Tottenham,24-170,2000,10,6,590,6.6,0,1,1,0,0,0,3,1,0.1,0.1,0.9,1.0,20,33,30,0.00,0.15,0.15,0.00,0.15,0.02,0.13,0.15,0.02,0.15,Matches,,,,,,,
442,Jay Stansfield,eng ENG,MF,Fulham,22-063,2002,1,0,1,0.0,0,0,0,0,0,0,0,0,0.0,0.0,0.0,0.0,0,0,0,0.00,0.00,0.00,0.00,0.00,0.00,0.00,0.00,0.00,0.00,Matches,,,,,,,
443,Jason Steele,eng ENG,GK,Brighton,34-161,1990,2,2,180,2.0,0,0,0,0,0,0,0,0,0.0,0.0,0.0,0.0,0,0,0,0.00,0.00,0.00,0.00,0.00,0.00,0.00,0.00,0.00,0.00,Matches,,,,,,,
444,Jack Stephens,eng ENG,DF,Southampton,30-365,1994,10,10,793,8.8,0,0,0,0,0,0,2,2,0.3,0.3,0.1,0.4,11,43,1,0.00,0.00,0.00,0.00,0.00,0.03,0.02,0.05,0.03,0.05,Matches,,,,,,,
445,Raheem Sterling,eng ENG,"FW,MF",Arsenal,30-049,1994,8,3,217,2.4,0,1,1,0,0,0,1,0,0.9,0.9,0.2,1.0,13,12,36,0.00,0.41,0.41,0.00,0.41,0.36,0.07,0.43,0.36,0.43,Matches,,,,,,,
446,Ross Stewart,sct SCO,"FW,MF",Southampton,28-199,1996,4,1,132,1.5,0,0,0,0,0,0,1,0,0.1,0.1,0.0,0.1,1,1,5,0.00,0.00,0.00,0.00,0.00,0.08,0.00,0.08,0.08,0.08,Matches,,,,,,,
447,Jakub Stolarczyk,pl POL,GK,Leicester City,24-038,2000,5,5,450,5.0,0,0,0,0,0,0,0,0,0.0,0.0,0.0,0.0,0,1,0,0.00,0.00,0.00,0.00,0.00,0.00,0.00,0.00,0.00,0.00,Matches,,,,,,,
448,John Stones,eng ENG,"DF,MF",Manchester City,30-243,1994,9,4,368,4.1,2,0,2,2,0,0,1,0,0.4,0.4,0.1,0.5,8,19,1,0.49,0.00,0.49,0.49,0.49,0.11,0.02,0.12,0.11,0.12,Matches,,,,,,,
449,Jørgen Strand Larsen,no NOR,FW,Wolves,24-355,2000,23,22,"1,833",20.4,7,2,9,7,0,0,2,0,6.3,6.3,1.6,7.9,9,18,63,0.34,0.10,0.44,0.34,0.44,0.31,0.08,0.39,0.31,0.39,Matches,,,,,,,
450,Yukinari Sugawara,jp JPN,DF,Southampton,24-212,2000,20,13,"1,156",12.8,1,1,2,1,0,0,3,0,0.4,0.4,2.2,2.6,25,58,57,0.08,0.08,0.16,0.08,0.16,0.03,0.17,0.20,0.03,0.20,Matches,,,,,,,
Rk,Player,Nation,Pos,Squad,Age,Born,MP,Starts,Min,90s,Gls,Ast,G+A,G-PK,PK,PKatt,CrdY,CrdR,xG,npxG,xAG,npxG+xAG,PrgC,PrgP,PrgR,Gls,Ast,G+A,G-PK,G+A-PK,xG,xAG,xG+xAG,npxG,npxG+xAG,Matches,,,,,,,
451,Kamaldeen Sulemana,gh GHA,"FW,MF",Southampton,22-346,2002,11,3,285,3.2,0,0,0,0,0,0,0,0,0.4,0.4,0.0,0.4,11,5,21,0.00,0.00,0.00,0.00,0.00,0.14,0.00,0.14,0.14,0.14,Matches,,,,,,,
452,Crysencio Summerville,nl NED,"FW,MF",West Ham,23-088,2001,19,7,786,8.7,1,1,2,1,0,0,2,0,1.6,1.6,1.7,3.3,29,18,71,0.11,0.11,0.23,0.11,0.23,0.19,0.19,0.38,0.19,0.38,Matches,,,,,,,
453,Sammie Szmodics,ie IRL,"FW,MF",Ipswich Town,29-124,1995,18,13,978,10.9,4,0,4,4,0,0,2,0,3.4,3.4,0.2,3.6,16,18,46,0.37,0.00,0.37,0.37,0.37,0.31,0.02,0.33,0.31,0.33,Matches,,,,,,,
454,Dominik Szoboszlai,hu HUN,MF,Liverpool,24-093,2000,20,15,"1,368",15.2,3,2,5,3,0,0,6,0,5.4,5.4,3.0,8.5,48,80,76,0.20,0.13,0.33,0.20,0.33,0.36,0.20,0.56,0.36,0.56,Matches,,,,,,,
455,Matt Targett,eng ENG,DF,Newcastle Utd,29-130,1995,1,0,12,0.1,0,0,0,0,0,0,0,0,0.0,0.0,0.0,0.0,0,0,0,0.00,0.00,0.00,0.00,0.00,0.00,0.00,0.00,0.00,0.00,Matches,,,,,,,
456,James Tarkowski,eng ENG,DF,Everton,32-068,1992,22,22,"1,971",21.9,0,0,0,0,0,0,4,0,0.9,0.9,1.9,2.8,4,51,3,0.00,0.00,0.00,0.00,0.00,0.04,0.09,0.13,0.04,0.13,Matches,,,,,,,
457,Marcus Tavernier,eng ENG,"FW,MF",Bournemouth,25-310,1999,16,13,"1,151",12.8,1,5,6,1,0,0,2,0,4.3,4.3,2.6,6.9,27,73,84,0.08,0.39,0.47,0.08,0.47,0.33,0.20,0.54,0.33,0.54,Matches,,,,,,,
458,Charlie Taylor,eng ENG,DF,Southampton,31-130,1993,7,2,266,3.0,0,0,0,0,0,0,1,0,0.0,0.0,0.1,0.1,3,8,6,0.00,0.00,0.00,0.00,0.00,0.00,0.03,0.03,0.00,0.03,Matches,,,,,,,
459,Jack Taylor,ie IRL,MF,Ipswich Town,26-217,1998,17,1,404,4.5,1,0,1,1,0,0,3,0,0.5,0.5,0.5,1.1,8,32,12,0.22,0.00,0.22,0.22,0.22,0.12,0.12,0.24,0.12,0.24,Matches,,,,,,,
460,Kenny Tete,nl NED,DF,Fulham,29-109,1995,15,15,"1,262",14.0,0,2,2,0,0,0,3,0,1.0,1.0,0.7,1.8,33,42,39,0.00,0.14,0.14,0.00,0.14,0.07,0.05,0.13,0.07,0.13,Matches,,,,,,,
461,Thiago,br BRA,FW,Brentford,23-214,2001,4,1,132,1.5,0,0,0,0,0,0,0,0,0.1,0.1,0.1,0.2,3,2,4,0.00,0.00,0.00,0.00,0.00,0.07,0.05,0.11,0.07,0.11,Matches,,,,,,,
462,Luke Thomas,eng ENG,DF,Leicester City,23-230,2001,2,2,179,2.0,0,0,0,0,0,0,0,0,0.0,0.0,0.1,0.1,1,7,5,0.00,0.00,0.00,0.00,0.00,0.01,0.03,0.04,0.01,0.04,Matches,,,,,,,
463,Youri Tielemans,be BEL,MF,Aston Villa,27-264,1997,22,22,"1,861",20.7,1,4,5,1,0,1,3,0,2.1,1.3,4.3,5.6,25,131,24,0.05,0.19,0.24,0.05,0.24,0.10,0.21,0.31,0.06,0.27,Matches,,,,,,,
464,Kieran Tierney,sct SCO,"FW,DF",Arsenal,27-235,1997,2,0,18,0.2,0,0,0,0,0,0,0,0,0.0,0.0,0.3,0.3,1,0,0,0.00,0.00,0.00,0.00,0.00,0.00,1.50,1.50,0.00,1.50,Matches,,,,,,,
465,Jurriën Timber,nl NED,DF,Arsenal,23-223,2001,20,19,"1,665",18.5,1,1,2,1,0,0,6,0,0.7,0.7,0.7,1.4,32,84,57,0.05,0.05,0.11,0.05,0.11,0.04,0.04,0.07,0.04,0.07,Matches,,,,,,,
466,Jean-Clair Todibo,fr FRA,DF,West Ham,25-027,1999,15,8,866,9.6,0,0,0,0,0,0,0,0,0.1,0.1,0.0,0.1,3,17,1,0.00,0.00,0.00,0.00,0.00,0.01,0.00,0.01,0.01,0.01,Matches,,,,,,,
467,Harry Toffolo,eng ENG,DF,Nott'ham Forest,29-160,1995,3,0,47,0.5,0,0,0,0,0,0,0,0,0.0,0.0,0.0,0.0,0,2,4,0.00,0.00,0.00,0.00,0.00,0.03,0.00,0.03,0.03,0.03,Matches,,,,,,,
468,Takehiro Tomiyasu,jp JPN,DF,Arsenal,26-082,1998,1,0,7,0.1,0,0,0,0,0,0,0,0,0.2,0.2,0.0,0.2,0,1,0,0.00,0.00,0.00,0.00,0.00,2.37,0.00,2.37,2.37,2.37,Matches,,,,,,,
469,Sandro Tonali,it ITA,MF,Newcastle Utd,24-263,2000,21,14,"1,371",15.2,1,1,2,1,0,0,4,0,3.1,3.1,0.6,3.6,19,64,31,0.07,0.07,0.13,0.07,0.13,0.20,0.04,0.24,0.20,0.24,Matches,,,,,,,
470,Pau Torres,es ESP,DF,Aston Villa,28-010,1997,18,18,"1,549",17.2,0,0,0,0,0,0,1,0,0.5,0.5,0.0,0.5,31,70,4,0.00,0.00,0.00,0.00,0.00,0.03,0.00,0.03,0.03,0.03,Matches,,,,,,,
471,Conor Townsend,eng ENG,"DF,MF",Ipswich Town,31-328,1993,2,0,46,0.5,0,0,0,0,0,0,0,0,0.0,0.0,0.2,0.2,0,1,2,0.00,0.00,0.00,0.00,0.00,0.00,0.42,0.42,0.00,0.42,Matches,,,,,,,
472,Adama Traoré,es ESP,"FW,MF",Fulham,29-001,1996,21,11,"1,009",11.2,2,3,5,2,0,0,2,0,3.3,3.3,3.0,6.2,58,35,93,0.18,0.27,0.45,0.18,0.45,0.29,0.27,0.56,0.29,0.56,Matches,,,,,,,
473,Mark Travers,ie IRL,GK,Bournemouth,25-253,1999,5,5,450,5.0,0,0,0,0,0,0,0,0,0.0,0.0,0.0,0.0,0,0,0,0.00,0.00,0.00,0.00,0.00,0.00,0.00,0.00,0.00,0.00,Matches,,,,,,,
474,Ryan Trevitt,eng ENG,MF,Brentford,21-320,2003,1,0,4,0.0,0,0,0,0,0,0,0,0,0.0,0.0,0.0,0.0,0,0,1,0.00,0.00,0.00,0.00,0.00,0.00,0.00,0.00,0.00,0.00,Matches,,,,,,,
475,Kieran Trippier,eng ENG,DF,Newcastle Utd,34-129,1990,13,5,514,5.7,0,0,0,0,0,0,1,0,0.0,0.0,0.2,0.3,10,36,26,0.00,0.00,0.00,0.00,0.00,0.00,0.04,0.05,0.00,0.05,Matches,,,,,,,
Rk,Player,Nation,Pos,Squad,Age,Born,MP,Starts,Min,90s,Gls,Ast,G+A,G-PK,PK,PKatt,CrdY,CrdR,xG,npxG,xAG,npxG+xAG,PrgC,PrgP,PrgR,Gls,Ast,G+A,G-PK,G+A-PK,xG,xAG,xG+xAG,npxG,npxG+xAG,Matches,,,,,,,
476,Leandro Trossard,be BEL,FW,Arsenal,30-053,1994,23,15,"1,366",15.2,4,4,8,4,0,0,3,1,3.7,3.7,4.0,7.6,50,60,119,0.26,0.26,0.53,0.26,0.53,0.24,0.26,0.50,0.24,0.50,Matches,,,,,,,
477,Kostas Tsimikas,gr GRE,DF,Liverpool,28-259,1996,10,3,343,3.8,0,1,1,0,0,0,1,0,0.1,0.1,1.0,1.1,9,39,15,0.00,0.26,0.26,0.00,0.26,0.02,0.25,0.27,0.02,0.27,Matches,,,,,,,
478,Axel Tuanzebe,cd COD,DF,Ipswich Town,27-073,1997,11,10,887,9.9,0,0,0,0,0,0,3,0,0.2,0.2,0.2,0.4,4,20,3,0.00,0.00,0.00,0.00,0.00,0.02,0.03,0.04,0.02,0.04,Matches,,,,,,,
479,Destiny Udogie,it ITA,DF,Tottenham,22-059,2002,18,18,"1,430",15.9,0,1,1,0,0,0,2,0,0.3,0.3,1.3,1.6,39,97,79,0.00,0.06,0.06,0.00,0.06,0.02,0.08,0.10,0.02,0.10,Matches,,,,,,,
480,Manuel Ugarte Ribeiro,uy URU,MF,Manchester Utd,23-290,2001,16,11,918,10.2,0,0,0,0,0,0,6,0,0.3,0.3,0.5,0.8,7,33,9,0.00,0.00,0.00,0.00,0.00,0.03,0.05,0.08,0.03,0.08,Matches,,,,,,,
481,Lesley Ugochukwu,fr FRA,MF,Southampton,20-306,2004,13,6,665,7.4,0,1,1,0,0,0,3,0,0.3,0.3,0.5,0.9,14,29,10,0.00,0.14,0.14,0.00,0.14,0.05,0.07,0.11,0.05,0.11,Matches,,,,,,,
482,Enes Ünal,tr TUR,"FW,MF",Bournemouth,27-261,1997,17,2,345,3.8,2,1,3,2,0,0,2,0,2.7,2.7,0.4,3.1,4,12,22,0.52,0.26,0.78,0.52,0.78,0.72,0.10,0.82,0.72,0.82,Matches,,,,,,,
483,Virgil van Dijk,nl NED,DF,Liverpool,33-202,1991,22,22,"1,980",22.0,1,1,2,1,0,0,1,0,1.5,1.5,0.4,2.0,8,98,4,0.05,0.05,0.09,0.05,0.09,0.07,0.02,0.09,0.07,0.09,Matches,,,,,,,
484,Jamie Vardy,eng ENG,FW,Leicester City,38-015,1987,20,20,"1,641",18.2,6,3,9,5,1,1,4,0,7.3,6.5,2.4,8.9,17,15,74,0.33,0.16,0.49,0.27,0.44,0.40,0.13,0.53,0.35,0.49,Matches,,,,,,,
485,Renato Veiga,pt POR,"DF,MF",Chelsea,21-181,2003,7,1,181,2.0,0,0,0,0,0,0,2,0,0.2,0.2,0.0,0.2,4,7,3,0.00,0.00,0.00,0.00,0.00,0.08,0.00,0.08,0.08,0.08,Matches,,,,,,,
486,Joël Veltman,nl NED,DF,Brighton,33-011,1992,17,17,"1,463",16.3,0,0,0,0,0,0,4,0,0.2,0.2,0.5,0.7,28,71,26,0.00,0.00,0.00,0.00,0.00,0.01,0.03,0.04,0.01,0.04,Matches,,,,,,,
487,Micky van de Ven,nl NED,DF,Tottenham,23-282,2001,9,9,788,8.8,0,2,2,0,0,0,4,0,0.4,0.4,1.2,1.5,8,43,1,0.00,0.23,0.23,0.00,0.23,0.04,0.13,0.17,0.04,0.17,Matches,,,,,,,
488,Bart Verbruggen,nl NED,GK,Brighton,22-161,2002,21,21,"1,890",21.0,0,0,0,0,0,0,3,0,0.0,0.0,0.0,0.0,0,2,0,0.00,0.00,0.00,0.00,0.00,0.00,0.00,0.00,0.00,0.00,Matches,,,,,,,
489,Jannik Vestergaard,dk DEN,DF,Leicester City,32-176,1992,14,13,"1,111",12.3,0,0,0,0,0,0,5,0,0.0,0.0,0.0,0.1,2,22,2,0.00,0.00,0.00,0.00,0.00,0.00,0.00,0.00,0.00,0.00,Matches,,,,,,,
490,Guglielmo Vicario,it ITA,GK,Tottenham,28-111,1996,12,12,"1,080",12.0,0,0,0,0,0,0,1,0,0.0,0.0,0.0,0.0,0,1,0,0.00,0.00,0.00,0.00,0.00,0.00,0.00,0.00,0.00,0.00,Matches,,,,,,,
491,Carlos Vinícius,br BRA,MF,Fulham,29-307,1995,1,0,4,0.0,0,0,0,0,0,0,0,0,0.0,0.0,0.0,0.0,1,0,1,0.00,0.00,0.00,0.00,0.00,0.83,0.00,0.83,0.83,0.83,Matches,,,,,,,
492,Kyle Walker,eng ENG,DF,Manchester City,34-243,1990,15,9,970,10.8,0,0,0,0,0,0,3,0,0.1,0.1,0.4,0.6,12,64,11,0.00,0.00,0.00,0.00,0.00,0.01,0.04,0.05,0.01,0.05,Matches,,,,,,,
493,Kyle Walker-Peters,eng ENG,DF,Southampton,27-288,1997,21,21,"1,870",20.8,0,2,2,0,0,0,5,0,0.5,0.5,2.5,3.0,79,94,88,0.00,0.10,0.10,0.00,0.10,0.02,0.12,0.14,0.02,0.14,Matches,,,,,,,
494,Christian Walton,eng ENG,GK,Ipswich Town,29-078,1995,6,6,540,6.0,0,0,0,0,0,0,0,0,0.0,0.0,0.0,0.0,0,0,0,0.00,0.00,0.00,0.00,0.00,0.00,0.00,0.00,0.00,0.00,Matches,,,,,,,
495,Aaron Wan-Bissaka,eng ENG,DF,West Ham,27-061,1997,21,20,"1,804",20.0,2,1,3,2,0,0,1,0,1.0,1.0,1.3,2.2,62,79,75,0.10,0.05,0.15,0.10,0.15,0.05,0.06,0.11,0.05,0.11,Matches,,,,,,,
496,Danny Ward,wls WAL,GK,Leicester City,31-218,1993,2,1,135,1.5,0,0,0,0,0,0,0,0,0.0,0.0,0.0,0.0,0,0,0,0.00,0.00,0.00,0.00,0.00,0.00,0.00,0.00,0.00,0.00,Matches,,,,,,,
497,James Ward-Prowse,eng ENG,MF,West Ham,30-086,1994,1,0,18,0.2,0,0,0,0,0,0,0,0,0.0,0.0,0.0,0.0,1,4,0,0.00,0.00,0.00,0.00,0.00,0.00,0.00,0.00,0.00,0.00,Matches,,,,,,,
498,James Ward-Prowse,eng ENG,MF,Nott'ham Forest,30-086,1994,9,5,400,4.4,0,1,1,0,0,0,2,1,0.1,0.1,1.1,1.2,1,16,3,0.00,0.23,0.23,0.00,0.23,0.01,0.25,0.26,0.01,0.26,Matches,,,,,,,
499,Ollie Watkins,eng ENG,FW,Aston Villa,29-027,1995,22,18,"1,531",17.0,10,4,14,8,2,2,0,0,11.4,9.8,2.2,12.1,30,14,100,0.59,0.24,0.82,0.47,0.71,0.67,0.13,0.80,0.58,0.71,Matches,,,,,,,
500,Adam Webster,eng ENG,DF,Brighton,30-022,1995,6,3,167,1.9,0,0,0,0,0,0,0,0,0.0,0.0,0.0,0.0,1,20,2,0.00,0.00,0.00,0.00,0.00,0.01,0.00,0.01,0.01,0.01,Matches,,,,,,,
Rk,Player,Nation,Pos,Squad,Age,Born,MP,Starts,Min,90s,Gls,Ast,G+A,G-PK,PK,PKatt,CrdY,CrdR,xG,npxG,xAG,npxG+xAG,PrgC,PrgP,PrgR,Gls,Ast,G+A,G-PK,G+A-PK,xG,xAG,xG+xAG,npxG,npxG+xAG,Matches,,,,,,,
501,Danny Welbeck,eng ENG,FW,Brighton,34-061,1990,17,15,"1,283",14.3,6,2,8,6,0,0,1,0,5.9,5.9,0.5,6.4,13,32,51,0.42,0.14,0.56,0.42,0.56,0.41,0.04,0.45,0.41,0.45,Matches,,,,,,,
502,Timo Werner,de GER,"FW,MF",Tottenham,28-326,1996,17,4,507,5.6,0,3,3,0,0,0,0,0,1.0,1.0,2.5,3.5,42,29,87,0.00,0.53,0.53,0.00,0.53,0.17,0.44,0.62,0.17,0.62,Matches,,,,,,,
503,Adam Wharton,eng ENG,MF,Crystal Palace,20-238,2004,8,8,622,6.9,0,0,0,0,0,0,0,0,0.2,0.2,0.6,0.8,6,61,6,0.00,0.00,0.00,0.00,0.00,0.03,0.09,0.12,0.03,0.12,Matches,,,,,,,
504,Ben White,eng ENG,DF,Arsenal,27-110,1997,9,7,695,7.7,0,1,1,0,0,0,2,0,0.1,0.1,0.4,0.6,4,30,15,0.00,0.13,0.13,0.00,0.13,0.02,0.06,0.07,0.02,0.07,Matches,,,,,,,
505,Mats Wieffer,nl NED,MF,Brighton,25-071,1999,13,4,471,5.2,1,1,2,1,0,0,2,0,0.5,0.5,0.6,1.0,5,34,8,0.19,0.19,0.38,0.19,0.38,0.09,0.10,0.19,0.09,0.19,Matches,,,,,,,
506,Neco Williams,wls WAL,DF,Nott'ham Forest,23-288,2001,20,13,"1,244",13.8,0,1,1,0,0,0,4,0,1.1,1.1,0.6,1.6,35,39,36,0.00,0.07,0.07,0.00,0.07,0.08,0.04,0.12,0.08,0.12,Matches,,,,,,,
507,Joe Willock,eng ENG,"MF,FW",Newcastle Utd,25-159,1999,20,6,597,6.6,0,1,1,0,0,0,2,0,0.9,0.9,1.4,2.2,20,24,47,0.00,0.15,0.15,0.00,0.15,0.13,0.21,0.34,0.13,0.34,Matches,,,,,,,
508,Callum Wilson,eng ENG,"FW,MF",Newcastle Utd,32-334,1992,4,0,61,0.7,0,0,0,0,0,0,1,0,0.0,0.0,0.0,0.0,0,0,3,0.00,0.00,0.00,0.00,0.00,0.00,0.00,0.00,0.00,0.00,Matches,,,,,,,
509,Harry Wilson,wls WAL,"FW,MF",Fulham,27-310,1997,18,7,787,8.7,5,1,6,5,0,0,2,0,3.2,3.2,1.0,4.2,15,39,70,0.57,0.11,0.69,0.57,0.69,0.37,0.11,0.48,0.37,0.48,Matches,,,,,,,
510,Harry Winks,eng ENG,MF,Leicester City,28-359,1996,17,15,"1,276",14.2,0,2,2,0,0,0,3,0,0.2,0.2,1.1,1.3,14,82,9,0.00,0.14,0.14,0.00,0.14,0.01,0.08,0.09,0.01,0.09,Matches,,,,,,,
511,Ben Winterburn,eng ENG,MF,Bournemouth,20-144,2004,2,0,10,0.1,0,0,0,0,0,0,0,0,0.0,0.0,0.0,0.0,0,0,0,0.00,0.00,0.00,0.00,0.00,0.00,0.00,0.00,0.00,0.00,Matches,,,,,,,
512,Yoane Wissa,cd COD,FW,Brentford,28-145,1996,19,18,"1,481",16.5,11,2,13,11,0,0,2,0,10.2,10.2,1.3,11.6,35,34,83,0.67,0.12,0.79,0.67,0.79,0.62,0.08,0.70,0.62,0.70,Matches,,,,,,,
513,Chris Wood,nz NZL,FW,Nott'ham Forest,33-050,1991,23,22,"1,834",20.4,14,2,16,12,2,2,1,0,8.1,6.5,1.5,8.0,12,23,54,0.69,0.10,0.79,0.59,0.69,0.40,0.07,0.47,0.32,0.39,Matches,,,,,,,
514,Nathan Wood-Gordon,eng ENG,DF,Southampton,22-240,2002,8,6,579,6.4,0,0,0,0,0,0,2,0,0.2,0.2,0.0,0.3,2,16,0,0.00,0.00,0.00,0.00,0.00,0.04,0.00,0.04,0.04,0.04,Matches,,,,,,,
515,Luke Woolfenden,eng ENG,DF,Ipswich Town,26-097,1998,9,8,737,8.2,0,0,0,0,0,0,2,0,0.0,0.0,0.0,0.0,4,13,0,0.00,0.00,0.00,0.00,0.00,0.00,0.00,0.00,0.00,0.00,Matches,,,,,,,
516,Yehor Yarmoliuk,ua UKR,MF,Brentford,20-331,2004,17,6,618,6.9,0,0,0,0,0,0,2,0,0.5,0.5,0.2,0.7,11,27,33,0.00,0.00,0.00,0.00,0.00,0.08,0.02,0.10,0.08,0.10,Matches,,,,,,,
517,Ryan Yates,eng ENG,MF,Nott'ham Forest,27-066,1997,22,15,"1,457",16.2,1,0,1,1,0,0,6,0,1.7,1.7,0.7,2.4,12,37,11,0.06,0.00,0.06,0.06,0.06,0.11,0.04,0.15,0.11,0.15,Matches,,,,,,,
518,Leny Yoro,fr FRA,DF,Manchester Utd,19-074,2005,9,4,422,4.7,0,0,0,0,0,0,2,0,0.7,0.7,0.0,0.7,2,18,2,0.00,0.00,0.00,0.00,0.00,0.14,0.00,0.14,0.14,0.14,Matches,,,,,,,
519,Ashley Young,eng ENG,DF,Everton,39-201,1985,19,17,"1,472",16.4,1,3,4,1,0,0,5,1,0.2,0.2,1.4,1.7,17,79,20,0.06,0.18,0.24,0.06,0.24,0.01,0.09,0.10,0.01,0.10,Matches,,,,,,,
520,Illia Zabarnyi,ua UKR,DF,Bournemouth,22-147,2002,23,23,"2,070",23.0,0,0,0,0,0,0,3,0,0.8,0.8,0.5,1.3,16,84,3,0.00,0.00,0.00,0.00,0.00,0.04,0.02,0.06,0.04,0.06,Matches,,,,,,,
521,Oleksandr Zinchenko,ua UKR,"DF,MF",Arsenal,28-042,1996,8,2,243,2.7,0,0,0,0,0,0,1,0,0.1,0.1,0.0,0.1,5,19,6,0.00,0.00,0.00,0.00,0.00,0.02,0.01,0.03,0.02,0.03,Matches,,,,,,,
522,Joshua Zirkzee,nl NED,"FW,MF",Manchester Utd,23-249,2001,22,8,831,9.2,3,1,4,3,0,0,1,0,3.3,3.3,1.4,4.7,5,27,40,0.32,0.11,0.43,0.32,0.43,0.35,0.15,0.51,0.35,0.51,Matches,,,,,,,
523,Martin Ødegaard,no NOR,MF,Arsenal,26-040,1998,15,14,"1,200",13.3,1,3,4,0,1,1,1,0,2.9,2.2,2.4,4.6,39,134,76,0.07,0.23,0.30,0.00,0.23,0.22,0.18,0.40,0.16,0.34,Matches,,,,,,,
