,Playing Time,Performance,Expected,Progression,Per 90 Minutes,,Rk,Player,Nation,Pos,Squad,Age,Born,MP,Starts,Min,90s,Gls,Ast,G+A,G-PK,PK,PKatt,CrdY,CrdR,xG,npxG,xAG,npxG+xAG,PrgC,PrgP,PrgR,Gls,Ast,G+A
Max Aarons,engENG,DF,Bournemouth,25-039,2000,3,1,86,1.0,0,0,0,0,0,0,0,0,0.0,0.0,0.0,0.0,1,8,3,0.00,0.00,0.00,0.00,0.00,0.00,0.00,0.00,0.00,0.00,Matches
Joshua Acheampong,engENG,DF,Chelsea,18-283,2006,2,2,160,1.8,0,0,0,0,0,0,0,0,0.2,0.2,0.0,0.2,0,7,0,0.00,0.00,0.00,0.00,0.00,0.12,0.00,0.12,0.12,0.12,Matches
Tyler Adams,usUSA,MF,Bournemouth,25-364,1999,14,9,866,9.6,0,3,3,0,0,0,4,0,1.1,1.1,0.7,1.8,7,39,4,0.00,0.31,0.31,0.00,0.31,0.11,0.07,0.18,0.11,0.18,Matches
Tosin Adarabioyo,engENG,DF,Chelsea,27-141,1997,12,9,823,9.1,1,0,1,1,0,0,2,0,0.8,0.8,0.0,0.8,5,26,1,0.11,0.00,0.11,0.11,0.11,0.09,0.00,0.09,0.09,0.09,Matches
Simon Adingra,ciCIV,"FW,MF",Brighton,23-042,2002,16,6,598,6.6,2,1,3,2,0,0,0,0,1.5,1.5,0.9,2.4,22,8,76,0.30,0.15,0.45,0.30,0.45,0.22,0.14,0.36,0.22,0.36,Matches
Emmanuel Agbadou,ciCIV,DF,Wolves,27-240,1997,4,4,360,4.0,0,0,0,0,0,0,1,0,0.0,0.0,0.0,0.0,1,6,0,0.00,0.00,0.00,0.00,0.00,0.01,0.00,0.01,0.01,0.01,Matches
Asher Agbinone,engENG,MF,Crystal Palace,19-137,2005,2,0,6,0.1,0,0,0,0,0,0,0,0,0.0,0.0,0.0,0.1,2,0,1,0.00,0.00,0.00,0.00,0.00,0.29,0.50,0.79,0.29,0.79,Matches
Ola Aina,ngNGA,DF,Nott'ham Forest,28-127,1996,24,24,"2,081",23.1,2,1,3,2,0,0,2,0,0.6,0.6,0.6,1.2,47,82,45,0.09,0.04,0.13,0.09,0.13,0.02,0.03,0.05,0.02,0.05,Matches
Rayan Aït-Nouri,dzALG,DF,Wolves,23-251,2001,23,23,"1,953",21.7,3,5,8,3,0,0,6,1,1.6,1.6,2.3,3.8,54,76,104,0.14,0.23,0.37,0.14,0.37,0.07,0.10,0.18,0.07,0.18,Matches
Kristoffer Ajer,noNOR,DF,Brentford,26-301,1998,11,10,792,8.8,0,0,0,0,0,0,3,0,0.6,0.6,0.8,1.4,17,32,22,0.00,0.00,0.00,0.00,0.00,0.06,0.09,0.16,0.06,0.16,Matches
Manuel Akanji,chSUI,DF,Manchester City,29-208,1995,20,20,"1,707",19.0,0,0,0,0,0,0,3,0,0.7,0.7,0.4,1.1,38,135,6,0.00,0.00,0.00,0.00,0.00,0.04,0.02,0.06,0.04,0.06,Matches
Nathan Aké,nlNED,DF,Manchester City,29-360,1995,9,7,602,6.7,0,0,0,0,0,0,0,0,0.2,0.2,0.0,0.2,11,39,2,0.00,0.00,0.00,0.00,0.00,0.03,0.00,0.03,0.03,0.03,Matches
Carlos Alcaraz,arARG,MF,Southampton,22-074,2002,1,0,10,0.1,0,0,0,0,0,0,0,0,0.1,0.1,0.1,0.2,4,6,1,0.00,0.00,0.00,0.00,0.00,0.62,0.86,1.48,0.62,1.48,Matches
Trent Alexander-Arnold,engENG,DF,Liverpool,26-128,1998,22,21,"1,734",19.3,1,6,7,1,0,0,4,0,1.2,1.2,6.4,7.6,41,159,76,0.05,0.31,0.36,0.05,0.36,0.06,0.33,0.39,0.06,0.39,Matches
Alisson,brBRA,GK,Liverpool,32-133,1992,15,15,"1,338",14.9,0,0,0,0,0,0,0,0,0.0,0.0,0.6,0.6,0,0,0,0.00,0.00,0.00,0.00,0.00,0.00,0.04,0.04,0.00,0.04,Matches
Miguel Almirón,pyPAR,FW,Newcastle Utd,31-002,1994,9,1,157,1.7,0,0,0,0,0,0,0,0,0.5,0.5,0.3,0.8,3,6,18,0.00,0.00,0.00,0.00,0.00,0.30,0.15,0.45,0.30,0.45,Matches
Edson Álvarez,mxMEX,MF,West Ham,27-111,1997,19,14,"1,229",13.7,0,1,1,0,0,0,8,1,0.3,0.3,0.8,1.1,14,55,14,0.00,0.07,0.07,0.00,0.07,0.02,0.06,0.08,0.02,0.08,Matches
Will Alves,engENG,FW,Leicester City,20-009,2005,1,0,1,0.0,0,0,0,0,0,0,0,0,0.0,0.0,0.0,0.0,0,0,1,0.00,0.00,0.00,0.00,0.00,0.00,0.00,0.00,0.00,0.00,Matches
Samuel Amo-Ameyaw,engENG,"FW,DF",Southampton,18-209,2006,2,0,28,0.3,0,0,0,0,0,0,1,0,0.0,0.0,0.1,0.1,1,0,3,0.00,0.00,0.00,0.00,0.00,0.07,0.22,0.29,0.07,0.29,Matches
Joachim Andersen,dkDEN,DF,Crystal Palace,28-257,1996,1,1,90,1.0,0,0,0,0,0,0,1,0,0.0,0.0,0.0,0.0,1,4,1,0.00,0.00,0.00,0.00,0.00,0.04,0.00,0.04,0.04,0.04,Matches
Joachim Andersen,dkDEN,DF,Fulham,28-257,1996,15,15,"1,323",14.7,0,0,0,0,0,0,3,1,0.3,0.3,0.3,0.7,8,63,1,0.00,0.00,0.00,0.00,0.00,0.02,0.02,0.05,0.02,0.05,Matches
Elliot Anderson,engENG,MF,Nott'ham Forest,22-098,2002,23,19,"1,552",17.2,1,5,6,1,0,0,5,0,1.1,1.1,2.8,4.0,32,76,59,0.06,0.29,0.35,0.06,0.35,0.07,0.17,0.23,0.07,0.23,Matches
André,brBRA,MF,Wolves,23-211,2001,19,17,"1,312",14.6,0,0,0,0,0,0,3,0,0.1,0.1,0.5,0.6,5,51,4,0.00,0.00,0.00,0.00,0.00,0.00,0.04,0.04,0.00,0.04,Matches
Michail Antonio,jmJAM,FW,West Ham,34-321,1990,14,11,836,9.3,1,1,2,1,0,0,1,0,2.2,2.2,1.6,3.8,29,18,59,0.11,0.11,0.22,0.11,0.22,0.24,0.17,0.41,0.24,0.41,Matches
Antony,brBRA,"DF,MF",Manchester Utd,24-354,2000,8,0,141,1.6,0,0,0,0,0,0,0,0,1.0,1.0,0.1,1.1,5,6,7,0.00,0.00,0.00,0.00,0.00,0.65,0.08,0.73,0.65,0.73,Matches
Julian Araujo,mxMEX,DF,Bournemouth,23-183,2001,8,5,355,3.9,0,0,0,0,0,0,1,0,0.0,0.0,0.0,0.0,2,14,11,0.00,0.00,0.00,0.00,0.00,0.00,0.00,0.00,0.00,0.00,Matches
Cameron Archer,engENG,FW,Southampton,23-206,2001,21,10,"1,047",11.6,2,0,2,2,0,1,0,0,4.4,3.6,0.3,4.0,15,11,46,0.17,0.00,0.17,0.17,0.17,0.38,0.03,0.41,0.31,0.34,Matches
Alphonse Areola,frFRA,GK,West Ham,31-351,1993,13,12,"1,090",12.1,0,0,0,0,0,0,0,0,0.0,0.0,0.0,0.0,0,0,0,0.00,0.00,0.00,0.00,0.00,0.00,0.00,0.00,0.00,0.00,Matches
Joe Aribo,ngNGA,MF,Southampton,28-206,1996,23,15,"1,465",16.3,3,0,3,3,0,0,1,0,2.6,2.6,1.5,4.0,29,56,54,0.18,0.00,0.18,0.18,0.18,0.16,0.09,0.25,0.16,0.25,Matches
Adam Armstrong,engENG,"FW,MF",Southampton,28-002,1997,20,15,"1,248",13.9,2,2,4,2,0,1,4,0,3.3,2.3,1.2,3.5,25,21,79,0.14,0.14,0.29,0.14,0.29,0.24,0.09,0.32,0.17,0.25,Matches
Harrison Armstrong,engENG,MF,Everton,18-024,2007,3,0,48,0.5,0,0,0,0,0,0,1,0,0.4,0.4,0.1,0.4,1,1,0,0.00,0.00,0.00,0.00,0.00,0.69,0.14,0.82,0.69,0.82,Matches
Kepa Arrizabalaga,esESP,GK,Bournemouth,30-132,1994,17,17,"1,530",17.0,0,0,0,0,0,0,2,0,0.0,0.0,0.0,0.0,0,0,0,0.00,0.00,0.00,0.00,0.00,0.00,0.00,0.00,0.00,0.00,Matches
Brandon Austin,engENG,GK,Tottenham,26-035,1999,1,1,90,1.0,0,0,0,0,0,0,0,0,0.0,0.0,0.0,0.0,0,0,0,0.00,0.00,0.00,0.00,0.00,0.00,0.00,0.00,0.00,0.00,Matches
Taiwo Awoniyi,ngNGA,FW,Nott'ham Forest,27-184,1997,19,2,257,2.9,1,0,1,1,0,0,0,0,2.0,2.0,0.1,2.1,5,5,13,0.35,0.00,0.35,0.35,0.35,0.70,0.04,0.74,0.70,0.74,Matches
Yasin Ayari,seSWE,MF,Brighton,21-129,2003,20,14,"1,267",14.1,0,0,0,0,0,0,3,0,1.4,1.4,1.2,2.6,19,45,51,0.00,0.00,0.00,0.00,0.00,0.10,0.08,0.18,0.10,0.18,Matches
Jordan Ayew,ghGHA,"FW,MF",Crystal Palace,33-154,1991,1,0,21,0.2,0,0,0,0,0,0,1,0,0.5,0.5,0.0,0.5,0,0,1,0.00,0.00,0.00,0.00,0.00,1.96,0.21,2.17,1.96,2.17,Matches
Jordan Ayew,ghGHA,"FW,MF",Leicester City,33-154,1991,21,13,"1,170",13.0,4,0,4,3,1,1,4,0,2.8,2.0,0.7,2.8,25,25,61,0.31,0.00,0.31,0.23,0.23,0.22,0.05,0.27,0.16,0.21,Matches
Benoît Badiashile,frFRA,DF,Chelsea,23-323,2001,4,2,249,2.8,0,0,0,0,0,0,0,0,0.0,0.0,0.0,0.0,3,16,2,0.00,0.00,0.00,0.00,0.00,0.00,0.00,0.00,0.00,0.00,Matches
Leon Bailey,jmJAM,"FW,MF",Aston Villa,27-187,1997,20,13,"1,035",11.5,1,2,3,1,0,0,2,0,1.5,1.5,1.5,3.0,51,32,107,0.09,0.17,0.26,0.09,0.26,0.13,0.13,0.26,0.13,0.26,Matches
Carlos Baleba,cmCMR,MF,Brighton,21-040,2004,20,18,"1,520",16.9,2,1,3,2,0,0,7,1,1.3,1.3,0.7,2.0,27,76,17,0.12,0.06,0.18,0.12,0.18,0.08,0.04,0.12,0.08,0.12,Matches
Ross Barkley,engENG,MF,Aston Villa,31-069,1993,16,3,554,6.2,3,1,4,3,0,0,3,0,1.7,1.7,0.6,2.3,14,32,8,0.49,0.16,0.65,0.49,0.65,0.27,0.09,0.37,0.27,0.37,Matches
Harvey Barnes,engENG,FW,Newcastle Utd,27-065,1997,20,6,782,8.7,5,1,6,5,0,0,0,0,3.0,3.0,2.4,5.4,42,41,82,0.58,0.12,0.69,0.58,0.69,0.34,0.28,0.62,0.34,0.62,Matches
Calvin Bassey,ngNGA,DF,Fulham,25-043,1999,23,23,"2,070",23.0,0,0,0,0,0,0,5,0,0.8,0.8,0.1,0.9,19,74,11,0.00,0.00,0.00,0.00,0.00,0.04,0.00,0.04,0.04,0.04,Matches
Jan Bednarek,plPOL,DF,Southampton,28-306,1996,20,20,"1,782",19.8,2,0,2,2,0,0,5,0,0.7,0.7,0.5,1.1,4,47,1,0.10,0.00,0.10,0.10,0.10,0.03,0.02,0.06,0.03,0.06,Matches
Jean-Ricner Bellegarde,frFRA,"MF,FW",Wolves,26-230,1998,22,11,947,10.5,2,2,4,2,0,0,3,0,0.9,0.9,1.0,1.9,25,22,48,0.19,0.19,0.38,0.19,0.38,0.09,0.10,0.18,0.09,0.18,Matches
Rodrigo Bentancur,uyURU,MF,Tottenham,27-232,1997,14,11,868,9.6,2,0,2,2,0,0,5,0,0.8,0.8,0.3,1.2,13,58,12,0.21,0.00,0.21,0.21,0.21,0.09,0.04,0.12,0.09,0.12,Matches
Sander Berge,noNOR,MF,Fulham,26-364,1998,17,13,"1,227",13.6,0,0,0,0,0,0,2,0,0.1,0.1,0.6,0.6,14,62,1,0.00,0.00,0.00,0.00,0.00,0.01,0.04,0.05,0.01,0.05,Matches
Lucas Bergvall,seSWE,MF,Tottenham,19-010,2006,17,5,607,6.7,0,0,0,0,0,0,3,0,0.2,0.2,0.3,0.6,15,32,13,0.00,0.00,0.00,0.00,0.00,0.04,0.05,0.09,0.04,0.09,Matches
Victor Bernth Kristiansen,dkDEN,DF,Leicester City,22-058,2002,21,21,"1,847",20.5,0,1,1,0,0,0,1,0,0.3,0.3,1.3,1.6,29,53,51,0.00,0.05,0.05,0.00,0.05,0.01,0.06,0.08,0.01,0.08,Matches
Beto,gwGNB,FW,Everton,27-012,1998,15,2,404,4.5,3,0,3,3,0,0,1,0,2.3,2.3,0.0,2.3,7,3,22,0.67,0.00,0.67,0.67,0.67,0.52,0.00,0.52,0.52,0.52,Matches
Philip Billing,dkDEN,MF,Bournemouth,28-246,1996,10,1,184,2.0,0,0,0,0,0,0,1,0,0.6,0.6,1.0,1.6,3,15,13,0.00,0.00,0.00,0.00,0.00,0.28,0.51,0.79,0.28,0.79,Matches
Yves Bissouma,mlMLI,MF,Tottenham,28-166,1996,18,12,"1,036",11.5,2,0,2,2,0,0,5,0,0.4,0.4,0.2,0.7,15,66,3,0.17,0.00,0.17,0.17,0.17,0.04,0.02,0.06,0.04,0.06,Matches
Lamare Bogarde,nlNED,"DF,MF",Aston Villa,21-038,2004,5,4,349,3.9,0,0,0,0,0,0,2,0,0.0,0.0,0.1,0.2,10,11,8,0.00,0.00,0.00,0.00,0.00,0.01,0.03,0.04,0.01,0.04,Matches
Willy Boly,ciCIV,DF,Nott'ham Forest,34-009,1991,5,1,134,1.5,0,0,0,0,0,0,1,0,0.1,0.1,0.0,0.1,0,2,0,0.00,0.00,0.00,0.00,0.00,0.05,0.00,0.05,0.05,0.05,Matches
Sven Botman,nlNED,DF,Newcastle Utd,25-031,2000,3,3,224,2.5,0,0,0,0,0,0,1,0,0.0,0.0,0.0,0.0,0,3,0,0.00,0.00,0.00,0.00,0.00,0.01,0.00,0.01,0.01,0.01,Matches
Jarrod Bowen,engENG,"FW,MF",West Ham,28-054,1996,20,20,"1,745",19.4,6,4,10,5,1,1,1,0,4.9,4.1,4.6,8.7,68,62,116,0.31,0.21,0.52,0.26,0.46,0.25,0.23,0.49,0.21,0.45,Matches
Conor Bradley,nirNIR,DF,Liverpool,21-218,2003,9,1,262,2.9,0,0,0,0,0,0,1,0,0.5,0.5,0.0,0.5,12,11,15,0.00,0.00,0.00,0.00,0.00,0.16,0.00,0.16,0.16,0.16,Matches
Jarrad Branthwaite,engENG,DF,Everton,22-230,2002,16,14,"1,268",14.1,0,0,0,0,0,0,3,0,0.5,0.5,0.0,0.6,6,34,1,0.00,0.00,0.00,0.00,0.00,0.04,0.00,0.04,0.04,0.04,Matches
James Bree,engENG,DF,Southampton,27-124,1997,11,8,665,7.4,0,1,1,0,0,0,0,0,0.1,0.1,0.9,1.0,9,23,29,0.00,0.14,0.14,0.00,0.14,0.01,0.12,0.13,0.01,0.13,Matches
Ben Brereton,clCHI,FW,Southampton,25-300,1999,10,4,449,5.0,0,0,0,0,0,0,1,0,0.9,0.9,0.1,1.0,12,9,42,0.00,0.00,0.00,0.00,0.00,0.18,0.02,0.20,0.18,0.20,Matches
Nathan Broadhead,wlsWAL,"FW,MF",Ipswich Town,26-313,1998,9,4,380,4.2,0,0,0,0,0,0,1,0,1.0,1.0,0.5,1.5,12,10,19,0.00,0.00,0.00,0.00,0.00,0.23,0.13,0.36,0.23,0.36,Matches
Armando Broja,alALB,FW,Everton,23-155,2001,5,2,159,1.8,0,0,0,0,0,0,1,0,0.1,0.1,0.1,0.2,8,2,15,0.00,0.00,0.00,0.00,0.00,0.06,0.06,0.13,0.06,0.13,Matches
David Brooks,wlsWAL,FW,Bournemouth,27-219,1997,17,6,572,6.4,2,0,2,2,0,0,3,0,1.6,1.6,1.6,3.2,21,14,54,0.31,0.00,0.31,0.31,0.31,0.25,0.25,0.50,0.25,0.50,Matches
Emi Buendía,arARG,"MF,FW",Aston Villa,28-049,1996,12,0,98,1.1,0,0,0,0,0,0,1,0,0.7,0.7,0.0,0.7,3,7,6,0.00,0.00,0.00,0.00,0.00,0.60,0.02,0.62,0.60,0.62,Matches
Santiago Bueno,uyURU,DF,Wolves,26-095,1998,17,15,"1,334",14.8,0,0,0,0,0,0,0,0,0.4,0.4,0.0,0.4,1,22,1,0.00,0.00,0.00,0.00,0.00,0.03,0.00,0.03,0.03,0.03,Matches
Facundo Buonanotte,arARG,"FW,MF",Leicester City,20-051,2004,20,12,"1,146",12.7,4,2,6,4,0,0,6,0,3.2,3.2,2.8,6.1,33,41,54,0.31,0.16,0.47,0.31,0.47,0.25,0.22,0.48,0.25,0.48,Matches
Cameron Burgess,auAUS,DF,Ipswich Town,29-114,1995,10,10,900,10.0,0,1,1,0,0,0,0,0,0.7,0.7,0.3,1.0,2,27,3,0.00,0.10,0.10,0.00,0.10,0.07,0.03,0.10,0.07,0.10,Matches
Dan Burn,engENG,DF,Newcastle Utd,32-279,1992,23,23,"2,070",23.0,0,0,0,0,0,0,7,0,1.1,1.1,0.2,1.3,3,39,6,0.00,0.00,0.00,0.00,0.00,0.05,0.01,0.06,0.05,0.06,Matches
Wes Burns,wlsWAL,"FW,DF",Ipswich Town,30-081,1994,18,12,926,10.3,0,1,1,0,0,0,1,0,0.5,0.5,1.6,2.2,38,8,65,0.00,0.10,0.10,0.00,0.10,0.05,0.16,0.21,0.05,0.21,Matches
Moisés Caicedo,ecECU,MF,Chelsea,23-102,2001,24,24,"2,125",23.6,1,2,3,1,0,0,6,0,0.6,0.6,2.3,2.8,25,127,26,0.04,0.08,0.13,0.04,0.13,0.02,0.10,0.12,0.02,0.12,Matches
Tom Cairney,sctSCO,MF,Fulham,34-023,1991,17,2,397,4.4,1,0,1,1,0,0,2,1,0.1,0.1,0.7,0.8,12,43,20,0.23,0.00,0.23,0.23,0.23,0.03,0.16,0.19,0.03,0.19,Matches
Jens Cajuste,seSWE,MF,Ipswich Town,25-186,1999,17,14,"1,042",11.6,0,0,0,0,0,0,2,0,0.1,0.1,0.3,0.4,16,30,8,0.00,0.00,0.00,0.00,0.00,0.01,0.03,0.04,0.01,0.04,Matches
Riccardo Calafiori,itITA,DF,Arsenal,22-269,2002,13,8,753,8.4,2,1,3,2,0,0,3,0,0.7,0.7,0.2,0.9,13,36,21,0.24,0.12,0.36,0.24,0.36,0.08,0.03,0.11,0.08,0.11,Matches
Dominic Calvert-Lewin,engENG,FW,Everton,27-333,1997,22,19,"1,574",17.5,3,1,4,3,0,0,2,0,6.1,6.1,0.6,6.7,22,19,105,0.17,0.06,0.23,0.17,0.23,0.35,0.04,0.39,0.35,0.39,Matches
Diego Carlos,brBRA,DF,Aston Villa,31-334,1993,10,8,830,9.2,0,0,0,0,0,0,1,0,0.6,0.6,0.0,0.6,3,34,0,0.00,0.00,0.00,0.00,0.00,0.07,0.00,0.07,0.07,0.07,Matches
Fabio Carvalho,ptPOR,"FW,MF",Brentford,22-166,2002,17,3,435,4.8,1,1,2,1,0,0,1,0,2.4,2.4,0.5,3.0,9,17,22,0.21,0.21,0.41,0.21,0.41,0.50,0.11,0.61,0.50,0.61,Matches
Casemiro,brBRA,MF,Manchester Utd,32-355,1992,14,10,837,9.3,1,0,1,1,0,0,1,0,1.1,1.1,2.1,3.2,3,44,19,0.11,0.00,0.11,0.11,0.11,0.12,0.23,0.34,0.12,0.34,Matches
Kaelan Casey,engENG,DF,West Ham,20-107,2004,1,0,1,0.0,0,0,0,0,0,0,0,0,0.0,0.0,0.0,0.0,0,0,0,0.00,0.00,0.00,0.00,0.00,0.00,0.00,0.00,0.00,0.00,Matches
Matty Cash,plPOL,DF,Aston Villa,27-189,1997,16,15,"1,258",14.0,1,1,2,1,0,0,5,0,0.2,0.2,1.0,1.2,32,28,46,0.07,0.07,0.14,0.07,0.14,0.02,0.07,0.09,0.02,0.09,Matches
Timothy Castagne,beBEL,DF,Fulham,29-069,1995,14,9,903,10.0,0,1,1,0,0,0,1,0,0.1,0.1,1.1,1.2,12,29,35,0.00,0.10,0.10,0.00,0.10,0.01,0.11,0.12,0.01,0.12,Matches
Trevoh Chalobah,engENG,DF,Crystal Palace,25-222,1999,12,12,"1,060",11.8,3,0,3,3,0,0,1,0,1.2,1.2,0.4,1.6,11,34,6,0.25,0.00,0.25,0.25,0.25,0.10,0.03,0.14,0.10,0.14,Matches
Trevoh Chalobah,engENG,DF,Chelsea,25-222,1999,3,2,181,2.0,0,1,1,0,0,0,0,0,0.1,0.1,1.1,1.3,2,6,0,0.00,0.50,0.50,0.00,0.50,0.07,0.56,0.63,0.07,0.63,Matches
Conor Chaplin,engENG,"MF,FW",Ipswich Town,27-362,1997,15,7,614,6.8,1,1,2,1,0,0,1,0,1.2,1.2,0.6,1.8,10,25,20,0.15,0.15,0.29,0.15,0.29,0.17,0.09,0.26,0.17,0.26,Matches
Federico Chiesa,itITA,FW,Liverpool,27-110,1997,3,0,28,0.3,0,0,0,0,0,0,0,0,0.2,0.2,0.0,0.2,2,1,4,0.00,0.00,0.00,0.00,0.00,0.52,0.00,0.52,0.52,0.52,Matches
Chiquinho,ptPOR,MF,Wolves,25-007,2000,1,0,7,0.1,0,0,0,0,0,0,0,0,0.0,0.0,0.0,0.0,0,0,0,0.00,0.00,0.00,0.00,0.00,0.00,0.42,0.42,0.00,0.42,Matches
Hamza Choudhury,engENG,"MF,DF",Leicester City,27-134,1997,4,1,131,1.5,0,0,0,0,0,0,0,0,0.0,0.0,0.4,0.4,4,3,6,0.00,0.00,0.00,0.00,0.00,0.00,0.27,0.27,0.00,0.27,Matches
Ryan Christie,sctSCO,MF,Bournemouth,29-356,1995,23,21,"1,753",19.5,1,2,3,1,0,0,9,0,1.4,1.4,2.7,4.1,28,113,40,0.05,0.10,0.15,0.05,0.15,0.07,0.14,0.21,0.07,0.21,Matches
Harry Clarke,engENG,DF,Ipswich Town,23-347,2001,7,4,379,4.2,0,0,0,0,0,0,3,1,0.1,0.1,0.0,0.1,5,14,2,0.00,0.00,0.00,0.00,0.00,0.02,0.01,0.03,0.02,0.03,Matches
Jack Clarke,engENG,"FW,MF",Ipswich Town,24-081,2000,19,5,608,6.8,0,2,2,0,0,0,1,0,0.8,0.8,1.2,2.1,16,17,29,0.00,0.30,0.30,0.00,0.30,0.12,0.18,0.31,0.12,0.31,Matches
Nathaniel Clyne,engENG,"DF,MF",Crystal Palace,33-313,1991,11,4,397,4.4,0,0,0,0,0,0,1,0,0.0,0.0,0.1,0.1,5,6,7,0.00,0.00,0.00,0.00,0.00,0.00,0.03,0.03,0.00,0.03,Matches
Conor Coady,engENG,DF,Leicester City,31-353,1993,10,8,716,8.0,0,0,0,0,0,0,1,0,0.0,0.0,0.1,0.1,0,19,0,0.00,0.00,0.00,0.00,0.00,0.00,0.01,0.01,0.00,0.01,Matches
Séamus Coleman,ieIRL,DF,Everton,36-124,1988,3,2,197,2.2,0,0,0,0,0,0,1,0,0.6,0.6,0.0,0.6,1,8,2,0.00,0.00,0.00,0.00,0.00,0.26,0.00,0.26,0.26,0.26,Matches
Nathan Collins,ieIRL,DF,Brentford,23-288,2001,24,24,"2,160",24.0,2,1,3,2,0,0,2,0,2.2,2.2,1.4,3.5,20,87,16,0.08,0.04,0.12,0.08,0.12,0.09,0.06,0.15,0.09,0.15,Matches
Toby Collyer,engENG,MF,Manchester Utd,21-040,2004,4,0,124,1.4,0,0,0,0,0,0,0,0,0.0,0.0,0.1,0.1,0,5,2,0.00,0.00,0.00,0.00,0.00,0.00,0.05,0.05,0.00,0.05,Matches
Levi Colwill,engENG,DF,Chelsea,21-352,2003,22,22,"1,979",22.0,0,1,1,0,0,0,6,0,0.5,0.5,0.9,1.4,9,100,5,0.00,0.05,0.05,0.00,0.05,0.02,0.04,0.06,0.02,0.06,Matches
Lewis Cook,engENG,"MF,DF",Bournemouth,28-009,1997,23,21,"1,942",21.6,1,3,4,1,0,0,5,0,0.6,0.6,3.3,3.9,26,119,32,0.05,0.14,0.19,0.05,0.19,0.03,0.15,0.18,0.03,0.18,Matches
Maxwel Cornet,ciCIV,FW,Southampton,28-138,1996,2,1,72,0.8,0,0,0,0,0,0,1,0,0.2,0.2,0.0,0.2,1,0,5,0.00,0.00,0.00,0.00,0.00,0.20,0.00,0.20,0.20,0.20,Matches
Vladimír Coufal,czCZE,DF,West Ham,32-174,1992,15,8,736,8.2,0,0,0,0,0,0,2,0,0.2,0.2,0.6,0.8,11,28,21,0.00,0.00,0.00,0.00,0.00,0.02,0.08,0.10,0.02,0.10,Matches
Woyo Coulibaly,frFRA,DF,Leicester City,25-268,1999,2,0,16,0.2,0,0,0,0,0,0,0,0,0.0,0.0,0.0,0.0,1,0,1,0.00,0.00,0.00,0.00,0.00,0.00,0.00,0.00,0.00,0.00,Matches
Aaron Cresswell,engENG,DF,West Ham,35-059,1989,10,3,296,3.3,0,0,0,0,0,0,2,0,0.1,0.1,0.2,0.4,3,13,2,0.00,0.00,0.00,0.00,0.00,0.03,0.07,0.11,0.03,0.11,Matches
Marc Cucurella,esESP,DF,Chelsea,26-205,1998,22,20,"1,804",20.0,2,1,3,2,0,0,8,1,1.6,1.6,1.6,3.2,23,67,72,0.10,0.05,0.15,0.10,0.15,0.08,0.08,0.16,0.08,0.16,Matches
Jorge Cuenca,esESP,DF,Fulham,25-087,1999,4,1,93,1.0,0,0,0,0,0,0,0,0,0.0,0.0,0.0,0.0,0,3,0,0.00,0.00,0.00,0.00,0.00,0.00,0.00,0.00,0.00,0.00,Matches
Matheus Cunha,brBRA,"MF,FW",Wolves,25-261,1999,23,21,"1,875",20.8,11,4,15,11,0,0,3,0,5.2,5.2,6.1,11.3,83,96,122,0.53,0.19,0.72,0.53,0.72,0.25,0.29,0.54,0.25,0.54,Matches
Patson Daka,zmZAM,"FW,MF",Leicester City,26-126,1998,12,1,307,3.4,1,0,1,1,0,0,0,0,0.5,0.5,0.0,0.5,3,4,17,0.29,0.00,0.29,0.29,0.29,0.15,0.00,0.15,0.15,0.15,Matches
Diogo Dalot,ptPOR,DF,Manchester Utd,25-331,1999,23,23,"2,036",22.6,0,1,1,0,0,0,4,0,1.4,1.4,1.4,2.9,41,77,110,0.00,0.04,0.04,0.00,0.04,0.06,0.06,0.13,0.06,0.13,Matches
Mikkel Damsgaard,dkDEN,"MF,FW",Brentford,24-224,2000,24,21,"1,793",19.9,2,7,9,2,0,0,1,0,2.0,2.0,5.9,7.9,46,147,79,0.10,0.35,0.45,0.10,0.45,0.10,0.30,0.40,0.10,0.40,Matches
Danilo,brBRA,MF,Nott'ham Forest,23-289,2001,2,2,78,0.9,0,0,0,0,0,0,0,0,0.0,0.0,0.0,0.0,0,4,0,0.00,0.00,0.00,0.00,0.00,0.00,0.00,0.00,0.00,0.00,Matches
Jayden Danns,engENG,MF,Liverpool,19-027,2006,1,0,11,0.1,0,0,0,0,0,0,0,0,0.0,0.0,0.0,0.0,0,0,0,0.00,0.00,0.00,0.00,0.00,0.00,0.00,0.00,0.00,0.00,Matches
Ben Davies,wlsWAL,DF,Tottenham,31-294,1993,7,6,541,6.0,0,0,0,0,0,0,1,0,0.1,0.1,0.0,0.1,5,24,4,0.00,0.00,0.00,0.00,0.00,0.01,0.00,0.01,0.01,0.01,Matches
Leif Davis,engENG,DF,Ipswich Town,25-031,2000,24,24,"2,112",23.5,1,2,3,1,0,0,5,0,0.8,0.8,3.5,4.3,39,44,99,0.04,0.09,0.13,0.04,0.13,0.04,0.15,0.18,0.04,0.18,Matches
Craig Dawson,engENG,DF,Wolves,34-282,1990,15,10,971,10.8,0,0,0,0,0,0,2,0,0.5,0.5,0.0,0.5,6,20,5,0.00,0.00,0.00,0.00,0.00,0.05,0.00,0.05,0.05,0.05,Matches
Kevin De Bruyne,beBEL,MF,Manchester City,33-229,1991,17,11,"1,011",11.2,2,6,8,2,0,0,2,0,2.5,2.5,6.0,8.5,35,106,99,0.18,0.53,0.71,0.18,0.71,0.22,0.54,0.76,0.22,0.76,Matches
Liam Delap,engENG,FW,Ipswich Town,22-004,2003,23,22,"1,764",19.6,9,2,11,7,2,2,7,0,7.2,5.6,1.8,7.4,41,20,74,0.46,0.10,0.56,0.36,0.46,0.37,0.09,0.46,0.29,0.38,Matches
Sepp van den Berg,nlNED,DF,Brentford,23-054,2001,20,19,"1,698",18.9,0,0,0,0,0,0,1,0,0.8,0.8,0.2,1.0,6,51,23,0.00,0.00,0.00,0.00,0.00,0.04,0.01,0.05,0.04,0.05,Matches
Justin Devenny,nirNIR,MF,Crystal Palace,21-124,2003,11,2,268,3.0,1,0,1,1,0,0,0,0,0.5,0.5,0.3,0.8,3,8,7,0.34,0.00,0.34,0.34,0.34,0.16,0.12,0.27,0.16,0.27,Matches
Kiernan Dewsbury-Hall,engENG,MF,Chelsea,26-159,1998,6,1,135,1.5,0,1,1,0,0,0,0,0,0.2,0.2,1.0,1.2,3,10,7,0.00,0.67,0.67,0.00,0.67,0.15,0.66,0.80,0.15,0.80,Matches
Amad Diallo,ciCIV,"FW,MF",Manchester Utd,22-216,2002,22,17,"1,594",17.7,6,6,12,6,0,0,3,0,4.1,4.1,3.9,8.0,92,53,159,0.34,0.34,0.68,0.34,0.68,0.23,0.22,0.45,0.23,0.45,Matches
Rúben Dias,ptPOR,DF,Manchester City,27-274,1997,14,13,"1,177",13.1,0,0,0,0,0,0,3,0,1.1,1.1,0.3,1.3,19,78,5,0.00,0.00,0.00,0.00,0.00,0.08,0.02,0.10,0.08,0.10,Matches
Luis Díaz,coCOL,FW,Liverpool,28-030,1997,22,17,"1,429",15.9,8,2,10,8,0,0,2,0,6.8,6.8,2.1,8.9,61,64,147,0.50,0.13,0.63,0.50,0.63,0.43,0.13,0.56,0.43,0.56,Matches
Tyler Dibling,engENG,"FW,MF",Southampton,18-337,2006,20,14,"1,230",13.7,2,0,2,2,0,0,6,0,2.1,2.1,1.3,3.4,51,41,70,0.15,0.00,0.15,0.15,0.15,0.15,0.09,0.25,0.15,0.25,Matches
Lucas Digne,frFRA,DF,Aston Villa,31-207,1993,24,21,"1,772",19.7,0,3,3,0,0,0,3,0,0.8,0.8,3.5,4.3,19,44,116,0.00,0.15,0.15,0.00,0.15,0.04,0.18,0.22,0.04,0.22,Matches
Issa Diop,frFRA,DF,Fulham,28-034,1997,17,12,"1,072",11.9,0,0,0,0,0,0,2,0,0.5,0.5,0.1,0.6,4,23,1,0.00,0.00,0.00,0.00,0.00,0.04,0.01,0.05,0.04,0.05,Matches
Axel Disasi,frFRA,DF,Chelsea,26-338,1998,6,4,364,4.0,1,0,1,1,0,0,1,0,0.3,0.3,0.1,0.4,6,16,2,0.25,0.00,0.25,0.25,0.25,0.07,0.02,0.09,0.07,0.09,Matches
Roman Dixon,engENG,DF,Everton,20-048,2004,1,1,90,1.0,0,0,0,0,0,0,0,0,0.0,0.0,0.0,0.0,0,0,1,0.00,0.00,0.00,0.00,0.00,0.00,0.00,0.00,0.00,0.00,Matches
Matt Doherty,ieIRL,DF,Wolves,33-027,1992,17,13,"1,160",12.9,2,1,3,2,0,0,3,0,0.9,0.9,1.4,2.3,16,48,31,0.16,0.08,0.23,0.16,0.23,0.07,0.11,0.18,0.07,0.18,Matches
Jeremy Doku,beBEL,"FW,MF",Manchester City,22-261,2002,15,9,789,8.8,3,4,7,3,0,0,0,0,0.8,0.8,2.3,3.0,104,36,147,0.34,0.46,0.80,0.34,0.80,0.09,0.26,0.34,0.09,0.34,Matches
Nicolás Domínguez,arARG,"MF,FW",Nott'ham Forest,26-229,1998,21,12,"1,124",12.5,0,0,0,0,0,0,6,0,1.2,1.2,0.7,1.9,9,46,16,0.00,0.00,0.00,0.00,0.00,0.10,0.05,0.15,0.10,0.15,Matches
Alfie Dorrington,engENG,DF,Tottenham,19-298,2005,1,0,14,0.2,0,0,0,0,0,0,0,0,0.0,0.0,0.0,0.0,0,0,0,0.00,0.00,0.00,0.00,0.00,0.00,0.00,0.00,0.00,0.00,Matches
Abdoulaye Doucouré,mlMLI,MF,Everton,32-042,1993,21,20,"1,682",18.7,1,0,1,1,0,0,2,0,1.7,1.7,1.2,2.9,29,55,61,0.05,0.00,0.05,0.05,0.05,0.09,0.06,0.15,0.09,0.15,Matches
Cheick Doucouré,mlMLI,MF,Crystal Palace,25-035,2000,13,4,452,5.0,0,0,0,0,0,0,1,0,0.4,0.4,0.0,0.4,2,19,7,0.00,0.00,0.00,0.00,0.00,0.08,0.00,0.08,0.08,0.08,Matches
Flynn Downes,engENG,MF,Southampton,26-023,1999,18,17,"1,432",15.9,1,0,1,1,0,0,9,0,0.6,0.6,0.9,1.5,18,50,23,0.06,0.00,0.06,0.06,0.06,0.04,0.06,0.09,0.04,0.09,Matches
Tommy Doyle,engENG,MF,Wolves,23-118,2001,19,3,462,5.1,0,1,1,0,0,0,1,0,0.5,0.5,0.5,1.0,6,38,2,0.00,0.19,0.19,0.00,0.19,0.09,0.10,0.19,0.09,0.19,Matches
Radu Drăgușin,roROU,DF,Tottenham,23-009,2002,16,14,"1,252",13.9,0,0,0,0,0,0,1,0,0.1,0.1,0.4,0.5,7,37,2,0.00,0.00,0.00,0.00,0.00,0.01,0.03,0.04,0.01,0.04,Matches
Martin Dúbravka,skSVK,GK,Newcastle Utd,36-028,1989,9,9,810,9.0,0,0,0,0,0,0,0,0,0.0,0.0,0.0,0.0,0,0,0,0.00,0.00,0.00,0.00,0.00,0.00,0.00,0.00,0.00,0.00,Matches
Lewis Dunk,engENG,DF,Brighton,33-083,1991,19,17,"1,562",17.4,0,0,0,0,0,0,4,0,0.7,0.7,0.5,1.2,17,111,2,0.00,0.00,0.00,0.00,0.00,0.04,0.03,0.07,0.04,0.07,Matches
Jáder Durán,coCOL,FW,Aston Villa,21-061,2003,20,4,638,7.1,7,0,7,7,0,0,3,1,4.9,4.9,0.2,5.1,7,13,44,0.99,0.00,0.99,0.99,0.99,0.69,0.03,0.71,0.69,0.71,Matches
Ederson,brBRA,GK,Manchester City,31-179,1993,15,15,"1,350",15.0,0,2,2,0,0,0,3,0,0.0,0.0,0.5,0.5,0,1,0,0.00,0.13,0.13,0.00,0.13,0.00,0.03,0.03,0.00,0.03,Matches
George Edmundson,engENG,DF,Ipswich Town,27-165,1997,1,0,2,0.0,0,0,0,0,0,0,0,0,0.0,0.0,0.0,0.0,0,0,0,0.00,0.00,0.00,0.00,0.00,0.00,0.00,0.00,0.00,0.00,Matches
Odsonne Édouard,frFRA,"MF,FW",Crystal Palace,27-027,1998,2,1,115,1.3,0,0,0,0,0,0,0,0,0.4,0.4,0.0,0.4,2,4,7,0.00,0.00,0.00,0.00,0.00,0.31,0.04,0.34,0.31,0.34,Matches
Odsonne Édouard,frFRA,FW,Leicester City,27-027,1998,4,0,29,0.3,0,0,0,0,0,0,0,0,0.0,0.0,0.0,0.0,0,1,2,0.00,0.00,0.00,0.00,0.00,0.00,0.13,0.13,0.00,0.13,Matches
Samuel Edozie,engENG,"DF,FW",Southampton,22-015,2003,2,0,65,0.7,0,0,0,0,0,0,1,0,0.0,0.0,0.1,0.1,6,4,23,0.00,0.00,0.00,0.00,0.00,0.00,0.14,0.14,0.00,0.14,Matches
Ronnie Edwards,engENG,DF,Southampton,21-321,2003,1,0,12,0.1,0,0,0,0,0,0,0,0,0.0,0.0,0.0,0.0,0,0,0,0.00,0.00,0.00,0.00,0.00,0.00,0.00,0.00,0.00,0.00,Matches
Anthony Elanga,seSWE,"FW,MF",Nott'ham Forest,22-291,2002,24,18,"1,459",16.2,3,8,11,3,0,0,1,0,2.6,2.6,4.0,6.5,60,32,117,0.19,0.49,0.68,0.19,0.68,0.16,0.24,0.40,0.16,0.40,Matches
Harvey Elliott,engENG,"MF,FW",Liverpool,21-314,2003,9,0,82,0.9,0,1,1,0,0,0,0,0,0.1,0.1,0.8,0.8,3,11,8,0.00,1.10,1.10,0.00,1.10,0.07,0.84,0.91,0.07,0.91,Matches
Yunus Emre Konak,trTUR,"MF,FW",Brentford,19-033,2006,5,0,21,0.2,0,0,0,0,0,0,0,0,0.2,0.2,0.0,0.2,1,2,1,0.00,0.00,0.00,0.00,0.00,0.66,0.00,0.66,0.66,0.66,Matches
Julio Enciso,pyPAR,MF,Ipswich Town,21-020,2004,2,1,100,1.1,0,1,1,0,0,0,1,0,0.4,0.4,0.3,0.7,3,9,7,0.00,0.90,0.90,0.00,0.90,0.36,0.23,0.59,0.36,0.59,Matches
Julio Enciso,pyPAR,"MF,FW",Brighton,21-020,2004,12,2,294,3.3,0,0,0,0,0,0,0,0,1.0,1.0,0.2,1.2,11,14,17,0.00,0.00,0.00,0.00,0.00,0.31,0.07,0.38,0.31,0.38,Matches
Wataru Endo,jpJPN,MF,Liverpool,32-003,1993,10,0,86,1.0,0,0,0,0,0,0,0,0,0.0,0.0,0.0,0.0,0,7,1,0.00,0.00,0.00,0.00,0.00,0.00,0.02,0.02,0.00,0.02,Matches
Christian Eriksen,dkDEN,MF,Manchester Utd,32-364,1992,13,7,637,7.1,0,1,1,0,0,0,2,0,0.1,0.1,2.1,2.2,5,34,19,0.00,0.14,0.14,0.00,0.14,0.02,0.29,0.30,0.02,0.30,Matches
Romain Esse,engENG,MF,Crystal Palace,19-275,2005,1,0,7,0.1,1,0,1,1,0,0,0,0,0.3,0.3,0.0,0.3,0,1,2,12.86,0.00,12.86,12.86,12.86,3.61,0.00,3.61,3.61,3.61,Matches
Pervis Estupiñán,ecECU,DF,Brighton,27-022,1998,18,15,"1,417",15.7,0,1,1,0,0,0,3,0,0.6,0.6,1.8,2.4,39,71,76,0.00,0.06,0.06,0.00,0.06,0.04,0.11,0.15,0.04,0.15,Matches
Evanilson,brBRA,FW,Bournemouth,25-129,1999,19,17,"1,370",15.2,5,0,5,5,0,1,0,0,6.6,5.8,1.1,6.9,19,13,61,0.33,0.00,0.33,0.33,0.33,0.43,0.07,0.51,0.38,0.45,Matches
Jonny Evans,nirNIR,DF,Manchester Utd,37-040,1988,6,3,290,3.2,0,0,0,0,0,0,1,0,0.1,0.1,0.0,0.1,1,8,2,0.00,0.00,0.00,0.00,0.00,0.03,0.00,0.03,0.03,0.03,Matches
Eberechi Eze,engENG,"MF,FW",Crystal Palace,26-228,1998,20,19,"1,611",17.9,2,5,7,2,0,0,1,0,4.9,4.9,3.4,8.3,46,70,108,0.11,0.28,0.39,0.11,0.39,0.27,0.19,0.47,0.27,0.47,Matches
Łukasz Fabiański,plPOL,GK,West Ham,39-300,1985,13,12,"1,070",11.9,0,0,0,0,0,0,2,0,0.0,0.0,0.0,0.0,0,0,0,0.00,0.00,0.00,0.00,0.00,0.00,0.00,0.00,0.00,0.00,Matches
Wout Faes,beBEL,DF,Leicester City,26-315,1998,21,17,"1,645",18.3,1,0,1,1,0,0,3,0,1.1,1.1,0.1,1.2,8,57,1,0.05,0.00,0.05,0.05,0.05,0.06,0.00,0.07,0.06,0.07,Matches
Abdul Fatawu Issahaku,ghGHA,FW,Leicester City,20-341,2004,11,6,579,6.4,0,2,2,0,0,0,0,0,0.4,0.4,1.6,2.0,42,17,60,0.00,0.31,0.31,0.00,0.31,0.06,0.24,0.31,0.06,0.31,Matches
João Félix,ptPOR,"FW,MF",Chelsea,25-094,1999,12,3,369,4.1,1,1,2,1,0,0,2,0,2.2,2.2,1.0,3.2,21,26,29,0.24,0.24,0.49,0.24,0.49,0.54,0.23,0.78,0.54,0.78,Matches
Evan Ferguson,ieIRL,FW,Brighton,20-116,2004,13,2,246,2.7,1,0,1,1,0,0,0,0,0.5,0.5,0.4,1.0,2,1,9,0.37,0.00,0.37,0.37,0.37,0.20,0.15,0.35,0.20,0.35,Matches
Bruno Fernandes,ptPOR,MF,Manchester Utd,30-157,1994,23,23,"1,925",21.4,5,6,11,2,3,3,4,2,7.8,5.5,5.0,10.4,51,186,100,0.23,0.28,0.51,0.09,0.37,0.37,0.23,0.60,0.26,0.49,Matches
Mateus Fernandes,ptPOR,MF,Southampton,20-217,2004,22,20,"1,739",19.3,1,2,3,1,0,0,7,0,3.1,3.1,1.9,5.0,51,88,64,0.05,0.10,0.16,0.05,0.16,0.16,0.10,0.26,0.16,0.26,Matches
Enzo Fernández,arARG,MF,Chelsea,24-026,2001,22,18,"1,692",18.8,3,4,7,3,0,0,4,0,2.9,2.9,3.8,6.6,26,130,66,0.16,0.21,0.37,0.16,0.37,0.15,0.20,0.35,0.15,0.35,Matches
Mark Flekken,nlNED,GK,Brentford,31-244,1993,23,23,"2,015",22.4,0,1,1,0,0,0,1,0,0.0,0.0,0.2,0.2,0,0,0,0.00,0.04,0.04,0.00,0.04,0.00,0.01,0.01,0.00,0.01,Matches
Phil Foden,engENG,"MF,FW",Manchester City,24-260,2000,19,15,"1,364",15.2,7,2,9,7,0,0,2,0,4.6,4.6,3.9,8.5,37,81,98,0.46,0.13,0.59,0.46,0.59,0.30,0.26,0.56,0.30,0.56,Matches
Wesley Fofana,frFRA,DF,Chelsea,24-057,2000,12,12,"1,015",11.3,0,0,0,0,0,0,6,0,0.4,0.4,0.4,0.8,14,25,4,0.00,0.00,0.00,0.00,0.00,0.04,0.04,0.07,0.04,0.07,Matches
Carlos Forbs,ptPOR,"MF,FW",Wolves,20-330,2004,9,1,237,2.6,0,0,0,0,0,0,2,0,0.1,0.1,0.0,0.2,9,8,28,0.00,0.00,0.00,0.00,0.00,0.05,0.01,0.07,0.05,0.07,Matches
Fraser Forster,engENG,GK,Tottenham,36-332,1988,7,7,630,7.0,0,0,0,0,0,0,0,0,0.0,0.0,0.0,0.0,0,0,0,0.00,0.00,0.00,0.00,0.00,0.00,0.00,0.00,0.00,0.00,Matches
Ryan Fraser,sctSCO,"FW,DF",Southampton,30-354,1994,8,4,306,3.4,0,0,0,0,0,0,0,1,0.0,0.0,0.1,0.1,10,8,18,0.00,0.00,0.00,0.00,0.00,0.01,0.03,0.04,0.01,0.04,Matches
Niclas Füllkrug,deGER,FW,West Ham,32-003,1993,9,3,370,4.1,2,1,3,2,0,0,1,0,1.4,1.4,1.0,2.4,3,4,8,0.49,0.24,0.73,0.49,0.73,0.35,0.24,0.59,0.35,0.59,Matches
Cody Gakpo,nlNED,FW,Liverpool,25-281,1999,23,15,"1,302",14.5,8,3,11,8,0,0,4,0,5.5,5.5,3.4,8.9,37,41,199,0.55,0.21,0.76,0.55,0.76,0.38,0.24,0.61,0.38,0.61,Matches
Idrissa Gana Gueye,snSEN,MF,Everton,35-139,1989,22,20,"1,757",19.5,0,2,2,0,0,0,4,0,0.9,0.9,1.1,2.0,15,87,14,0.00,0.10,0.10,0.00,0.10,0.04,0.06,0.10,0.04,0.10,Matches
Andrés García,esESP,DF,Aston Villa,22-005,2003,1,1,45,0.5,0,0,0,0,0,0,0,0,0.0,0.0,0.0,0.0,1,1,3,0.00,0.00,0.00,0.00,0.00,0.00,0.00,0.00,0.00,0.00,Matches
Alejandro Garnacho,arARG,"FW,MF",Manchester Utd,20-226,2004,23,13,"1,321",14.7,3,1,4,3,0,0,1,0,5.1,5.1,2.5,7.5,78,27,183,0.20,0.07,0.27,0.20,0.27,0.35,0.17,0.51,0.35,0.51,Matches
James Garner,engENG,"DF,MF",Everton,23-336,2001,6,3,347,3.9,0,1,1,0,0,0,1,0,0.1,0.1,0.7,0.8,2,5,6,0.00,0.26,0.26,0.00,0.26,0.02,0.18,0.20,0.02,0.20,Matches
Tyrique George,engENG,FW,Chelsea,19-008,2006,1,0,7,0.1,0,0,0,0,0,0,1,0,0.0,0.0,0.0,0.0,1,0,0,0.00,0.00,0.00,0.00,0.00,0.00,0.00,0.00,0.00,0.00,Matches
Morgan Gibbs-White,engENG,MF,Nott'ham Forest,25-016,2000,20,20,"1,570",17.4,5,4,9,5,0,0,7,1,3.3,3.3,3.3,6.6,46,96,80,0.29,0.23,0.52,0.29,0.52,0.19,0.19,0.38,0.19,0.38,Matches
Billy Gilmour,sctSCO,MF,Brighton,23-246,2001,2,1,98,1.1,0,0,0,0,0,0,0,0,0.1,0.1,0.0,0.1,2,11,2,0.00,0.00,0.00,0.00,0.00,0.07,0.00,0.07,0.07,0.07,Matches
Ben Godfrey,engENG,DF,Ipswich Town,27-028,1998,1,1,63,0.7,0,0,0,0,0,0,0,0,0.0,0.0,0.0,0.0,1,3,0,0.00,0.00,0.00,0.00,0.00,0.00,0.00,0.00,0.00,0.00,Matches
Martial Godo,engENG,FW,Fulham,21-335,2003,1,0,16,0.2,0,0,0,0,0,0,0,0,0.0,0.0,0.0,0.0,0,0,3,0.00,0.00,0.00,0.00,0.00,0.00,0.00,0.00,0.00,0.00,Matches
João Gomes,brBRA,MF,Wolves,24-000,2001,22,22,"1,852",20.6,2,1,3,2,0,0,8,1,1.6,1.6,0.8,2.4,35,107,43,0.10,0.05,0.15,0.10,0.15,0.08,0.04,0.12,0.08,0.12,Matches
Rodrigo Gomes,ptPOR,"DF,FW",Wolves,21-220,2003,17,6,569,6.3,1,0,1,1,0,0,0,0,0.4,0.4,0.7,1.1,17,22,57,0.16,0.00,0.16,0.16,0.16,0.06,0.11,0.17,0.06,0.17,Matches
Toti Gomes,ptPOR,DF,Wolves,26-027,1999,17,16,"1,354",15.0,0,1,1,0,0,0,4,0,0.0,0.0,0.6,0.7,6,37,7,0.00,0.07,0.07,0.00,0.07,0.00,0.04,0.04,0.00,0.04,Matches
Diego Gómez,pyPAR,MF,Brighton,21-322,2003,2,0,46,0.5,0,0,0,0,0,0,0,0,0.0,0.0,0.0,0.0,0,2,0,0.00,0.00,0.00,0.00,0.00,0.00,0.00,0.00,0.00,0.00,Matches
Joe Gomez,engENG,DF,Liverpool,27-265,1997,9,6,519,5.8,0,0,0,0,0,0,1,0,0.3,0.3,0.1,0.4,5,35,2,0.00,0.00,0.00,0.00,0.00,0.06,0.02,0.08,0.06,0.08,Matches
Anthony Gordon,engENG,FW,Newcastle Utd,23-354,2001,23,22,"1,856",20.6,6,5,11,5,1,2,2,0,7.4,5.8,4.9,10.7,96,73,174,0.29,0.24,0.53,0.24,0.48,0.36,0.24,0.59,0.28,0.52,Matches
Ryan Gravenberch,nlNED,MF,Liverpool,22-272,2002,23,23,"1,985",22.1,0,2,2,0,0,0,5,0,0.9,0.9,2.7,3.5,47,120,36,0.00,0.09,0.09,0.00,0.09,0.04,0.12,0.16,0.04,0.16,Matches
Archie Gray,engENG,DF,Tottenham,18-337,2006,17,10,962,10.7,0,0,0,0,0,0,0,0,0.0,0.0,0.0,0.0,3,25,7,0.00,0.00,0.00,0.00,0.00,0.00,0.00,0.00,0.00,0.00,Matches
Jack Grealish,engENG,"FW,MF",Manchester City,29-155,1995,15,6,608,6.8,0,1,1,0,0,0,3,0,0.8,0.8,1.7,2.4,66,43,111,0.00,0.15,0.15,0.00,0.15,0.12,0.25,0.36,0.12,0.36,Matches
Jacob Greaves,engENG,DF,Ipswich Town,24-153,2000,14,14,"1,260",14.0,1,0,1,1,0,0,2,0,0.7,0.7,0.0,0.7,2,31,4,0.07,0.00,0.07,0.07,0.07,0.05,0.00,0.05,0.05,0.05,Matches
Brajan Gruda,deGER,"FW,MF",Brighton,20-257,2004,11,5,367,4.1,0,0,0,0,0,0,0,0,0.3,0.3,0.5,0.8,14,13,39,0.00,0.00,0.00,0.00,0.00,0.07,0.13,0.21,0.07,0.21,Matches
Albert Grønbaek,dkDEN,MF,Southampton,23-265,2001,1,1,69,0.8,0,0,0,0,0,0,0,0,0.1,0.1,0.0,0.1,1,0,1,0.00,0.00,0.00,0.00,0.00,0.15,0.00,0.15,0.15,0.15,Matches
Gonçalo Guedes,ptPOR,"MF,FW",Wolves,28-075,1996,21,6,695,7.7,2,4,6,2,0,0,1,0,2.2,2.2,1.0,3.1,26,27,50,0.26,0.52,0.78,0.26,0.78,0.28,0.13,0.41,0.28,0.41,Matches
Marc Guéhi,engENG,DF,Crystal Palace,24-214,2000,23,23,"2,070",23.0,3,1,4,3,0,0,5,0,1.5,1.5,0.5,2.0,10,90,5,0.13,0.04,0.17,0.13,0.17,0.07,0.02,0.09,0.07,0.09,Matches
Luis Guilherme,brBRA,"MF,FW",West Ham,19-003,2006,6,0,54,0.6,0,0,0,0,0,0,0,0,0.0,0.0,0.0,0.1,1,2,6,0.00,0.00,0.00,0.00,0.00,0.05,0.08,0.14,0.05,0.14,Matches
Bruno Guimarães,brBRA,MF,Newcastle Utd,27-088,1997,24,24,"2,088",23.2,2,6,8,2,0,0,3,0,2.2,2.2,5.1,7.3,32,177,55,0.09,0.26,0.34,0.09,0.34,0.10,0.22,0.32,0.10,0.32,Matches
Marc Guiu,esESP,FW,Chelsea,19-039,2006,3,0,73,0.8,0,0,0,0,0,0,0,0,0.0,0.0,0.0,0.0,0,0,3,0.00,0.00,0.00,0.00,0.00,0.00,0.04,0.04,0.00,0.04,Matches
İlkay Gündoğan,deGER,MF,Manchester City,34-111,1990,21,15,"1,344",14.9,0,1,1,0,0,0,1,0,1.6,1.6,1.9,3.6,37,87,59,0.00,0.07,0.07,0.00,0.07,0.11,0.13,0.24,0.11,0.24,Matches
Malo Gusto,frFRA,DF,Chelsea,21-269,2003,20,14,"1,302",14.5,0,1,1,0,0,0,3,0,1.5,1.5,0.9,2.4,33,75,64,0.00,0.07,0.07,0.00,0.07,0.10,0.06,0.17,0.10,0.17,Matches
Joško Gvardiol,hrCRO,DF,Manchester City,23-020,2002,23,22,"2,022",22.5,5,0,5,5,0,0,1,0,4.2,3.8,1.5,5.4,56,163,79,0.22,0.00,0.22,0.22,0.22,0.19,0.07,0.25,0.17,0.24,Matches
Erling Haaland,noNOR,FW,Manchester City,24-206,2000,24,24,"2,124",23.6,19,2,21,18,1,2,2,0,18.2,16.6,2.1,18.7,16,15,95,0.81,0.08,0.89,0.76,0.85,0.77,0.09,0.86,0.70,0.79,Matches
Lewis Hall,engENG,DF,Newcastle Utd,20-157,2004,24,21,"1,919",21.3,0,3,3,0,0,0,3,0,0.4,0.4,3.6,4.0,37,109,71,0.00,0.14,0.14,0.00,0.14,0.02,0.17,0.19,0.02,0.19,Matches
Ali Al Hamadi,iqIRQ,FW,Ipswich Town,22-348,2002,11,0,134,1.5,0,0,0,0,0,0,3,0,0.4,0.4,0.1,0.4,4,3,14,0.00,0.00,0.00,0.00,0.00,0.24,0.05,0.28,0.24,0.28,Matches
Marcus Harness,engENG,MF,Ipswich Town,28-354,1996,2,0,45,0.5,0,0,0,0,0,0,0,0,0.0,0.0,0.0,0.0,0,2,1,0.00,0.00,0.00,0.00,0.00,0.00,0.00,0.00,0.00,0.00,Matches
Jack Harrison,engENG,FW,Everton,28-084,1996,19,12,"1,000",11.1,0,0,0,0,0,0,0,0,2.2,2.2,2.0,4.2,24,25,59,0.00,0.00,0.00,0.00,0.00,0.20,0.18,0.38,0.20,0.38,Matches
Taylor Harwood-Bellis,engENG,DF,Southampton,23-013,2002,23,22,"1,895",21.1,1,0,1,1,0,0,7,0,1.6,1.6,0.8,2.3,19,92,7,0.05,0.00,0.05,0.05,0.05,0.07,0.04,0.11,0.07,0.11,Matches
Kai Havertz,deGER,"FW,MF",Arsenal,25-246,1999,21,21,"1,839",20.4,9,3,12,9,0,0,4,0,9.4,9.4,2.4,11.8,34,59,110,0.44,0.15,0.59,0.44,0.59,0.46,0.12,0.58,0.46,0.58,Matches
Jan Paul van Hecke,nlNED,DF,Brighton,24-249,2000,22,21,"1,880",20.9,0,1,1,0,0,0,4,0,0.8,0.8,1.0,1.7,39,167,5,0.00,0.05,0.05,0.00,0.05,0.04,0.05,0.08,0.04,0.08,Matches
Hwang Hee-chan,krKOR,"MF,FW",Wolves,29-017,1996,17,5,620,6.9,2,0,2,2,0,0,0,0,0.8,0.8,0.1,0.9,14,11,38,0.29,0.00,0.29,0.29,0.29,0.12,0.02,0.13,0.12,0.13,Matches
Dean Henderson,engENG,GK,Crystal Palace,27-337,1997,24,24,"2,160",24.0,0,0,0,0,0,0,3,0,0.0,0.0,0.0,0.0,0,0,0,0.00,0.00,0.00,0.00,0.00,0.00,0.00,0.00,0.00,0.00,Matches
Rico Henry,engENG,DF,Brentford,27-219,1997,1,0,4,0.0,0,0,0,0,0,0,0,0,0.0,0.0,0.0,0.0,0,0,1,0.00,0.00,0.00,0.00,0.00,0.00,0.00,0.00,0.00,0.00,Matches
Mads Hermansen,dkDEN,GK,Leicester City,24-216,2000,17,17,"1,485",16.5,0,0,0,0,0,0,0,0,0.0,0.0,0.0,0.0,0,0,0,0.00,0.00,0.00,0.00,0.00,0.00,0.00,0.00,0.00,0.00,Matches
Son Heung-min,krKOR,FW,Tottenham,32-219,1992,21,19,"1,585",17.6,6,7,13,6,0,1,1,0,5.0,4.3,6.1,10.4,68,86,197,0.34,0.40,0.74,0.34,0.74,0.29,0.35,0.63,0.24,0.59,Matches
James Hill,engENG,"DF,MF",Bournemouth,23-033,2002,5,3,179,2.0,0,1,1,0,0,0,0,0,0.0,0.0,0.2,0.3,0,9,5,0.00,0.50,0.50,0.00,0.50,0.00,0.13,0.13,0.00,0.13,Matches
Jack Hinshelwood,engENG,"MF,DF",Brighton,19-307,2005,12,11,901,10.0,1,0,1,1,0,0,3,0,0.8,0.8,0.3,1.1,10,36,28,0.10,0.00,0.10,0.10,0.10,0.08,0.03,0.11,0.08,0.11,Matches
George Hirst,engENG,FW,Ipswich Town,25-363,1999,12,1,219,2.4,1,1,2,1,0,0,1,0,1.0,1.0,0.3,1.2,3,8,17,0.41,0.41,0.82,0.41,0.82,0.40,0.11,0.50,0.40,0.50,Matches
Mason Holgate,engENG,"FW,DF",Everton,28-113,1996,1,0,6,0.1,0,0,0,0,0,0,0,0,0.0,0.0,0.0,0.0,0,0,0,0.00,0.00,0.00,0.00,0.00,0.00,0.00,0.00,0.00,0.00,Matches
Callum Hudson-Odoi,engENG,"FW,MF",Nott'ham Forest,24-097,2000,20,18,"1,525",16.9,3,2,5,3,0,0,1,0,1.9,1.9,2.0,3.9,92,49,133,0.18,0.12,0.30,0.18,0.30,0.11,0.12,0.23,0.11,0.23,Matches
Will Hughes,engENG,MF,Crystal Palace,29-301,1995,21,16,"1,410",15.7,0,3,3,0,0,0,8,0,0.8,0.8,1.8,2.6,16,70,21,0.00,0.19,0.19,0.00,0.19,0.05,0.11,0.17,0.05,0.17,Matches
Dean Huijsen,esESP,DF,Bournemouth,19-304,2005,18,13,"1,244",13.8,2,0,2,2,0,0,5,0,1.5,1.5,0.8,2.3,22,62,3,0.14,0.00,0.14,0.14,0.14,0.11,0.06,0.17,0.11,0.17,Matches
Omari Hutchinson,engENG,"MF,FW",Ipswich Town,21-105,2003,22,22,"1,865",20.7,2,1,3,2,0,0,4,0,1.8,1.8,2.2,3.9,55,53,105,0.10,0.05,0.14,0.10,0.14,0.08,0.10,0.19,0.08,0.19,Matches
Rasmus Højlund,dkDEN,FW,Manchester Utd,22-008,2003,19,13,"1,110",12.3,2,0,2,2,0,0,1,0,2.4,2.4,1.1,3.6,18,12,56,0.16,0.00,0.16,0.16,0.16,0.20,0.09,0.29,0.20,0.29,Matches
Igor,brBRA,DF,Brighton,27-005,1998,12,9,903,10.0,0,0,0,0,0,0,4,0,0.0,0.0,0.2,0.2,9,44,0,0.00,0.00,0.00,0.00,0.00,0.00,0.02,0.02,0.00,0.02,Matches
Danny Ings,engENG,"FW,MF",West Ham,32-204,1992,14,1,277,3.1,1,2,3,1,0,0,0,0,2.3,2.3,1.3,3.5,6,5,26,0.32,0.65,0.97,0.32,0.97,0.74,0.42,1.15,0.74,1.15,Matches
Tim Iroegbunam,engENG,MF,Everton,21-227,2003,7,4,392,4.4,0,0,0,0,0,0,2,0,0.2,0.2,0.1,0.3,5,11,7,0.00,0.00,0.00,0.00,0.00,0.05,0.02,0.07,0.05,0.07,Matches
Andy Irving,sctSCO,MF,West Ham,24-275,2000,9,1,165,1.8,0,0,0,0,0,0,2,0,0.1,0.1,0.2,0.4,0,9,4,0.00,0.00,0.00,0.00,0.00,0.07,0.13,0.19,0.07,0.19,Matches
Alexander Isak,seSWE,FW,Newcastle Utd,25-144,1999,22,22,"1,799",20.0,17,5,22,16,1,1,1,0,14.1,13.4,3.8,17.1,58,58,142,0.85,0.25,1.10,0.80,1.05,0.71,0.19,0.90,0.67,0.86,Matches
Alex Iwobi,ngNGA,"FW,MF",Fulham,28-285,1996,24,24,"2,016",22.4,7,3,10,7,0,0,1,0,3.3,3.3,4.9,8.2,101,151,167,0.31,0.13,0.45,0.31,0.45,0.15,0.22,0.37,0.15,0.37,Matches
Nicolas Jackson,snSEN,FW,Chelsea,23-237,2001,23,22,"1,736",19.3,9,5,14,9,0,0,5,0,11.4,11.4,4.0,15.4,41,27,94,0.47,0.26,0.73,0.47,0.73,0.59,0.21,0.80,0.59,0.80,Matches
Reece James,engENG,DF,Chelsea,25-066,1999,8,6,484,5.4,1,0,1,1,0,0,1,0,0.1,0.1,0.2,0.4,3,29,5,0.19,0.00,0.19,0.19,0.19,0.02,0.04,0.07,0.02,0.07,Matches
Vitaly Janelt,deGER,MF,Brentford,26-278,1998,23,20,"1,718",19.1,1,3,4,1,0,0,3,0,0.6,0.6,2.2,2.8,11,62,29,0.05,0.16,0.21,0.05,0.21,0.03,0.11,0.15,0.03,0.15,Matches
Vitezslav Jaros,czCZE,GK,Liverpool,23-204,2001,1,0,12,0.1,0,0,0,0,0,0,0,0,0.0,0.0,0.0,0.0,0,0,0,0.00,0.00,0.00,0.00,0.00,0.00,0.00,0.00,0.00,0.00,Matches
Daniel Jebbison,engENG,"FW,MF",Bournemouth,21-183,2003,6,0,59,0.7,0,0,0,0,0,0,1,0,0.2,0.2,0.2,0.4,2,1,7,0.00,0.00,0.00,0.00,0.00,0.31,0.30,0.62,0.31,0.62,Matches
Mathias Jensen,dkDEN,MF,Brentford,29-042,1996,14,8,704,7.8,0,1,1,0,0,0,1,0,0.2,0.2,1.4,1.7,6,48,21,0.00,0.13,0.13,0.00,0.13,0.03,0.18,0.21,0.03,0.21,Matches
Gabriel Jesus,brBRA,FW,Arsenal,27-315,1997,17,6,608,6.8,3,0,3,3,0,0,4,0,3.0,3.0,0.7,3.7,15,19,57,0.44,0.00,0.44,0.44,0.44,0.44,0.10,0.54,0.44,0.54,Matches
Raúl Jiménez,mxMEX,FW,Fulham,33-283,1991,24,19,"1,522",16.9,9,2,11,6,3,3,3,0,8.6,6.3,2.4,8.7,25,33,81,0.53,0.12,0.65,0.35,0.47,0.51,0.14,0.65,0.37,0.51,Matches
Kim Jisoo,krKOR,DF,Brentford,20-050,2004,2,0,29,0.3,0,0,0,0,0,0,0,0,0.0,0.0,0.0,0.0,0,2,0,0.00,0.00,0.00,0.00,0.00,0.00,0.00,0.00,0.00,0.00,Matches
João Pedro,brBRA,"FW,MF",Brighton,23-139,2001,18,16,"1,340",14.9,5,5,10,4,1,1,3,0,4.0,3.2,2.6,5.8,51,51,94,0.34,0.34,0.67,0.27,0.60,0.27,0.18,0.44,0.21,0.39,Matches
Joelinton,brBRA,"MF,FW",Newcastle Utd,28-182,1996,23,23,"1,914",21.3,4,1,5,4,0,0,9,0,3.7,3.7,1.6,5.2,33,98,96,0.19,0.05,0.24,0.19,0.24,0.17,0.07,0.25,0.17,0.25,Matches
Ben Johnson,engENG,"DF,FW",Ipswich Town,25-019,2000,14,8,828,9.2,0,1,1,0,0,0,2,0,0.4,0.4,0.6,1.0,10,17,18,0.00,0.11,0.11,0.00,0.11,0.04,0.07,0.11,0.04,0.11,Matches
Brennan Johnson,wlsWAL,FW,Tottenham,23-265,2001,21,16,"1,492",16.6,7,2,9,7,0,0,3,0,8.0,8.0,1.3,9.3,46,50,153,0.42,0.12,0.54,0.42,0.54,0.48,0.08,0.56,0.48,0.56,Matches
Sam Johnstone,engENG,GK,Wolves,31-324,1993,7,7,630,7.0,0,0,0,0,0,0,0,0,0.0,0.0,0.0,0.0,0,0,0,0.00,0.00,0.00,0.00,0.00,0.00,0.00,0.00,0.00,0.00,Matches
Curtis Jones,engENG,MF,Liverpool,24-013,2001,19,10,926,10.3,3,3,6,3,0,0,1,0,3.3,3.3,0.4,3.7,12,59,49,0.29,0.29,0.58,0.29,0.58,0.32,0.04,0.36,0.32,0.36,Matches
Jorginho,itITA,MF,Arsenal,33-054,1991,10,6,459,5.1,0,0,0,0,0,0,3,0,0.0,0.0,0.4,0.5,8,32,2,0.00,0.00,0.00,0.00,0.00,0.01,0.08,0.09,0.01,0.09,Matches
Diogo Jota,ptPOR,FW,Liverpool,28-070,1996,13,7,629,7.0,5,2,7,5,0,0,1,0,4.9,4.9,1.1,6.0,24,18,54,0.72,0.29,1.00,0.72,1.00,0.70,0.16,0.86,0.70,0.86,Matches
James Justin,engENG,DF,Leicester City,26-355,1998,23,23,"1,977",22.0,2,1,3,2,0,0,3,0,1.4,1.4,0.5,1.9,31,57,64,0.09,0.05,0.14,0.09,0.14,0.06,0.02,0.09,0.06,0.09,Matches
Filip Jørgensen,dkDEN,GK,Chelsea,22-302,2002,3,3,270,3.0,0,0,0,0,0,0,0,0,0.0,0.0,0.0,0.0,0,0,0,0.00,0.00,0.00,0.00,0.00,0.00,0.00,0.00,0.00,0.00,Matches
Ferdi Kadioglu,trTUR,"DF,MF",Brighton,25-128,1999,6,5,385,4.3,1,0,1,1,0,0,1,0,0.4,0.4,0.2,0.6,1,15,27,0.23,0.00,0.23,0.23,0.23,0.10,0.04,0.14,0.10,0.14,Matches
Daichi Kamada,jpJPN,MF,Crystal Palace,28-191,1996,20,10,933,10.4,0,0,0,0,0,0,2,1,0.7,0.7,1.0,1.7,16,56,38,0.00,0.00,0.00,0.00,0.00,0.07,0.10,0.17,0.07,0.17,Matches
Boubacar Kamara,frFRA,MF,Aston Villa,25-081,1999,15,12,"1,036",11.5,0,0,0,0,0,0,2,0,0.3,0.3,0.3,0.5,11,57,3,0.00,0.00,0.00,0.00,0.00,0.02,0.02,0.05,0.02,0.05,Matches
Michael Kayode,itITA,DF,Brentford,20-217,2004,1,0,15,0.2,0,0,0,0,0,0,0,0,0.0,0.0,0.2,0.2,1,0,3,0.00,0.00,0.00,0.00,0.00,0.00,0.90,0.90,0.00,0.90,Matches
Michael Keane,engENG,DF,Everton,32-032,1993,10,9,813,9.0,2,0,2,2,0,0,4,0,0.4,0.4,0.1,0.5,1,12,3,0.22,0.00,0.22,0.22,0.22,0.05,0.01,0.06,0.05,0.06,Matches
Caoimhín Kelleher,ieIRL,GK,Liverpool,26-081,1998,8,8,720,8.0,0,0,0,0,0,0,0,0,0.0,0.0,0.0,0.0,0,0,0,0.00,0.00,0.00,0.00,0.00,0.00,0.00,0.00,0.00,0.00,Matches
Lloyd Kelly,engENG,DF,Newcastle Utd,26-129,1998,10,4,303,3.4,0,1,1,0,0,0,2,0,0.4,0.4,0.5,0.9,0,9,5,0.00,0.30,0.30,0.00,0.30,0.12,0.14,0.26,0.12,0.26,Matches
Milos Kerkez,huHUN,DF,Bournemouth,21-097,2003,24,24,"2,087",23.2,2,3,5,2,0,0,3,0,0.4,0.4,2.9,3.2,60,107,115,0.09,0.13,0.22,0.09,0.22,0.02,0.12,0.14,0.02,0.14,Matches
Bilal El Khannouss,maMAR,MF,Leicester City,20-278,2004,19,14,"1,095",12.2,2,1,3,2,0,0,1,0,0.5,0.5,1.8,2.3,29,63,41,0.16,0.08,0.25,0.16,0.25,0.04,0.15,0.19,0.04,0.19,Matches
Abdukodir Khusanov,uzUZB,DF,Manchester City,20-349,2004,1,1,53,0.6,0,0,0,0,0,0,1,0,0.0,0.0,0.0,0.0,0,2,0,0.00,0.00,0.00,0.00,0.00,0.03,0.00,0.03,0.03,0.03,Matches
Max Kilman,engENG,DF,West Ham,27-265,1997,24,24,"2,088",23.2,0,1,1,0,0,0,3,0,1.4,1.4,0.9,2.3,20,89,3,0.00,0.04,0.04,0.00,0.04,0.06,0.04,0.10,0.06,0.10,Matches
Joshua King,engENG,"MF,FW",Fulham,18-040,2007,5,1,80,0.9,0,0,0,0,0,0,0,0,0.2,0.2,0.4,0.6,1,4,9,0.00,0.00,0.00,0.00,0.00,0.22,0.48,0.70,0.22,0.70,Matches
Antonín Kinský,czCZE,GK,Tottenham,21-336,2003,4,4,360,4.0,0,0,0,0,0,0,0,0,0.0,0.0,0.1,0.1,1,1,0,0.00,0.00,0.00,0.00,0.00,0.00,0.02,0.02,0.00,0.02,Matches
Jakub Kiwior,plPOL,DF,Arsenal,24-363,2000,8,2,327,3.6,0,0,0,0,0,0,0,0,0.0,0.0,0.1,0.1,1,8,0,0.00,0.00,0.00,0.00,0.00,0.00,0.02,0.02,0.00,0.02,Matches
Justin Kluivert,nlNED,"MF,FW",Bournemouth,25-283,1999,23,19,"1,530",17.0,11,4,15,5,6,6,6,0,8.8,4.1,3.0,7.1,47,64,104,0.65,0.24,0.88,0.29,0.53,0.52,0.18,0.70,0.24,0.42,Matches
Ibrahima Konaté,frFRA,DF,Liverpool,25-263,1999,17,16,"1,399",15.5,1,2,3,1,0,0,4,0,1.0,1.0,0.8,1.8,16,69,1,0.06,0.13,0.19,0.06,0.19,0.06,0.05,0.11,0.06,0.11,Matches
Ezri Konsa,engENG,DF,Aston Villa,27-112,1997,22,22,"1,901",21.1,1,0,1,1,0,0,0,0,0.6,0.6,0.2,0.8,14,56,11,0.05,0.00,0.05,0.05,0.05,0.03,0.01,0.04,0.03,0.04,Matches
Mateo Kovačić,hrCRO,MF,Manchester City,30-282,1994,20,18,"1,545",17.2,4,1,5,4,0,0,5,0,1.4,1.4,3.4,4.8,43,109,14,0.23,0.06,0.29,0.23,0.29,0.08,0.20,0.28,0.08,0.28,Matches
Caleb Kporha,engENG,DF,Crystal Palace,18-212,2006,2,0,13,0.1,0,0,0,0,0,0,0,0,0.0,0.0,0.0,0.0,1,0,0,0.00,0.00,0.00,0.00,0.00,0.00,0.00,0.00,0.00,0.00,Matches
Emil Krafth,seSWE,DF,Newcastle Utd,30-194,1994,3,2,241,2.7,0,0,0,0,0,0,0,0,0.0,0.0,0.1,0.1,0,1,0,0.00,0.00,0.00,0.00,0.00,0.01,0.03,0.05,0.01,0.05,Matches
Mohammed Kudus,ghGHA,"MF,FW",West Ham,24-194,2000,19,19,"1,563",17.4,3,1,4,3,0,0,0,1,4.8,4.8,2.0,6.7,61,48,141,0.17,0.06,0.23,0.17,0.23,0.28,0.11,0.39,0.28,0.39,Matches
Dejan Kulusevski,seSWE,"MF,FW",Tottenham,24-293,2000,24,22,"1,950",21.7,6,4,10,6,0,0,3,0,3.7,3.7,5.7,9.4,110,106,184,0.28,0.18,0.46,0.28,0.46,0.17,0.26,0.43,0.17,0.43,Matches
Maxence Lacroix,frFRA,DF,Crystal Palace,24-312,2000,21,21,"1,890",21.0,1,1,2,1,0,0,4,0,1.8,1.8,0.3,2.1,7,47,2,0.05,0.05,0.10,0.05,0.10,0.09,0.01,0.10,0.09,0.10,Matches
Adam Lallana,engENG,MF,Southampton,36-278,1988,13,5,341,3.8,0,2,2,0,0,0,4,0,0.2,0.2,0.9,1.1,5,23,10,0.00,0.53,0.53,0.00,0.53,0.04,0.24,0.28,0.04,0.28,Matches
Tariq Lamptey,ghGHA,DF,Brighton,24-135,2000,10,6,519,5.8,2,2,4,2,0,0,0,0,0.4,0.4,0.4,0.8,21,10,34,0.35,0.35,0.69,0.35,0.69,0.06,0.08,0.14,0.06,0.14,Matches
Will Lankshear,engENG,"FW,MF",Tottenham,19-298,2005,3,0,11,0.1,0,0,0,0,0,0,0,0,0.0,0.0,0.0,0.0,0,0,1,0.00,0.00,0.00,0.00,0.00,0.00,0.00,0.00,0.00,0.00,Matches
Roméo Lavia,beBEL,MF,Chelsea,21-037,2004,10,8,532,5.9,0,1,1,0,0,0,4,0,0.2,0.2,0.7,0.9,3,17,6,0.00,0.17,0.17,0.00,0.17,0.03,0.12,0.15,0.03,0.15,Matches
Mario Lemina,gaGAB,"MF,DF",Wolves,31-164,1993,17,15,"1,364",15.2,1,3,4,1,0,0,4,0,1.4,1.4,1.1,2.5,8,48,21,0.07,0.20,0.26,0.07,0.26,0.09,0.07,0.17,0.09,0.17,Matches
Bernd Leno,deGER,GK,Fulham,32-345,1992,24,24,"2,160",24.0,0,1,1,0,0,0,3,0,0.0,0.0,0.1,0.1,0,0,0,0.00,0.04,0.04,0.00,0.04,0.00,0.01,0.01,0.00,0.01,Matches
Jefferson Lerma,coCOL,MF,Crystal Palace,30-110,1994,19,15,"1,293",14.4,0,0,0,0,0,0,4,0,0.8,0.8,1.4,2.1,8,66,23,0.00,0.00,0.00,0.00,0.00,0.05,0.09,0.15,0.05,0.15,Matches
Rico Lewis,engENG,"DF,MF",Manchester City,20-083,2004,19,16,"1,402",15.6,1,2,3,1,0,0,5,1,1.2,1.2,0.3,1.5,32,80,57,0.06,0.13,0.19,0.06,0.19,0.07,0.02,0.10,0.07,0.10,Matches
Keane Lewis-Potter,engENG,"DF,FW",Brentford,23-356,2001,24,22,"1,919",21.3,1,2,3,1,0,0,4,0,2.3,2.3,1.5,3.8,66,60,108,0.05,0.09,0.14,0.05,0.14,0.11,0.07,0.18,0.11,0.18,Matches
Myles Lewis-Skelly,engENG,DF,Arsenal,18-139,2006,10,7,551,6.1,1,0,1,1,0,0,2,1,0.0,0.0,0.1,0.2,11,27,14,0.16,0.00,0.16,0.16,0.16,0.01,0.02,0.03,0.01,0.03,Matches
Matthijs de Ligt,nlNED,DF,Manchester Utd,25-184,1999,22,18,"1,549",17.2,1,0,1,1,0,0,3,0,1.8,1.8,0.3,2.1,4,37,4,0.06,0.00,0.06,0.06,0.06,0.10,0.02,0.12,0.10,0.12,Matches
Pedro Lima,brBRA,DF,Wolves,18-226,2006,1,1,58,0.6,0,0,0,0,0,0,0,0,0.0,0.0,0.1,0.1,3,3,8,0.00,0.00,0.00,0.00,0.00,0.00,0.11,0.11,0.00,0.11,Matches
Victor Lindelöf,seSWE,"DF,MF",Manchester Utd,30-210,1994,5,0,63,0.7,0,0,0,0,0,0,1,0,0.0,0.0,0.0,0.0,0,5,1,0.00,0.00,0.00,0.00,0.00,0.00,0.03,0.03,0.00,0.03,Matches
Jesper Lindstrøm,dkDEN,FW,Everton,24-349,2000,19,10,873,9.7,0,0,0,0,0,0,1,0,2.0,2.0,1.6,3.6,24,15,57,0.00,0.00,0.00,0.00,0.00,0.21,0.17,0.37,0.21,0.37,Matches
Valentino Livramento,engENG,DF,Newcastle Utd,22-092,2002,23,19,"1,647",18.3,0,0,0,0,0,0,0,0,0.1,0.1,0.7,0.8,44,84,60,0.00,0.00,0.00,0.00,0.00,0.01,0.04,0.04,0.01,0.04,Matches
Sean Longstaff,engENG,MF,Newcastle Utd,27-105,1997,18,8,721,8.0,0,0,0,0,0,0,2,0,0.6,0.6,0.2,0.8,4,38,20,0.00,0.00,0.00,0.00,0.00,0.08,0.02,0.10,0.08,0.10,Matches
Saša Lukić,rsSRB,MF,Fulham,28-183,1996,19,18,"1,500",16.7,0,2,2,0,0,0,9,0,0.7,0.7,2.1,2.8,28,61,16,0.00,0.12,0.12,0.00,0.12,0.04,0.13,0.17,0.04,0.17,Matches
Joe Lumley,engENG,GK,Southampton,29-363,1995,3,3,270,3.0,0,0,0,0,0,0,0,0,0.0,0.0,0.0,0.0,0,0,0,0.00,0.00,0.00,0.00,0.00,0.00,0.00,0.00,0.00,0.00,Matches
Massimo Luongo,auAUS,MF,Ipswich Town,32-140,1992,6,2,170,1.9,0,0,0,0,0,0,0,0,0.0,0.0,0.0,0.0,0,5,1,0.00,0.00,0.00,0.00,0.00,0.00,0.00,0.00,0.00,0.00,Matches
Ian Maatsen,nlNED,DF,Aston Villa,22-339,2002,18,3,456,5.1,0,1,1,0,0,0,2,0,0.2,0.2,1.5,1.7,13,17,45,0.00,0.20,0.20,0.00,0.20,0.03,0.30,0.34,0.03,0.34,Matches
Alexis Mac Allister,arARG,MF,Liverpool,26-050,1998,22,20,"1,630",18.1,1,3,4,1,0,0,6,0,1.9,1.9,3.4,5.3,23,121,53,0.06,0.17,0.22,0.06,0.22,0.10,0.19,0.29,0.10,0.29,Matches
James Maddison,engENG,MF,Tottenham,28-081,1996,22,15,"1,300",14.4,8,4,12,8,0,0,4,0,4.9,4.9,2.7,7.6,34,118,69,0.55,0.28,0.83,0.55,0.83,0.34,0.18,0.53,0.34,0.53,Matches
Noni Madueke,engENG,FW,Chelsea,22-339,2002,22,18,"1,433",15.9,7,3,10,7,0,0,3,0,7.6,7.6,3.5,11.1,107,51,177,0.44,0.19,0.63,0.44,0.63,0.48,0.22,0.70,0.48,0.70,Matches
Gabriel Magalhães,brBRA,DF,Arsenal,27-055,1997,22,22,"1,898",21.1,3,1,4,3,0,0,3,0,2.5,2.5,0.8,3.3,5,94,9,0.14,0.05,0.19,0.14,0.19,0.12,0.04,0.15,0.12,0.15,Matches
Edmond-Paris Maghoma,engENG,MF,Brentford,23-280,2001,5,0,78,0.9,0,0,0,0,0,0,0,0,0.0,0.0,0.0,0.0,3,8,2,0.00,0.00,0.00,0.00,0.00,0.00,0.00,0.00,0.00,0.00,Matches
Harry Maguire,engENG,DF,Manchester Utd,31-344,1993,17,12,"1,088",12.1,0,0,0,0,0,0,7,0,0.6,0.6,0.2,0.8,4,37,3,0.00,0.00,0.00,0.00,0.00,0.05,0.02,0.07,0.05,0.07,Matches
Kobbie Mainoo,engENG,MF,Manchester Utd,19-299,2005,18,15,"1,285",14.3,0,0,0,0,0,0,5,0,0.5,0.5,1.5,2.0,19,52,35,0.00,0.00,0.00,0.00,0.00,0.04,0.11,0.14,0.04,0.14,Matches
Tyrell Malacia,nlNED,DF,Manchester Utd,25-179,1999,3,2,100,1.1,0,0,0,0,0,0,1,0,0.0,0.0,0.0,0.0,3,3,6,0.00,0.00,0.00,0.00,0.00,0.00,0.03,0.03,0.00,0.03,Matches
Donyell Malen,nlNED,FW,Aston Villa,26-034,1999,2,0,70,0.8,0,0,0,0,0,0,0,0,0.2,0.2,0.0,0.2,2,1,5,0.00,0.00,0.00,0.00,0.00,0.29,0.00,0.29,0.29,0.29,Matches
Orel Mangala,beBEL,MF,Everton,26-331,1998,19,14,"1,261",14.0,1,0,1,1,0,0,2,0,1.1,1.1,0.6,1.8,6,34,19,0.07,0.00,0.07,0.07,0.07,0.08,0.05,0.13,0.08,0.13,Matches
Ryan Manning,ieIRL,DF,Southampton,28-243,1996,13,10,761,8.5,0,0,0,0,0,0,1,0,0.1,0.1,1.3,1.5,10,8,51,0.00,0.00,0.00,0.00,0.00,0.02,0.16,0.18,0.02,0.18,Matches
Solly March,engENG,"MF,DF",Brighton,30-207,1994,2,0,25,0.3,0,0,0,0,0,0,1,0,0.1,0.1,0.0,0.1,0,0,1,0.00,0.00,0.00,0.00,0.00,0.23,0.00,0.23,0.23,0.23,Matches
Omar Marmoush,egEGY,"FW,MF",Manchester City,26-005,1999,2,2,144,1.6,0,0,0,0,0,0,0,0,0.2,0.2,0.5,0.7,4,3,9,0.00,0.00,0.00,0.00,0.00,0.11,0.34,0.44,0.11,0.44,Matches
Gabriel Martinelli,brBRA,"FW,MF",Arsenal,23-239,2001,22,16,"1,458",16.2,6,3,9,6,0,0,1,0,4.1,4.1,2.9,6.9,78,28,184,0.37,0.19,0.56,0.37,0.56,0.25,0.18,0.43,0.25,0.43,Matches
Emiliano Martínez,arARG,GK,Aston Villa,32-163,1992,24,24,"2,115",23.5,0,0,0,0,0,0,2,0,0.0,0.0,0.0,0.0,0,1,0,0.00,0.00,0.00,0.00,0.00,0.00,0.00,0.00,0.00,0.00,Matches
Lisandro Martínez,arARG,DF,Manchester Utd,27-025,1998,20,20,"1,751",19.5,2,1,3,2,0,0,7,0,1.3,1.3,1.1,2.4,23,117,7,0.10,0.05,0.15,0.10,0.15,0.07,0.06,0.13,0.07,0.13,Matches
Pape Matar Sarr,snSEN,MF,Tottenham,22-151,2002,24,15,"1,255",13.9,2,2,4,2,0,0,4,0,2.4,2.4,1.3,3.7,22,66,37,0.14,0.14,0.29,0.14,0.29,0.17,0.09,0.26,0.17,0.26,Matches
Jean-Philippe Mateta,frFRA,FW,Crystal Palace,27-229,1997,24,22,"1,862",20.7,10,1,11,8,2,2,2,0,9.7,8.2,2.1,10.2,27,33,90,0.48,0.05,0.53,0.39,0.44,0.47,0.10,0.57,0.39,0.49,Matches
Stephy Mavididi,engENG,FW,Leicester City,26-257,1998,22,14,"1,290",14.3,3,1,4,3,0,0,2,0,1.5,1.5,2.4,3.9,68,51,103,0.21,0.07,0.28,0.21,0.28,0.11,0.16,0.27,0.11,0.27,Matches
Konstantinos Mavropanos,grGRE,DF,West Ham,27-063,1997,20,15,"1,405",15.6,0,0,0,0,0,0,4,1,0.9,0.9,0.5,1.4,12,46,2,0.00,0.00,0.00,0.00,0.00,0.06,0.03,0.09,0.06,0.09,Matches
Noussair Mazraoui,maMAR,DF,Manchester Utd,27-090,1997,24,22,"1,833",20.4,0,1,1,0,0,0,1,0,0.5,0.5,0.5,0.9,26,79,41,0.00,0.05,0.05,0.00,0.05,0.02,0.02,0.05,0.02,0.05,Matches
Bryan Mbeumo,cmCMR,FW,Brentford,25-189,1999,24,24,"2,154",23.9,14,3,17,10,4,4,2,0,7.9,4.8,5.7,10.4,84,91,233,0.58,0.13,0.71,0.42,0.54,0.33,0.24,0.57,0.20,0.44,Matches
James Mcatee,engENG,"MF,FW",Manchester City,22-117,2002,7,0,89,1.0,1,0,1,1,0,0,0,0,0.8,0.8,0.0,0.8,3,3,8,1.01,0.00,1.01,1.01,1.01,0.80,0.00,0.80,0.80,0.80,Matches
Kasey McAteer,ieIRL,"FW,MF",Leicester City,23-082,2001,11,4,386,4.3,0,1,1,0,0,0,1,0,0.6,0.6,0.4,0.9,13,8,36,0.00,0.23,0.23,0.00,0.23,0.13,0.08,0.21,0.13,0.21,Matches
Alex McCarthy,engENG,GK,Southampton,35-071,1989,5,5,450,5.0,0,0,0,0,0,0,0,0,0.0,0.0,0.0,0.0,0,0,0,0.00,0.00,0.00,0.00,0.00,0.00,0.00,0.00,0.00,0.00,Matches
John McGinn,sctSCO,"MF,FW",Aston Villa,30-117,1994,20,17,"1,362",15.1,0,3,3,0,0,0,4,0,1.9,1.9,2.5,4.3,22,62,62,0.00,0.20,0.20,0.00,0.20,0.12,0.16,0.29,0.12,0.29,Matches
Dwight McNeil,engENG,"MF,FW",Everton,25-082,1999,13,13,"1,140",12.7,3,3,6,3,0,0,1,0,0.9,0.9,3.5,4.4,31,60,65,0.24,0.24,0.47,0.24,0.47,0.07,0.27,0.34,0.07,0.34,Matches
Scott McTominay,sctSCO,MF,Manchester Utd,28-066,1996,2,0,19,0.2,0,0,0,0,0,0,0,0,0.1,0.1,0.0,0.1,0,1,2,0.00,0.00,0.00,0.00,0.00,0.33,0.00,0.33,0.33,0.33,Matches
Ben Mee,engENG,DF,Brentford,35-144,1989,6,2,177,2.0,0,0,0,0,0,0,2,0,0.0,0.0,0.0,0.0,3,11,2,0.00,0.00,0.00,0.00,0.00,0.00,0.00,0.00,0.00,0.00,Matches
Jayden Meghoma,engENG,DF,Brentford,18-229,2006,1,0,5,0.1,0,0,0,0,0,0,0,0,0.0,0.0,0.0,0.0,0,0,0,0.00,0.00,0.00,0.00,0.00,0.00,0.00,0.00,0.00,0.00,Matches
Mikel Merino,esESP,MF,Arsenal,28-235,1996,16,8,767,8.5,2,1,3,2,0,0,2,0,2.2,2.2,0.9,3.1,5,42,47,0.23,0.12,0.35,0.23,0.35,0.25,0.11,0.36,0.25,0.36,Matches
Nikola Milenković,rsSRB,DF,Nott'ham Forest,27-123,1997,23,23,"2,070",23.0,2,1,3,2,0,0,2,0,3.1,3.1,0.2,3.3,2,37,4,0.09,0.04,0.13,0.09,0.13,0.13,0.01,0.14,0.13,0.14,Matches
Lewis Miley,engENG,MF,Newcastle Utd,18-287,2006,5,0,35,0.4,0,0,0,0,0,0,0,0,0.0,0.0,0.0,0.0,0,3,1,0.00,0.00,0.00,0.00,0.00,0.00,0.00,0.00,0.00,0.00,Matches
James Milner,engENG,MF,Brighton,39-039,1986,3,3,169,1.9,0,0,0,0,0,0,1,0,0.2,0.2,0.2,0.4,1,10,10,0.00,0.00,0.00,0.00,0.00,0.09,0.12,0.21,0.09,0.21,Matches
Tyrone Mings,engENG,DF,Aston Villa,31-336,1993,6,5,468,5.2,0,0,0,0,0,0,1,0,0.2,0.2,0.2,0.4,1,17,0,0.00,0.00,0.00,0.00,0.00,0.04,0.04,0.07,0.04,0.07,Matches
Yankuba Minteh,gmGAM,"FW,MF",Brighton,20-205,2004,19,8,840,9.3,3,2,5,3,0,0,5,0,2.4,2.4,2.9,5.3,41,23,106,0.32,0.21,0.54,0.32,0.54,0.26,0.31,0.57,0.26,0.57,Matches
Tyrick Mitchell,engENG,DF,Crystal Palace,25-164,1999,24,24,"2,090",23.2,0,3,3,0,0,0,2,0,0.6,0.6,4.2,4.8,45,48,121,0.00,0.13,0.13,0.00,0.13,0.03,0.18,0.21,0.03,0.21,Matches
Kaoru Mitoma,jpJPN,"FW,MF",Brighton,27-268,1997,24,21,"1,890",21.0,5,3,8,5,0,0,0,0,5.1,5.1,4.3,9.3,110,66,230,0.24,0.14,0.38,0.24,0.38,0.24,0.20,0.44,0.24,0.44,Matches
Jakub Moder,plPOL,MF,Brighton,25-311,1999,4,0,11,0.1,0,0,0,0,0,0,0,0,0.0,0.0,0.2,0.2,2,4,0,0.00,0.00,0.00,0.00,0.00,0.00,1.45,1.45,0.00,1.45,Matches
Mikey Moore,engENG,"FW,MF",Tottenham,17-185,2007,7,2,185,2.1,0,1,1,0,0,0,0,0,0.2,0.2,0.3,0.5,9,7,30,0.00,0.49,0.49,0.00,0.49,0.10,0.16,0.26,0.10,0.26,Matches
Morato,brBRA,DF,Nott'ham Forest,23-227,2001,17,3,534,5.9,0,0,0,0,0,0,1,0,0.1,0.1,0.0,0.1,0,10,1,0.00,0.00,0.00,0.00,0.00,0.02,0.00,0.02,0.02,0.02,Matches
Álex Moreno,esESP,DF,Nott'ham Forest,31-249,1993,13,10,813,9.0,0,1,1,0,0,0,2,0,0.2,0.2,1.0,1.1,24,29,28,0.00,0.11,0.11,0.00,0.11,0.02,0.11,0.12,0.02,0.12,Matches
Sam Morsy,egEGY,MF,Ipswich Town,33-155,1991,22,21,"1,903",21.1,1,1,2,1,0,0,7,0,0.3,0.3,0.7,1.0,10,86,9,0.05,0.05,0.09,0.05,0.09,0.01,0.03,0.05,0.01,0.05,Matches
Yerson Mosquera,coCOL,DF,Wolves,23-286,2001,5,5,441,4.9,0,0,0,0,0,0,2,0,0.3,0.3,0.1,0.4,0,7,0,0.00,0.00,0.00,0.00,0.00,0.07,0.02,0.09,0.07,0.09,Matches
Mason Mount,engENG,"MF,FW",Manchester Utd,26-033,1999,8,4,247,2.7,0,0,0,0,0,0,2,0,0.4,0.4,0.1,0.5,2,8,5,0.00,0.00,0.00,0.00,0.00,0.14,0.04,0.18,0.14,0.18,Matches
Divin Mubama,engENG,FW,Manchester City,20-110,2004,1,0,28,0.3,0,0,0,0,0,0,0,0,0.0,0.0,0.0,0.0,0,1,0,0.00,0.00,0.00,0.00,0.00,0.12,0.00,0.12,0.12,0.12,Matches
Mykhailo Mudryk,uaUKR,FW,Chelsea,24-038,2001,7,1,151,1.7,0,0,0,0,0,0,0,0,0.3,0.3,1.0,1.2,7,5,12,0.00,0.00,0.00,0.00,0.00,0.15,0.58,0.73,0.15,0.73,Matches
Rodrigo Muniz,brBRA,FW,Fulham,23-284,2001,23,5,672,7.5,4,1,5,4,0,0,1,0,3.7,3.7,0.6,4.3,4,18,25,0.54,0.13,0.67,0.54,0.67,0.50,0.08,0.58,0.50,0.58,Matches
Daniel Muñoz,coCOL,DF,Crystal Palace,28-262,1996,23,23,"1,983",22.0,2,3,5,2,0,0,5,0,3.5,3.5,3.6,7.1,30,56,135,0.09,0.14,0.23,0.09,0.23,0.16,0.16,0.32,0.16,0.32,Matches
Arijanet Muric,xkKVX,GK,Ipswich Town,26-097,1998,18,18,"1,620",18.0,0,0,0,0,0,0,1,0,0.0,0.0,0.0,0.0,0,1,0,0.00,0.00,0.00,0.00,0.00,0.00,0.00,0.00,0.00,0.00,Matches
Murillo,brBRA,DF,Nott'ham Forest,22-223,2002,23,23,"2,028",22.5,1,0,1,1,0,0,5,0,1.1,1.1,1.1,2.1,12,68,4,0.04,0.00,0.04,0.04,0.04,0.05,0.05,0.09,0.05,0.09,Matches
Jacob Murphy,engENG,FW,Newcastle Utd,29-354,1995,21,17,"1,341",14.9,4,7,11,4,0,0,2,0,2.6,2.6,6.3,8.9,47,53,128,0.27,0.47,0.74,0.27,0.74,0.18,0.42,0.60,0.18,0.60,Matches
Vitaliy Mykolenko,uaUKR,DF,Everton,25-259,1999,21,21,"1,822",20.2,0,0,0,0,0,0,2,0,0.4,0.4,1.2,1.6,22,71,51,0.00,0.00,0.00,0.00,0.00,0.02,0.06,0.08,0.02,0.08,Matches
Iliman Ndiaye,snSEN,FW,Everton,24-343,2000,23,21,"1,853",20.6,6,0,6,5,1,1,3,0,3.6,2.8,1.5,4.3,71,38,95,0.29,0.00,0.29,0.24,0.24,0.17,0.07,0.25,0.14,0.21,Matches
Wilfred Ndidi,ngNGA,MF,Leicester City,28-058,1996,15,15,"1,215",13.5,0,4,4,0,0,0,4,0,1.4,1.4,1.4,2.8,9,37,49,0.00,0.30,0.30,0.00,0.30,0.10,0.10,0.20,0.10,0.20,Matches
Kosta Nedeljković,rsSRB,DF,Aston Villa,19-058,2005,5,0,126,1.4,0,0,0,0,0,0,0,0,0.0,0.0,0.0,0.0,1,6,0,0.00,0.00,0.00,0.00,0.00,0.00,0.00,0.00,0.00,0.00,Matches
Reiss Nelson,engENG,FW,Arsenal,25-064,1999,1,0,3,0.0,0,0,0,0,0,0,0,0,0.0,0.0,0.0,0.0,0,0,0,0.00,0.00,0.00,0.00,0.00,0.00,0.00,0.00,0.00,0.00,Matches
Reiss Nelson,engENG,FW,Fulham,25-064,1999,11,5,487,5.4,1,1,2,1,0,0,1,0,1.1,1.1,1.0,2.1,45,35,63,0.18,0.18,0.37,0.18,0.37,0.20,0.18,0.39,0.20,0.39,Matches
Neto,brBRA,GK,Bournemouth,35-208,1989,2,2,180,2.0,0,0,0,0,0,0,0,0,0.0,0.0,0.0,0.0,0,0,0,0.00,0.00,0.00,0.00,0.00,0.00,0.00,0.00,0.00,0.00,Matches
Pedro Neto,ptPOR,FW,Chelsea,24-340,2000,21,11,"1,130",12.6,2,2,4,2,0,0,6,0,1.1,1.1,2.6,3.7,75,25,109,0.16,0.16,0.32,0.16,0.32,0.09,0.21,0.30,0.09,0.30,Matches
Eddie Nketiah,engENG,"MF,FW",Crystal Palace,25-258,1999,17,6,627,7.0,0,1,1,0,0,0,3,0,1.7,1.7,1.3,3.0,30,13,51,0.00,0.14,0.14,0.00,0.14,0.24,0.18,0.42,0.24,0.42,Matches
Christopher Nkunku,frFRA,FW,Chelsea,27-090,1997,20,3,462,5.1,2,1,3,2,0,0,1,0,4.0,4.0,1.7,5.6,8,12,40,0.39,0.19,0.58,0.39,0.58,0.77,0.33,1.09,0.77,1.09,Matches
Matheus Nunes,ptPOR,"DF,MF",Manchester City,26-169,1998,16,10,890,9.9,0,4,4,0,0,0,2,0,0.5,0.5,2.9,3.4,39,34,121,0.00,0.40,0.40,0.00,0.40,0.05,0.29,0.34,0.05,0.34,Matches
Darwin Núñez,uyURU,FW,Liverpool,25-233,1999,18,7,825,9.2,4,2,6,4,0,0,6,0,3.4,3.4,0.9,4.3,19,18,59,0.44,0.22,0.65,0.44,0.65,0.37,0.10,0.47,0.37,0.47,Matches
Ethan Nwaneri,engENG,"MF,FW",Arsenal,17-328,2007,14,3,291,3.2,3,0,3,3,0,0,1,0,0.5,0.5,0.3,0.8,14,11,24,0.93,0.00,0.93,0.93,0.93,0.17,0.08,0.25,0.17,0.25,Matches
Christian Nørgaard,dkDEN,MF,Brentford,30-339,1994,21,21,"1,695",18.8,2,2,4,2,0,0,4,1,2.4,2.4,0.5,3.0,9,87,30,0.11,0.11,0.21,0.11,0.21,0.13,0.03,0.16,0.13,0.16,Matches
Jake O'Brien,ieIRL,DF,Everton,23-273,2001,6,3,311,3.5,0,0,0,0,0,0,2,0,0.0,0.0,0.1,0.1,1,6,4,0.00,0.00,0.00,0.00,0.00,0.00,0.03,0.03,0.00,0.03,Matches
Matt O'Riley,dkDEN,MF,Brighton,24-083,2000,11,5,468,5.2,1,1,2,1,0,0,1,0,1.2,1.2,1.2,2.4,9,22,25,0.19,0.19,0.38,0.19,0.38,0.23,0.23,0.46,0.23,0.46,Matches
Dara O'Shea,ieIRL,DF,Ipswich Town,25-345,1999,21,21,"1,862",20.7,0,0,0,0,0,0,5,0,0.8,0.8,0.0,0.8,3,51,1,0.00,0.00,0.00,0.00,0.00,0.04,0.00,0.04,0.04,0.04,Matches
Wilson Odobert,frFRA,FW,Tottenham,20-076,2004,3,2,162,1.8,0,0,0,0,0,0,0,0,0.4,0.4,0.1,0.5,13,10,18,0.00,0.00,0.00,0.00,0.00,0.23,0.03,0.27,0.23,0.27,Matches
Chiedozie Ogbene,ieIRL,FW,Ipswich Town,27-287,1997,5,3,238,2.6,0,0,0,0,0,0,0,0,0.0,0.0,0.1,0.1,7,0,15,0.00,0.00,0.00,0.00,0.00,0.00,0.03,0.03,0.00,0.03,Matches
Caleb Okoli,itITA,DF,Leicester City,23-214,2001,14,9,831,9.2,0,0,0,0,0,0,2,0,0.1,0.1,0.0,0.1,3,26,2,0.00,0.00,0.00,0.00,0.00,0.02,0.00,0.02,0.02,0.02,Matches
Robin Olsen,seSWE,GK,Aston Villa,35-035,1990,1,0,45,0.5,0,0,0,0,0,0,0,0,0.0,0.0,0.0,0.0,0,0,0,0.00,0.00,0.00,0.00,0.00,0.00,0.00,0.00,0.00,0.00,Matches
Amadou Onana,beBEL,MF,Aston Villa,23-180,2001,17,14,"1,079",12.0,2,0,2,2,0,0,4,0,1.8,1.8,0.2,2.0,13,36,10,0.17,0.00,0.17,0.17,0.17,0.15,0.02,0.17,0.15,0.17,Matches
André Onana,cmCMR,GK,Manchester Utd,28-316,1996,24,24,"2,160",24.0,0,0,0,0,0,0,0,0,0.0,0.0,0.2,0.2,0,1,0,0.00,0.00,0.00,0.00,0.00,0.00,0.01,0.01,0.00,0.01,Matches
Paul Onuachu,ngNGA,FW,Southampton,30-260,1994,14,6,544,6.0,2,0,2,2,0,0,1,0,1.7,1.7,0.3,1.9,5,7,15,0.33,0.00,0.33,0.33,0.33,0.28,0.05,0.32,0.28,0.32,Matches
Frank Onyeka,ngNGA,MF,Brentford,27-042,1998,2,0,25,0.3,0,0,0,0,0,0,0,0,0.0,0.0,0.0,0.0,0,1,0,0.00,0.00,0.00,0.00,0.00,0.00,0.00,0.00,0.00,0.00,Matches
Lewis Orford,engENG,MF,West Ham,18-360,2006,2,0,49,0.5,0,0,0,0,0,0,0,0,0.0,0.0,0.0,0.0,0,0,1,0.00,0.00,0.00,0.00,0.00,0.05,0.04,0.09,0.05,0.09,Matches
Stefan Ortega,deGER,GK,Manchester City,32-098,1992,9,9,810,9.0,0,0,0,0,0,0,1,0,0.0,0.0,0.0,0.0,0,0,0,0.00,0.00,0.00,0.00,0.00,0.00,0.00,0.00,0.00,0.00,Matches
William Osula,dkDEN,"FW,MF",Newcastle Utd,21-192,2003,9,0,49,0.5,0,0,0,0,0,0,0,0,0.0,0.0,0.1,0.1,1,1,5,0.00,0.00,0.00,0.00,0.00,0.00,0.16,0.16,0.00,0.16,Matches
Dango Ouattara,bfBFA,FW,Bournemouth,23-001,2002,21,12,"1,241",13.8,6,4,10,6,0,0,1,0,5.8,5.8,4.0,9.8,48,25,132,0.44,0.29,0.73,0.44,0.73,0.42,0.29,0.71,0.42,0.71,Matches
Nico O’Reilly,engENG,MF,Manchester City,19-328,2005,1,0,19,0.2,0,0,0,0,0,0,0,0,0.0,0.0,0.0,0.0,1,0,0,0.00,0.00,0.00,0.00,0.00,0.12,0.00,0.12,0.12,0.12,Matches
Cole Palmer,engENG,MF,Chelsea,22-282,2002,24,24,"2,099",23.3,14,6,20,11,3,3,4,0,12.3,9.9,8.2,18.1,80,139,124,0.60,0.26,0.86,0.47,0.73,0.53,0.35,0.88,0.43,0.78,Matches
Emerson Palmieri,itITA,DF,West Ham,30-193,1994,22,21,"1,632",18.1,2,1,3,2,0,0,5,0,1.6,1.6,1.5,3.1,31,45,63,0.11,0.06,0.17,0.11,0.17,0.09,0.08,0.17,0.09,0.17,Matches
Lucas Paquetá,brBRA,"MF,FW",West Ham,27-169,1997,22,19,"1,609",17.9,4,0,4,2,2,2,6,0,4.7,3.2,2.0,5.1,13,87,56,0.22,0.00,0.22,0.11,0.11,0.27,0.11,0.38,0.18,0.29,Matches
Thomas Partey,ghGHA,"MF,DF",Arsenal,31-244,1993,23,20,"1,853",20.6,3,2,5,3,0,0,2,0,1.6,1.6,1.6,3.2,18,121,26,0.15,0.10,0.24,0.15,0.24,0.08,0.08,0.15,0.08,0.15,Matches
Nathan Patterson,sctSCO,"DF,FW",Everton,23-119,2001,7,0,129,1.4,0,0,0,0,0,0,0,0,0.1,0.1,0.3,0.4,4,7,7,0.00,0.00,0.00,0.00,0.00,0.05,0.24,0.29,0.05,0.29,Matches
Andreas Pereira,brBRA,MF,Fulham,29-042,1996,21,16,"1,274",14.2,2,2,4,2,0,1,7,0,3.0,2.2,3.0,5.2,13,75,48,0.14,0.14,0.28,0.14,0.28,0.21,0.21,0.43,0.16,0.37,Matches
Ricardo Pereira,ptPOR,DF,Leicester City,31-129,1993,2,2,146,1.6,0,0,0,0,0,0,1,0,0.0,0.0,0.0,0.0,1,5,3,0.00,0.00,0.00,0.00,0.00,0.00,0.00,0.00,0.00,0.00,Matches
Kalvin Phillips,engENG,MF,Ipswich Town,29-072,1995,13,10,861,9.6,0,0,0,0,0,0,3,1,0.3,0.3,0.1,0.4,4,36,2,0.00,0.00,0.00,0.00,0.00,0.03,0.01,0.04,0.03,0.04,Matches
Jaden Philogene Bidace,engENG,"FW,MF",Aston Villa,23-004,2002,11,2,332,3.7,0,0,0,0,0,0,4,1,0.5,0.5,0.3,0.8,7,4,17,0.00,0.00,0.00,0.00,0.00,0.13,0.08,0.20,0.13,0.20,Matches
Jaden Philogene Bidace,engENG,"FW,MF",Ipswich Town,23-004,2002,3,1,133,1.5,0,0,0,0,0,0,0,0,0.0,0.0,0.0,0.0,7,2,9,0.00,0.00,0.00,0.00,0.00,0.00,0.00,0.00,0.00,0.00,Matches
Jordan Pickford,engENG,GK,Everton,30-342,1994,23,23,"2,070",23.0,0,1,1,0,0,0,6,0,0.0,0.0,0.4,0.4,0,0,0,0.00,0.04,0.04,0.00,0.04,0.00,0.02,0.02,0.00,0.02,Matches
Ethan Pinnock,jmJAM,DF,Brentford,31-259,1993,16,16,"1,440",16.0,2,0,2,2,0,0,2,0,0.9,0.9,1.2,2.0,2,33,8,0.12,0.00,0.12,0.12,0.12,0.05,0.07,0.13,0.05,0.13,Matches
Daniel Podence,ptPOR,"MF,FW",Wolves,29-114,1995,2,0,48,0.5,0,0,0,0,0,0,0,0,0.0,0.0,0.0,0.0,1,2,3,0.00,0.00,0.00,0.00,0.00,0.07,0.00,0.07,0.07,0.07,Matches
Alfie Pond,engENG,DF,Wolves,20-348,2004,1,0,1,0.0,0,0,0,0,0,0,0,0,0.0,0.0,0.0,0.0,0,0,0,0.00,0.00,0.00,0.00,0.00,0.00,0.00,0.00,0.00,0.00,Matches
Nick Pope,engENG,GK,Newcastle Utd,32-299,1992,15,15,"1,350",15.0,0,0,0,0,0,0,2,0,0.0,0.0,0.0,0.0,0,0,0,0.00,0.00,0.00,0.00,0.00,0.00,0.00,0.00,0.00,0.00,Matches
Pedro Porro,esESP,DF,Tottenham,25-152,1999,24,21,"1,988",22.1,2,5,7,2,0,0,2,0,1.5,1.5,2.7,4.1,53,121,82,0.09,0.23,0.32,0.09,0.32,0.07,0.12,0.19,0.07,0.19,Matches
Jarell Quansah,engENG,DF,Liverpool,22-014,2003,5,2,228,2.5,0,0,0,0,0,0,1,0,0.0,0.0,0.0,0.0,2,6,2,0.00,0.00,0.00,0.00,0.00,0.00,0.00,0.00,0.00,0.00,Matches
Hákon Rafn Valdimarsson,isISL,GK,Brentford,23-122,2001,2,1,145,1.6,0,0,0,0,0,0,0,0,0.0,0.0,0.0,0.0,0,0,0,0.00,0.00,0.00,0.00,0.00,0.00,0.00,0.00,0.00,0.00,Matches
Aaron Ramsdale,engENG,GK,Southampton,26-274,1998,16,16,"1,440",16.0,0,0,0,0,0,0,1,0,0.0,0.0,0.0,0.0,0,0,0,0.00,0.00,0.00,0.00,0.00,0.00,0.00,0.00,0.00,0.00,Matches
Jacob Ramsey,engENG,"FW,MF",Aston Villa,23-260,2001,16,11,"1,000",11.1,1,2,3,1,0,0,1,0,1.2,1.2,1.7,2.9,35,40,67,0.09,0.18,0.27,0.09,0.27,0.11,0.15,0.26,0.11,0.26,Matches
Marcus Rashford,engENG,"FW,MF",Manchester Utd,27-104,1997,15,12,978,10.9,4,1,5,4,0,0,2,0,1.7,1.7,2.1,3.8,20,21,79,0.37,0.09,0.46,0.37,0.46,0.16,0.19,0.35,0.16,0.35,Matches
David Raya,esESP,GK,Arsenal,29-150,1995,24,24,"2,160",24.0,0,0,0,0,0,0,2,0,0.0,0.0,0.0,0.0,0,5,0,0.00,0.00,0.00,0.00,0.00,0.00,0.00,0.00,0.00,0.00,Matches
Harrison Reed,engENG,MF,Fulham,30-016,1995,8,0,61,0.7,0,0,0,0,0,0,2,0,0.0,0.0,0.1,0.1,1,3,7,0.00,0.00,0.00,0.00,0.00,0.02,0.11,0.13,0.02,0.13,Matches
Remy Rees-Dottin,engENG,FW,Bournemouth,18-343,2006,1,0,1,0.0,0,0,0,0,0,0,0,0,0.0,0.0,0.0,0.0,0,0,0,0.00,0.00,0.00,0.00,0.00,0.00,0.00,0.00,0.00,0.00,Matches
Sergio Reguilón,esESP,DF,Tottenham,28-058,1996,3,0,123,1.4,0,0,0,0,0,0,2,0,0.1,0.1,0.0,0.1,4,12,10,0.00,0.00,0.00,0.00,0.00,0.05,0.02,0.07,0.05,0.07,Matches
Bobby Reid,jmJAM,"FW,MF",Leicester City,32-010,1993,16,4,442,4.9,1,2,3,1,0,0,1,0,0.7,0.7,1.2,1.9,8,11,27,0.20,0.41,0.61,0.20,0.61,0.15,0.24,0.39,0.15,0.39,Matches
Chadi Riad,maMAR,DF,Crystal Palace,21-240,2003,1,1,90,1.0,0,0,0,0,0,0,0,0,0.0,0.0,0.0,0.0,2,7,0,0.00,0.00,0.00,0.00,0.00,0.00,0.00,0.00,0.00,0.00,Matches
Declan Rice,engENG,MF,Arsenal,26-029,1999,22,20,"1,741",19.3,1,5,6,1,0,0,5,1,1.5,1.5,5.2,6.7,61,130,55,0.05,0.26,0.31,0.05,0.31,0.08,0.27,0.35,0.08,0.35,Matches
Chris Richards,usUSA,DF,Crystal Palace,24-321,2000,13,11,978,10.9,0,0,0,0,0,0,1,0,0.2,0.2,0.1,0.3,3,23,1,0.00,0.00,0.00,0.00,0.00,0.02,0.01,0.03,0.02,0.03,Matches
Richarlison,brBRA,FW,Tottenham,27-278,1997,9,2,279,3.1,2,1,3,2,0,0,1,0,1.2,1.2,0.9,2.1,8,10,17,0.65,0.32,0.97,0.65,0.97,0.38,0.29,0.67,0.38,0.67,Matches
Andrew Robertson,sctSCO,DF,Liverpool,30-338,1994,22,20,"1,650",18.3,0,0,0,0,0,0,2,1,0.5,0.5,3.3,3.8,43,124,66,0.00,0.00,0.00,0.00,0.00,0.03,0.18,0.21,0.03,0.21,Matches
Antonee Robinson,usUSA,DF,Fulham,27-188,1997,24,24,"2,160",24.0,0,10,10,0,0,0,5,0,0.7,0.7,3.4,4.1,84,89,193,0.00,0.42,0.42,0.00,0.42,0.03,0.14,0.17,0.03,0.17,Matches
Rodri,esESP,MF,Manchester City,28-235,1996,2,1,65,0.7,0,0,0,0,0,0,0,0,0.0,0.0,0.0,0.0,0,4,1,0.00,0.00,0.00,0.00,0.00,0.00,0.06,0.06,0.00,0.06,Matches
Guido Rodríguez,arARG,MF,West Ham,30-306,1994,19,14,"1,017",11.3,0,0,0,0,0,0,5,0,0.2,0.2,0.1,0.3,2,31,5,0.00,0.00,0.00,0.00,0.00,0.02,0.01,0.03,0.02,0.03,Matches
Mads Roerslev,dkDEN,DF,Brentford,25-233,1999,19,11,"1,101",12.2,0,2,2,0,0,0,2,0,0.2,0.2,3.0,3.2,17,51,54,0.00,0.16,0.16,0.00,0.16,0.02,0.24,0.26,0.02,0.26,Matches
Morgan Rogers,engENG,"MF,FW",Aston Villa,22-201,2002,23,23,"1,900",21.1,6,4,10,6,0,0,8,0,3.8,3.8,4.5,8.2,76,76,112,0.28,0.19,0.47,0.28,0.47,0.18,0.21,0.39,0.18,0.39,Matches
Cristian Romero,arARG,DF,Tottenham,26-291,1998,12,12,974,10.8,1,0,1,1,0,0,1,0,1.1,1.1,0.5,1.6,10,48,2,0.09,0.00,0.09,0.09,0.09,0.10,0.05,0.15,0.10,0.15,Matches
Georginio Rutter,frFRA,"FW,MF",Brighton,22-298,2002,23,14,"1,267",14.1,4,2,6,4,0,0,2,0,3.5,3.5,1.7,5.2,38,57,66,0.28,0.14,0.43,0.28,0.43,0.25,0.12,0.37,0.25,0.37,Matches
José Sá,ptPOR,GK,Wolves,32-026,1993,17,17,"1,530",17.0,0,0,0,0,0,0,1,0,0.0,0.0,0.1,0.1,0,2,0,0.00,0.00,0.00,0.00,0.00,0.00,0.01,0.01,0.00,0.01,Matches
Bukayo Saka,engENG,"FW,MF",Arsenal,23-160,2001,16,16,"1,268",14.1,5,10,15,4,1,1,3,0,4.2,3.4,5.8,9.2,72,53,195,0.35,0.71,1.06,0.28,0.99,0.30,0.41,0.71,0.24,0.65,Matches
Mohamed Salah,egEGY,FW,Liverpool,32-242,1992,23,23,"2,029",22.5,21,13,34,15,6,6,1,0,18.1,13.4,9.3,22.7,98,92,298,0.93,0.58,1.51,0.67,1.24,0.80,0.41,1.22,0.60,1.01,Matches
William Saliba,frFRA,DF,Arsenal,23-325,2001,22,22,"1,919",21.3,2,0,2,2,0,0,2,1,1.9,1.9,0.5,2.4,9,73,2,0.09,0.00,0.09,0.09,0.09,0.09,0.03,0.11,0.09,0.11,Matches
Robert Sánchez,esESP,GK,Chelsea,27-086,1997,21,21,"1,890",21.0,0,0,0,0,0,0,5,0,0.0,0.0,0.0,0.0,0,1,0,0.00,0.00,0.00,0.00,0.00,0.00,0.00,0.00,0.00,0.00,Matches
Jadon Sancho,engENG,FW,Chelsea,24-324,2000,18,13,"1,113",12.4,2,4,6,2,0,0,1,0,1.5,1.5,2.6,4.1,66,56,138,0.16,0.32,0.49,0.16,0.49,0.12,0.21,0.33,0.12,0.33,Matches
Ibrahim Sangaré,ciCIV,MF,Nott'ham Forest,27-072,1997,4,3,221,2.5,0,1,1,0,0,0,2,0,0.0,0.0,0.3,0.3,0,9,2,0.00,0.41,0.41,0.00,0.41,0.01,0.12,0.13,0.01,0.13,Matches
Pablo Sarabia,esESP,"MF,FW",Wolves,32-277,1992,10,5,427,4.7,1,1,2,1,0,0,2,0,2.3,2.3,0.6,2.9,9,27,32,0.21,0.21,0.42,0.21,0.42,0.48,0.13,0.61,0.48,0.61,Matches
Jeremy Sarmiento,ecECU,MF,Brighton,22-241,2002,1,0,9,0.1,0,0,0,0,0,0,0,0,0.0,0.0,0.0,0.0,0,0,2,0.00,0.00,0.00,0.00,0.00,0.00,0.00,0.00,0.00,0.00,Matches
Ismaila Sarr,snSEN,"MF,FW",Crystal Palace,26-353,1998,24,17,"1,591",17.7,4,3,7,4,0,0,3,0,4.4,4.4,4.7,9.0,44,51,113,0.23,0.17,0.40,0.23,0.40,0.25,0.26,0.51,0.25,0.51,Matches
Sávio,brBRA,"FW,MF",Manchester City,20-308,2004,19,14,"1,170",13.0,1,6,7,1,0,0,2,0,3.1,3.1,5.3,8.3,94,52,153,0.08,0.46,0.54,0.08,0.54,0.24,0.40,0.64,0.24,0.64,Matches
Oliver Scarles,engENG,DF,West Ham,19-062,2005,6,0,116,1.3,0,0,0,0,0,0,0,0,0.0,0.0,0.0,0.0,2,4,13,0.00,0.00,0.00,0.00,0.00,0.00,0.00,0.00,0.00,0.00,Matches
Dane Scarlett,engENG,FW,Tottenham,20-325,2004,1,0,12,0.1,0,0,0,0,0,0,0,0,0.0,0.0,0.0,0.0,1,0,0,0.00,0.00,0.00,0.00,0.00,0.00,0.00,0.00,0.00,0.00,Matches
Kevin Schade,deGER,FW,Brentford,23-077,2001,24,12,"1,165",12.9,6,2,8,6,0,0,2,0,4.6,4.6,2.3,6.9,34,24,89,0.46,0.15,0.62,0.46,0.62,0.36,0.17,0.53,0.36,0.53,Matches
Fabian Schär,chSUI,DF,Newcastle Utd,33-054,1991,20,19,"1,692",18.8,2,0,2,2,0,0,5,1,1.5,1.5,0.3,1.8,12,67,14,0.11,0.00,0.11,0.11,0.11,0.08,0.01,0.10,0.08,0.10,Matches
Jeffrey Schlupp,ghGHA,"MF,DF",Crystal Palace,32-051,1992,12,0,103,1.1,0,0,0,0,0,0,0,0,0.2,0.2,0.2,0.3,4,5,9,0.00,0.00,0.00,0.00,0.00,0.14,0.14,0.28,0.14,0.28,Matches
Alex Scott,engENG,MF,Bournemouth,21-175,2003,8,2,263,2.9,0,0,0,0,0,0,0,0,0.1,0.1,0.2,0.3,5,32,14,0.00,0.00,0.00,0.00,0.00,0.05,0.07,0.12,0.05,0.12,Matches
Matz Sels,beBEL,GK,Nott'ham Forest,32-352,1992,24,24,"2,160",24.0,0,0,0,0,0,0,2,0,0.0,0.0,0.0,0.0,0,1,0,0.00,0.00,0.00,0.00,0.00,0.00,0.00,0.00,0.00,0.00,Matches
Nélson Semedo,ptPOR,DF,Wolves,31-088,1993,20,19,"1,698",18.9,0,3,3,0,0,0,7,0,0.4,0.4,2.3,2.7,40,41,66,0.00,0.16,0.16,0.00,0.16,0.02,0.12,0.15,0.02,0.15,Matches
Antoine Semenyo,ghGHA,FW,Bournemouth,25-036,2000,23,23,"2,016",22.4,7,3,10,7,0,0,5,0,7.5,7.5,4.0,11.6,95,67,196,0.31,0.13,0.45,0.31,0.45,0.34,0.18,0.52,0.34,0.52,Matches
Marcos Senesi,arARG,DF,Bournemouth,27-278,1997,11,11,917,10.2,0,0,0,0,0,0,4,0,0.8,0.8,0.4,1.2,11,45,3,0.00,0.00,0.00,0.00,0.00,0.08,0.04,0.12,0.08,0.12,Matches
Ryan Sessegnon,engENG,"MF,FW",Fulham,24-270,2000,3,0,18,0.2,0,0,0,0,0,0,0,0,0.0,0.0,0.0,0.0,0,0,0,0.00,0.00,0.00,0.00,0.00,0.00,0.00,0.00,0.00,0.00,Matches
Luke Shaw,engENG,DF,Manchester Utd,29-215,1995,2,0,70,0.8,0,0,0,0,0,0,0,0,0.0,0.0,0.0,0.0,1,6,0,0.00,0.00,0.00,0.00,0.00,0.00,0.00,0.00,0.00,0.00,Matches
Zain Silcott-Duberry,msMSR,FW,Bournemouth,19-218,2005,1,0,1,0.0,0,0,0,0,0,0,0,0,0.0,0.0,0.0,0.0,0,0,0,0.00,0.00,0.00,0.00,0.00,0.00,0.00,0.00,0.00,0.00,Matches
Bernardo Silva,ptPOR,"MF,FW",Manchester City,30-186,1994,23,21,"1,916",21.3,2,4,6,2,0,0,5,0,2.9,2.9,4.0,6.9,77,89,156,0.09,0.19,0.28,0.09,0.28,0.13,0.19,0.32,0.13,0.32,Matches
Jota Silva,ptPOR,"FW,MF",Nott'ham Forest,25-195,1999,23,4,709,7.9,1,1,2,1,0,0,4,0,1.0,1.0,2.8,3.8,17,13,45,0.13,0.13,0.25,0.13,0.25,0.13,0.36,0.49,0.13,0.49,Matches
Eric da Silva Moreira,deGER,"MF,DF",Nott'ham Forest,18-285,2006,2,0,30,0.3,0,0,0,0,0,0,0,0,0.0,0.0,0.0,0.0,1,0,1,0.00,0.00,0.00,0.00,0.00,0.00,0.00,0.00,0.00,0.00,Matches
Jahmai Simpson-Pusey,engENG,DF,Manchester City,19-100,2005,2,1,96,1.1,0,0,0,0,0,0,1,0,0.0,0.0,0.0,0.0,1,3,0,0.00,0.00,0.00,0.00,0.00,0.00,0.00,0.00,0.00,0.00,Matches
Luis Sinisterra,coCOL,"FW,MF",Bournemouth,25-240,1999,8,1,208,2.3,1,1,2,1,0,0,0,0,1.1,1.1,1.0,2.1,14,3,29,0.43,0.43,0.87,0.43,0.87,0.48,0.44,0.92,0.48,0.92,Matches
Oliver Skipp,engENG,MF,Leicester City,24-149,2000,15,7,765,8.5,0,0,0,0,0,0,4,0,0.1,0.1,0.2,0.3,13,22,13,0.00,0.00,0.00,0.00,0.00,0.01,0.03,0.04,0.01,0.04,Matches
William Smallbone,ieIRL,MF,Southampton,24-357,2000,8,3,321,3.6,0,0,0,0,0,0,0,0,0.3,0.3,0.3,0.6,3,10,15,0.00,0.00,0.00,0.00,0.00,0.09,0.08,0.17,0.09,0.17,Matches
Adam Smith,engENG,DF,Bournemouth,33-289,1991,17,12,"1,035",11.5,0,0,0,0,0,0,4,0,0.6,0.6,0.1,0.7,7,31,16,0.00,0.00,0.00,0.00,0.00,0.05,0.01,0.06,0.05,0.06,Matches
Emile Smith Rowe,engENG,MF,Fulham,24-199,2000,22,18,"1,434",15.9,4,2,6,4,0,0,1,0,3.4,3.4,1.1,4.5,44,95,83,0.25,0.13,0.38,0.25,0.38,0.21,0.07,0.28,0.21,0.28,Matches
Dominic Solanke,engENG,FW,Tottenham,27-151,1997,18,18,"1,598",17.8,7,3,10,7,0,0,0,0,8.5,8.5,2.6,11.0,27,37,71,0.39,0.17,0.56,0.39,0.56,0.48,0.14,0.62,0.48,0.62,Matches
Carlos Soler,esESP,"MF,FW",West Ham,28-041,1997,19,11,991,11.0,1,1,2,1,0,0,5,0,1.2,1.2,1.1,2.3,11,43,20,0.09,0.09,0.18,0.09,0.18,0.11,0.10,0.21,0.11,0.21,Matches
Ramón Sosa,pyPAR,"FW,MF",Nott'ham Forest,25-165,1999,14,1,241,2.7,1,0,1,1,0,0,1,0,0.9,0.9,0.4,1.4,10,4,14,0.37,0.00,0.37,0.37,0.37,0.35,0.15,0.51,0.35,0.51,Matches
Tomáš Souček,czCZE,MF,West Ham,29-351,1995,22,19,"1,705",18.9,5,1,6,5,0,0,7,0,3.6,3.6,1.0,4.6,4,55,42,0.26,0.05,0.32,0.26,0.32,0.19,0.05,0.24,0.19,0.24,Matches
Boubakary Soumaré,frFRA,MF,Leicester City,25-351,1999,17,13,"1,195",13.3,0,0,0,0,0,0,8,0,0.2,0.2,0.3,0.5,16,58,11,0.00,0.00,0.00,0.00,0.00,0.02,0.02,0.03,0.02,0.03,Matches
Djed Spence,engENG,DF,Tottenham,24-187,2000,11,7,680,7.6,0,1,1,0,0,0,3,1,0.1,0.1,1.0,1.2,21,35,32,0.00,0.13,0.13,0.00,0.13,0.02,0.13,0.15,0.02,0.15,Matches
Jay Stansfield,engENG,MF,Fulham,22-080,2002,1,0,1,0.0,0,0,0,0,0,0,0,0,0.0,0.0,0.0,0.0,0,0,0,0.00,0.00,0.00,0.00,0.00,0.00,0.00,0.00,0.00,0.00,Matches
Jason Steele,engENG,GK,Brighton,34-178,1990,2,2,180,2.0,0,0,0,0,0,0,0,0,0.0,0.0,0.0,0.0,0,0,0,0.00,0.00,0.00,0.00,0.00,0.00,0.00,0.00,0.00,0.00,Matches
Jack Stephens,engENG,DF,Southampton,31-016,1994,11,10,803,8.9,0,0,0,0,0,0,2,2,0.3,0.3,0.1,0.4,11,43,1,0.00,0.00,0.00,0.00,0.00,0.03,0.02,0.05,0.03,0.05,Matches
Raheem Sterling,engENG,"FW,MF",Arsenal,30-066,1994,9,3,218,2.4,0,1,1,0,0,0,1,0,0.9,0.9,0.2,1.0,14,13,36,0.00,0.41,0.41,0.00,0.41,0.36,0.07,0.43,0.36,0.43,Matches
Ross Stewart,sctSCO,"FW,MF",Southampton,28-216,1996,4,1,132,1.5,0,0,0,0,0,0,1,0,0.1,0.1,0.0,0.1,1,1,5,0.00,0.00,0.00,0.00,0.00,0.08,0.00,0.08,0.08,0.08,Matches
Jakub Stolarczyk,plPOL,GK,Leicester City,24-055,2000,6,6,540,6.0,0,0,0,0,0,0,1,0,0.0,0.0,0.0,0.0,0,1,0,0.00,0.00,0.00,0.00,0.00,0.00,0.00,0.00,0.00,0.00,Matches
John Stones,engENG,"DF,MF",Manchester City,30-260,1994,10,5,458,5.1,2,0,2,2,0,0,1,0,0.4,0.4,0.1,0.5,10,20,1,0.39,0.00,0.39,0.39,0.39,0.08,0.01,0.10,0.08,0.10,Matches
Jørgen Strand Larsen,noNOR,FW,Wolves,25-006,2000,23,22,"1,833",20.4,7,2,9,7,0,0,2,0,6.3,6.3,1.6,7.9,9,18,63,0.34,0.10,0.44,0.34,0.44,0.31,0.08,0.39,0.31,0.39,Matches
Yukinari Sugawara,jpJPN,DF,Southampton,24-229,2000,21,13,"1,166",13.0,1,1,2,1,0,0,4,0,0.4,0.4,2.2,2.6,25,58,57,0.08,0.08,0.15,0.08,0.15,0.03,0.17,0.20,0.03,0.20,Matches
Kamaldeen Sulemana,ghGHA,"FW,MF",Southampton,22-363,2002,12,3,306,3.4,0,0,0,0,0,0,0,0,0.5,0.5,0.0,0.5,13,5,22,0.00,0.00,0.00,0.00,0.00,0.14,0.00,0.14,0.14,0.14,Matches
Crysencio Summerville,nlNED,"FW,MF",West Ham,23-105,2001,19,7,786,8.7,1,1,2,1,0,0,2,0,1.6,1.6,1.7,3.3,29,18,71,0.11,0.11,0.23,0.11,0.23,0.19,0.19,0.38,0.19,0.38,Matches
Sammie Szmodics,ieIRL,"FW,MF",Ipswich Town,29-141,1995,18,13,978,10.9,4,0,4,4,0,0,2,0,3.4,3.4,0.2,3.6,16,18,46,0.37,0.00,0.37,0.37,0.37,0.31,0.02,0.33,0.31,0.33,Matches
Dominik Szoboszlai,huHUN,MF,Liverpool,24-110,2000,21,16,"1,458",16.2,3,2,5,3,0,0,6,0,5.6,5.6,3.4,9.0,52,85,80,0.19,0.12,0.31,0.19,0.31,0.34,0.21,0.56,0.34,0.56,Matches
Matt Targett,engENG,DF,Newcastle Utd,29-147,1995,1,0,12,0.1,0,0,0,0,0,0,0,0,0.0,0.0,0.0,0.0,0,0,0,0.00,0.00,0.00,0.00,0.00,0.00,0.00,0.00,0.00,0.00,Matches
James Tarkowski,engENG,DF,Everton,32-085,1992,23,23,"2,061",22.9,0,1,1,0,0,0,4,0,1.0,1.0,2.1,3.1,4,53,3,0.00,0.04,0.04,0.00,0.04,0.04,0.09,0.13,0.04,0.13,Matches
Marcus Tavernier,engENG,"FW,MF",Bournemouth,25-327,1999,17,13,"1,176",13.1,1,5,6,1,0,0,2,0,4.4,4.4,2.6,7.0,29,76,83,0.08,0.38,0.46,0.08,0.46,0.34,0.20,0.53,0.34,0.53,Matches
Charlie Taylor,engENG,DF,Southampton,31-147,1993,7,2,266,3.0,0,0,0,0,0,0,1,0,0.0,0.0,0.1,0.1,3,8,6,0.00,0.00,0.00,0.00,0.00,0.00,0.03,0.03,0.00,0.03,Matches
Jack Taylor,ieIRL,MF,Ipswich Town,26-234,1998,18,1,418,4.6,1,0,1,1,0,0,3,0,0.5,0.5,0.5,1.1,8,32,13,0.22,0.00,0.22,0.22,0.22,0.12,0.12,0.23,0.12,0.23,Matches
Kenny Tete,nlNED,DF,Fulham,29-126,1995,15,15,"1,262",14.0,0,2,2,0,0,0,3,0,1.0,1.0,0.7,1.8,33,42,39,0.00,0.14,0.14,0.00,0.14,0.07,0.05,0.13,0.07,0.13,Matches
Thiago,brBRA,FW,Brentford,23-231,2001,4,1,132,1.5,0,0,0,0,0,0,0,0,0.1,0.1,0.1,0.2,3,2,4,0.00,0.00,0.00,0.00,0.00,0.07,0.05,0.11,0.07,0.11,Matches
Luke Thomas,engENG,DF,Leicester City,23-247,2001,2,2,179,2.0,0,0,0,0,0,0,0,0,0.0,0.0,0.1,0.1,1,7,5,0.00,0.00,0.00,0.00,0.00,0.01,0.03,0.04,0.01,0.04,Matches
Youri Tielemans,beBEL,MF,Aston Villa,27-281,1997,24,24,"2,041",22.7,1,4,5,1,0,1,4,0,2.2,1.4,4.5,5.9,27,153,27,0.04,0.18,0.22,0.04,0.22,0.10,0.20,0.30,0.06,0.26,Matches
Kieran Tierney,sctSCO,"FW,DF",Arsenal,27-252,1997,2,0,18,0.2,0,0,0,0,0,0,0,0,0.0,0.0,0.3,0.3,1,0,0,0.00,0.00,0.00,0.00,0.00,0.00,1.50,1.50,0.00,1.50,Matches
Jurriën Timber,nlNED,DF,Arsenal,23-240,2001,21,20,"1,755",19.5,1,1,2,1,0,0,7,0,0.7,0.7,0.7,1.4,32,87,62,0.05,0.05,0.10,0.05,0.10,0.04,0.03,0.07,0.04,0.07,Matches
Jean-Clair Todibo,frFRA,DF,West Ham,25-044,1999,15,8,866,9.6,0,0,0,0,0,0,0,0,0.1,0.1,0.0,0.1,3,17,1,0.00,0.00,0.00,0.00,0.00,0.01,0.00,0.01,0.01,0.01,Matches
Harry Toffolo,engENG,DF,Nott'ham Forest,29-177,1995,3,0,47,0.5,0,0,0,0,0,0,0,0,0.0,0.0,0.0,0.0,0,2,4,0.00,0.00,0.00,0.00,0.00,0.03,0.00,0.03,0.03,0.03,Matches
Takehiro Tomiyasu,jpJPN,DF,Arsenal,26-099,1998,1,0,7,0.1,0,0,0,0,0,0,0,0,0.2,0.2,0.0,0.2,0,1,0,0.00,0.00,0.00,0.00,0.00,2.37,0.00,2.37,2.37,2.37,Matches
Sandro Tonali,itITA,MF,Newcastle Utd,24-280,2000,22,15,"1,461",16.2,1,1,2,1,0,0,5,0,3.1,3.1,0.6,3.7,23,70,34,0.06,0.06,0.12,0.06,0.12,0.19,0.03,0.23,0.19,0.23,Matches
Pau Torres,esESP,DF,Aston Villa,28-027,1997,18,18,"1,549",17.2,0,0,0,0,0,0,1,0,0.5,0.5,0.0,0.5,31,70,4,0.00,0.00,0.00,0.00,0.00,0.03,0.00,0.03,0.03,0.03,Matches
Conor Townsend,engENG,"DF,MF",Ipswich Town,31-345,1993,2,0,46,0.5,0,0,0,0,0,0,0,0,0.0,0.0,0.2,0.2,0,1,2,0.00,0.00,0.00,0.00,0.00,0.00,0.42,0.42,0.00,0.42,Matches
Adama Traoré,esESP,FW,Fulham,29-018,1996,23,12,"1,134",12.6,2,3,5,2,0,0,2,0,3.5,3.5,3.1,6.6,68,44,105,0.16,0.24,0.40,0.16,0.40,0.27,0.25,0.52,0.27,0.52,Matches
Mark Travers,ieIRL,GK,Bournemouth,25-270,1999,5,5,450,5.0,0,0,0,0,0,0,0,0,0.0,0.0,0.0,0.0,0,0,0,0.00,0.00,0.00,0.00,0.00,0.00,0.00,0.00,0.00,0.00,Matches
Ryan Trevitt,engENG,MF,Brentford,21-337,2003,1,0,4,0.0,0,0,0,0,0,0,0,0,0.0,0.0,0.0,0.0,0,0,1,0.00,0.00,0.00,0.00,0.00,0.00,0.00,0.00,0.00,0.00,Matches
Kieran Trippier,engENG,DF,Newcastle Utd,34-146,1990,14,5,541,6.0,0,0,0,0,0,0,1,0,0.0,0.0,0.2,0.3,10,40,27,0.00,0.00,0.00,0.00,0.00,0.00,0.04,0.04,0.00,0.04,Matches
Leandro Trossard,beBEL,FW,Arsenal,30-070,1994,24,16,"1,449",16.1,4,4,8,4,0,0,3,1,3.7,3.7,4.0,7.7,52,61,124,0.25,0.25,0.50,0.25,0.50,0.23,0.25,0.48,0.23,0.48,Matches
Kostas Tsimikas,grGRE,DF,Liverpool,28-276,1996,10,3,343,3.8,0,1,1,0,0,0,1,0,0.1,0.1,1.0,1.1,9,39,15,0.00,0.26,0.26,0.00,0.26,0.02,0.25,0.27,0.02,0.27,Matches
Axel Tuanzebe,cdCOD,DF,Ipswich Town,27-090,1997,12,11,977,10.9,0,0,0,0,0,0,3,0,0.2,0.2,0.2,0.4,4,30,5,0.00,0.00,0.00,0.00,0.00,0.02,0.02,0.04,0.02,0.04,Matches
Destiny Udogie,itITA,DF,Tottenham,22-076,2002,18,18,"1,430",15.9,0,1,1,0,0,0,2,0,0.3,0.3,1.3,1.6,39,97,79,0.00,0.06,0.06,0.00,0.06,0.02,0.08,0.10,0.02,0.10,Matches
Manuel Ugarte Ribeiro,uyURU,MF,Manchester Utd,23-307,2001,18,13,"1,079",12.0,0,0,0,0,0,0,8,0,0.4,0.4,0.5,0.9,7,38,10,0.00,0.00,0.00,0.00,0.00,0.03,0.04,0.07,0.03,0.07,Matches
Lesley Ugochukwu,frFRA,MF,Southampton,20-323,2004,14,7,745,8.3,0,1,1,0,0,0,3,0,0.3,0.3,0.5,0.8,15,32,11,0.00,0.12,0.12,0.00,0.12,0.04,0.06,0.10,0.04,0.10,Matches
Enes Ünal,trTUR,"FW,MF",Bournemouth,27-278,1997,17,2,345,3.8,2,1,3,2,0,0,2,0,2.7,2.7,0.4,3.1,4,12,22,0.52,0.26,0.78,0.52,0.78,0.72,0.10,0.82,0.72,0.82,Matches
Virgil van Dijk,nlNED,DF,Liverpool,33-219,1991,23,23,"2,070",23.0,1,1,2,1,0,0,2,0,1.5,1.5,0.4,2.0,11,100,4,0.04,0.04,0.09,0.04,0.09,0.07,0.02,0.09,0.07,0.09,Matches
Jamie Vardy,engENG,FW,Leicester City,38-032,1987,22,22,"1,776",19.7,7,3,10,6,1,1,4,0,8.4,7.6,2.4,10.0,18,17,76,0.35,0.15,0.51,0.30,0.46,0.43,0.12,0.55,0.39,0.51,Matches
Renato Veiga,ptPOR,"DF,MF",Chelsea,21-198,2003,7,1,181,2.0,0,0,0,0,0,0,2,0,0.2,0.2,0.0,0.2,4,7,3,0.00,0.00,0.00,0.00,0.00,0.08,0.00,0.08,0.08,0.08,Matches
Joël Veltman,nlNED,DF,Brighton,33-028,1992,18,18,"1,553",17.3,0,0,0,0,0,0,4,0,0.2,0.2,0.5,0.7,29,78,31,0.00,0.00,0.00,0.00,0.00,0.01,0.03,0.04,0.01,0.04,Matches
Micky van de Ven,nlNED,DF,Tottenham,23-299,2001,9,9,788,8.8,0,2,2,0,0,0,4,0,0.4,0.4,1.2,1.5,8,43,1,0.00,0.23,0.23,0.00,0.23,0.04,0.13,0.17,0.04,0.17,Matches
Bart Verbruggen,nlNED,GK,Brighton,22-178,2002,22,22,"1,980",22.0,0,0,0,0,0,0,4,0,0.0,0.0,0.0,0.0,0,2,0,0.00,0.00,0.00,0.00,0.00,0.00,0.00,0.00,0.00,0.00,Matches
Jannik Vestergaard,dkDEN,DF,Leicester City,32-193,1992,16,15,"1,260",14.0,0,0,0,0,0,0,5,0,0.0,0.0,0.1,0.1,2,26,2,0.00,0.00,0.00,0.00,0.00,0.00,0.00,0.01,0.00,0.01,Matches
Guglielmo Vicario,itITA,GK,Tottenham,28-128,1996,12,12,"1,080",12.0,0,0,0,0,0,0,1,0,0.0,0.0,0.0,0.0,0,1,0,0.00,0.00,0.00,0.00,0.00,0.00,0.00,0.00,0.00,0.00,Matches
Carlos Vinícius,brBRA,MF,Fulham,29-324,1995,1,0,4,0.0,0,0,0,0,0,0,0,0,0.0,0.0,0.0,0.0,1,0,1,0.00,0.00,0.00,0.00,0.00,0.83,0.00,0.83,0.83,0.83,Matches
Kyle Walker,engENG,DF,Manchester City,34-260,1990,15,9,970,10.8,0,0,0,0,0,0,3,0,0.1,0.1,0.4,0.6,12,64,11,0.00,0.00,0.00,0.00,0.00,0.01,0.04,0.05,0.01,0.05,Matches
Kyle Walker-Peters,engENG,DF,Southampton,27-305,1997,22,22,"1,960",21.8,0,2,2,0,0,0,5,0,0.5,0.5,2.5,3.0,84,95,93,0.00,0.09,0.09,0.00,0.09,0.02,0.12,0.14,0.02,0.14,Matches
Christian Walton,engENG,GK,Ipswich Town,29-095,1995,6,6,540,6.0,0,0,0,0,0,0,0,0,0.0,0.0,0.0,0.0,0,0,0,0.00,0.00,0.00,0.00,0.00,0.00,0.00,0.00,0.00,0.00,Matches
Aaron Wan-Bissaka,engENG,DF,West Ham,27-078,1997,23,22,"1,984",22.0,2,1,3,2,0,0,1,0,1.0,1.0,1.4,2.4,68,85,90,0.09,0.05,0.14,0.09,0.14,0.04,0.06,0.11,0.04,0.11,Matches
Danny Ward,wlsWAL,GK,Leicester City,31-235,1993,2,1,135,1.5,0,0,0,0,0,0,0,0,0.0,0.0,0.0,0.0,0,0,0,0.00,0.00,0.00,0.00,0.00,0.00,0.00,0.00,0.00,0.00,Matches
James Ward-Prowse,engENG,MF,West Ham,30-103,1994,1,0,18,0.2,0,0,0,0,0,0,0,0,0.0,0.0,0.0,0.0,1,4,0,0.00,0.00,0.00,0.00,0.00,0.00,0.00,0.00,0.00,0.00,Matches
James Ward-Prowse,engENG,MF,Nott'ham Forest,30-103,1994,9,5,400,4.4,0,1,1,0,0,0,2,1,0.1,0.1,1.1,1.2,1,16,3,0.00,0.23,0.23,0.00,0.23,0.01,0.25,0.26,0.01,0.26,Matches
Ollie Watkins,engENG,FW,Aston Villa,29-044,1995,24,20,"1,641",18.2,10,5,15,8,2,2,0,0,11.5,10.0,2.5,12.5,32,14,104,0.55,0.27,0.82,0.44,0.71,0.63,0.14,0.77,0.55,0.68,Matches
Adam Webster,engENG,DF,Brighton,30-039,1995,6,3,167,1.9,0,0,0,0,0,0,0,0,0.0,0.0,0.0,0.0,1,20,2,0.00,0.00,0.00,0.00,0.00,0.01,0.00,0.01,0.01,0.01,Matches
Danny Welbeck,engENG,FW,Brighton,34-078,1990,18,16,"1,355",15.1,6,2,8,6,0,0,2,0,6.0,6.0,0.6,6.6,15,32,54,0.40,0.13,0.53,0.40,0.53,0.40,0.04,0.44,0.40,0.44,Matches
Welington,brBRA,DF,Southampton,23-359,2001,1,1,80,0.9,0,0,0,0,0,0,1,0,0.0,0.0,0.0,0.0,1,1,5,0.00,0.00,0.00,0.00,0.00,0.00,0.04,0.04,0.00,0.04,Matches
Timo Werner,deGER,"FW,MF",Tottenham,28-343,1996,17,4,507,5.6,0,3,3,0,0,0,0,0,1.0,1.0,2.5,3.5,42,29,87,0.00,0.53,0.53,0.00,0.53,0.17,0.44,0.62,0.17,0.62,Matches
Adam Wharton,engENG,MF,Crystal Palace,20-255,2004,9,8,625,6.9,0,0,0,0,0,0,0,0,0.2,0.2,0.6,0.8,7,61,6,0.00,0.00,0.00,0.00,0.00,0.03,0.09,0.12,0.03,0.12,Matches
Ben White,engENG,DF,Arsenal,27-127,1997,9,7,695,7.7,0,1,1,0,0,0,2,0,0.1,0.1,0.4,0.6,4,30,15,0.00,0.13,0.13,0.00,0.13,0.02,0.06,0.07,0.02,0.07,Matches
Mats Wieffer,nlNED,MF,Brighton,25-088,1999,13,4,471,5.2,1,1,2,1,0,0,2,0,0.5,0.5,0.6,1.0,5,34,8,0.19,0.19,0.38,0.19,0.38,0.09,0.10,0.19,0.09,0.19,Matches
Neco Williams,wlsWAL,DF,Nott'ham Forest,23-305,2001,21,14,"1,334",14.8,1,1,2,1,0,0,4,0,1.5,1.5,0.6,2.1,36,44,44,0.07,0.07,0.13,0.07,0.13,0.10,0.04,0.14,0.10,0.14,Matches
Joe Willock,engENG,"MF,FW",Newcastle Utd,25-176,1999,21,6,624,6.9,0,1,1,0,0,0,2,0,0.9,0.9,1.4,2.3,20,27,49,0.00,0.14,0.14,0.00,0.14,0.12,0.21,0.33,0.12,0.33,Matches
Callum Wilson,engENG,"FW,MF",Newcastle Utd,32-351,1992,4,0,61,0.7,0,0,0,0,0,0,1,0,0.0,0.0,0.0,0.0,0,0,3,0.00,0.00,0.00,0.00,0.00,0.00,0.00,0.00,0.00,0.00,Matches
Harry Wilson,wlsWAL,"FW,MF",Fulham,27-327,1997,19,8,839,9.3,5,1,6,5,0,0,2,0,3.2,3.2,1.0,4.2,16,42,71,0.54,0.11,0.64,0.54,0.64,0.35,0.11,0.45,0.35,0.45,Matches
Harry Winks,engENG,MF,Leicester City,29-010,1996,19,17,"1,456",16.2,0,2,2,0,0,0,4,0,0.2,0.2,1.2,1.4,15,92,10,0.00,0.12,0.12,0.00,0.12,0.01,0.07,0.09,0.01,0.09,Matches
Ben Winterburn,engENG,MF,Bournemouth,20-161,2004,2,0,10,0.1,0,0,0,0,0,0,0,0,0.0,0.0,0.0,0.0,0,0,0,0.00,0.00,0.00,0.00,0.00,0.00,0.00,0.00,0.00,0.00,Matches
Yoane Wissa,cdCOD,FW,Brentford,28-162,1996,21,20,"1,661",18.5,11,2,13,11,0,0,2,0,11.2,11.2,1.3,12.5,37,37,89,0.60,0.11,0.70,0.60,0.70,0.61,0.07,0.68,0.61,0.68,Matches
Chris Wood,nzNZL,FW,Nott'ham Forest,33-067,1991,24,23,"1,915",21.3,17,2,19,14,3,3,1,0,10.3,7.9,1.5,9.4,12,24,58,0.80,0.09,0.89,0.66,0.75,0.48,0.07,0.56,0.37,0.44,Matches
Nathan Wood-Gordon,engENG,DF,Southampton,22-257,2002,8,6,579,6.4,0,0,0,0,0,0,2,0,0.2,0.2,0.0,0.3,2,16,0,0.00,0.00,0.00,0.00,0.00,0.04,0.00,0.04,0.04,0.04,Matches
Luke Woolfenden,engENG,DF,Ipswich Town,26-114,1998,9,8,737,8.2,0,0,0,0,0,0,2,0,0.0,0.0,0.0,0.0,4,13,0,0.00,0.00,0.00,0.00,0.00,0.00,0.00,0.00,0.00,0.00,Matches
Yehor Yarmoliuk,uaUKR,"MF,FW",Brentford,20-348,2004,18,6,625,6.9,0,0,0,0,0,0,2,0,0.5,0.5,0.2,0.7,11,27,33,0.00,0.00,0.00,0.00,0.00,0.08,0.02,0.10,0.08,0.10,Matches
Ryan Yates,engENG,MF,Nott'ham Forest,27-083,1997,22,15,"1,457",16.2,1,0,1,1,0,0,6,0,1.7,1.7,0.7,2.5,12,37,11,0.06,0.00,0.06,0.06,0.06,0.11,0.04,0.15,0.11,0.15,Matches
Leny Yoro,frFRA,DF,Manchester Utd,19-091,2005,11,5,545,6.1,0,0,0,0,0,0,2,0,0.7,0.7,0.0,0.7,3,23,2,0.00,0.00,0.00,0.00,0.00,0.12,0.00,0.12,0.12,0.12,Matches
Ashley Young,engENG,DF,Everton,39-218,1985,20,17,"1,488",16.5,1,3,4,1,0,0,5,1,0.2,0.2,1.4,1.7,17,79,20,0.06,0.18,0.24,0.06,0.24,0.01,0.09,0.10,0.01,0.10,Matches
Illia Zabarnyi,uaUKR,DF,Bournemouth,22-164,2002,24,24,"2,160",24.0,0,0,0,0,0,0,3,0,0.8,0.8,0.5,1.3,18,91,3,0.00,0.00,0.00,0.00,0.00,0.03,0.02,0.06,0.03,0.06,Matches
Oleksandr Zinchenko,uaUKR,"DF,MF",Arsenal,28-059,1996,8,2,243,2.7,0,0,0,0,0,0,1,0,0.1,0.1,0.0,0.1,5,19,6,0.00,0.00,0.00,0.00,0.00,0.02,0.01,0.03,0.02,0.03,Matches
Joshua Zirkzee,nlNED,"FW,MF",Manchester Utd,23-266,2001,24,8,885,9.8,3,1,4,3,0,0,1,0,3.3,3.3,1.4,4.7,5,30,46,0.31,0.10,0.41,0.31,0.41,0.33,0.14,0.47,0.33,0.47,Matches
Martin Ødegaard,noNOR,MF,Arsenal,26-057,1998,16,15,"1,283",14.3,2,3,5,1,1,1,2,0,3.1,2.3,2.4,4.7,40,139,80,0.14,0.21,0.35,0.07,0.28,0.22,0.17,0.39,0.16,0.33,Matches
