,Total,Short,Medium,Long,,Expected,,,Rk,Player,Nation,Pos,Squad,Age,Born,90s,Cmp,Att,Cmp%,TotDist,PrgDist,Cmp,Att,Cmp%,Cmp,Att,Cmp%,Cmp,Att,Cmp%,Ast,xAG,xA,A-xAG,KP,1/3,PPA,CrsPA,PrgP,Matches
1,Max Aarons,eng ENG,DF,Bournemouth,25-022,2000,1.0,50,63,79.4,887,361,21,25,84.0,24,29,82.8,4,7,57.1,0,0.0,0.0,0.0,0,8,0,0,8,Matches,,,,,,,,,
2,Joshua Acheampong,eng ENG,DF,Chelsea,18-266,2006,1.8,92,111,82.9,1811,598,26,29,89.7,55,59,93.2,10,19,52.6,0,0.0,0.0,0.0,0,5,0,0,7,Matches,,,,,,,,,
3,Tyler Adams,us USA,MF,Bournemouth,25-347,1999,8.6,293,349,84.0,4708,1190,151,172,87.8,125,141,88.7,12,20,60.0,3,0.7,0.2,+2.3,8,25,2,0,35,Matches,,,,,,,,,
4,Tosin Adarabioyo,eng ENG,DF,Chelsea,27-124,1997,8.1,606,656,92.4,11113,4246,232,243,95.5,336,345,97.4,36,59,61.0,0,0.0,0.1,0.0,1,26,0,0,20,Matches,,,,,,,,,
5,Simon Adingra,ci CIV,"FW,MF",Brighton,23-025,2002,6.1,144,192,75.0,2074,456,89,102,87.3,42,56,75.0,9,18,50.0,1,0.9,1.5,+0.1,7,2,7,2,8,Matches,,,,,,,,,
6,Emmanuel Agbadou,ci CIV,DF,Wolves,27-223,1997,3.0,125,167,74.9,2690,912,46,52,88.5,54,64,84.4,25,43,58.1,0,0.0,0.0,0.0,0,4,0,0,5,Matches,,,,,,,,,
7,Asher Agbinone,eng ENG,MF,Crystal Palace,19-120,2005,0.1,2,3,66.7,32,0,1,1,100.0,1,2,50.0,0,0,,0,0.0,0.0,0.0,1,0,0,0,0,Matches,,,,,,,,,
8,Ola Aina,ng NGA,DF,Nott'ham Forest,28-110,1996,22.1,674,920,73.3,10452,4543,364,415,87.7,243,335,72.5,41,114,36.0,1,0.6,1.3,+0.4,8,63,13,7,78,Matches,,,,,,,,,
9,Rayan Aït-Nouri,dz ALG,DF,Wolves,23-234,2001,20.9,866,1027,84.3,12218,3535,526,564,93.3,285,326,87.4,26,67,38.8,5,2.3,1.5,+2.7,19,46,20,4,73,Matches,,,,,,,,,
10,Kristoffer Ajer,no NOR,DF,Brentford,26-284,1998,8.0,265,340,77.9,4263,1580,138,158,87.3,102,133,76.7,17,29,58.6,0,0.7,0.3,-0.7,3,22,3,3,27,Matches,,,,,,,,,
11,Manuel Akanji,ch SUI,DF,Manchester City,29-191,1995,18.0,1328,1415,93.9,21836,6028,638,666,95.8,613,641,95.6,65,89,73.0,0,0.4,1.0,-0.4,9,143,11,2,126,Matches,,,,,,,,,
12,Nathan Aké,nl NED,DF,Manchester City,29-343,1995,6.7,439,469,93.6,7148,2401,216,221,97.7,202,208,97.1,17,29,58.6,0,0.0,0.1,0.0,0,32,1,0,39,Matches,,,,,,,,,
13,Carlos Alcaraz,ar ARG,MF,Southampton,22-057,2002,0.1,13,13,100.0,221,66,7,7,100.0,4,4,100.0,2,2,100.0,0,0.1,0.0,-0.1,1,4,1,1,6,Matches,,,,,,,,,
14,Trent Alexander-Arnold,eng ENG,DF,Liverpool,26-111,1998,18.5,999,1359,73.5,18942,7486,445,498,89.4,398,525,75.8,138,279,49.5,6,6.3,6.3,-0.3,42,132,53,18,155,Matches,,,,,,,,,
15,Alisson,br BRA,GK,Liverpool,32-116,1992,13.9,359,421,85.3,7401,4720,113,113,100.0,201,204,98.5,44,101,43.6,0,0.6,0.2,-0.6,1,5,0,0,0,Matches,,,,,,,,,
16,Miguel Almirón,py PAR,FW,Newcastle Utd,30-351,1994,1.7,54,66,81.8,707,219,39,42,92.9,13,16,81.3,1,3,33.3,0,0.2,0.2,-0.2,3,3,1,0,6,Matches,,,,,,,,,
17,Edson Álvarez,mx MEX,MF,West Ham,27-094,1997,12.7,541,630,85.9,9179,2681,260,292,89.0,232,258,89.9,44,62,71.0,0,0.6,0.5,-0.6,9,51,9,2,50,Matches,,,,,,,,,
18,Will Alves,eng ENG,FW,Leicester City,19-358,2005,0.0,1,1,100.0,12,0,1,1,100.0,0,0,,0,0,,0,0.0,0.0,0.0,0,0,0,0,0,Matches,,,,,,,,,
19,Samuel Amo-Ameyaw,eng ENG,"FW,DF",Southampton,18-192,2006,0.3,8,9,88.9,107,13,6,6,100.0,2,3,66.7,0,0,,0,0.1,0.1,-0.1,1,0,1,1,0,Matches,,,,,,,,,
20,Joachim Andersen,dk DEN,DF,Crystal Palace,28-240,1996,1.0,61,83,73.5,1227,526,19,21,90.5,31,37,83.8,9,21,42.9,0,0.0,0.0,0.0,0,9,1,0,4,Matches,,,,,,,,,
21,Joachim Andersen,dk DEN,DF,Fulham,28-240,1996,12.7,787,935,84.2,16922,6865,230,247,93.1,426,452,94.2,125,221,56.6,0,0.2,0.2,-0.2,1,96,3,1,52,Matches,,,,,,,,,
22,Elliot Anderson,eng ENG,MF,Nott'ham Forest,22-081,2002,16.3,570,734,77.7,9265,3297,296,336,88.1,213,266,80.1,45,88,51.1,5,2.8,2.8,+2.2,27,58,10,3,72,Matches,,,,,,,,,
23,André,br BRA,MF,Wolves,23-194,2001,13.6,552,599,92.2,9068,2506,278,292,95.2,220,233,94.4,39,48,81.3,0,0.5,0.4,-0.5,8,48,3,0,46,Matches,,,,,,,,,
24,Michail Antonio,jm JAM,FW,West Ham,34-304,1990,9.3,114,188,60.6,2183,424,52,72,72.2,37,62,59.7,22,31,71.0,1,1.6,0.9,-0.6,9,11,6,2,18,Matches,,,,,,,,,
25,Antony,br BRA,"DF,MF",Manchester Utd,24-337,2000,1.6,56,69,81.2,688,111,45,51,88.2,9,14,64.3,1,1,100.0,0,0.1,0.2,-0.1,3,1,5,2,6,Matches,,,,,,,,,
Rk,Player,Nation,Pos,Squad,Age,Born,90s,Cmp,Att,Cmp%,TotDist,PrgDist,Cmp,Att,Cmp%,Cmp,Att,Cmp%,Cmp,Att,Cmp%,Ast,xAG,xA,A-xAG,KP,1/3,PPA,CrsPA,PrgP,Matches,,,,,,,,,
26,Julian Araujo,mx MEX,DF,Bournemouth,23-166,2001,3.9,131,166,78.9,2297,759,60,67,89.6,61,71,85.9,9,22,40.9,0,0.0,0.0,0.0,0,15,1,0,14,Matches,,,,,,,,,
27,Cameron Archer,eng ENG,FW,Southampton,23-189,2001,11.6,139,172,80.8,1851,280,88,104,84.6,39,44,88.6,4,6,66.7,0,0.3,0.6,-0.3,2,5,6,0,11,Matches,,,,,,,,,
28,Alphonse Areola,fr FRA,GK,West Ham,31-334,1993,10.1,304,407,74.7,8153,5584,68,68,100.0,140,146,95.9,94,185,50.8,0,0.0,0.0,0.0,0,5,0,0,0,Matches,,,,,,,,,
29,Joe Aribo,ng NGA,MF,Southampton,28-189,1996,15.3,606,684,88.6,8718,1561,357,394,90.6,214,234,91.5,20,24,83.3,0,1.5,1.1,-1.5,14,35,3,1,53,Matches,,,,,,,,,
30,Adam Armstrong,eng ENG,"FW,MF",Southampton,27-351,1997,13.9,231,288,80.2,3320,446,138,158,87.3,81,95,85.3,6,13,46.2,2,1.2,0.6,+0.8,9,10,8,2,21,Matches,,,,,,,,,
31,Harrison Armstrong,eng ENG,MF,Everton,18-007,2007,0.5,7,15,46.7,149,15,3,4,75.0,2,5,40.0,2,4,50.0,0,0.1,0.0,-0.1,1,1,0,0,1,Matches,,,,,,,,,
32,Kepa Arrizabalaga,es ESP,GK,Bournemouth,30-115,1994,16.0,367,509,72.1,10714,7581,42,44,95.5,196,201,97.5,128,260,49.2,0,0.0,0.0,0.0,1,4,0,0,0,Matches,,,,,,,,,
33,Brandon Austin,eng ENG,GK,Tottenham,26-018,1999,1.0,22,32,68.8,526,386,7,7,100.0,9,9,100.0,6,16,37.5,0,0.0,0.0,0.0,0,0,0,0,0,Matches,,,,,,,,,
34,Taiwo Awoniyi,ng NGA,FW,Nott'ham Forest,27-167,1997,2.8,40,62,64.5,445,81,28,35,80.0,9,18,50.0,0,4,0.0,0,0.1,0.1,-0.1,2,2,1,0,4,Matches,,,,,,,,,
35,Yasin Ayari,se SWE,MF,Brighton,21-112,2003,14.1,496,618,80.3,7413,1962,289,314,92.0,172,207,83.1,21,64,32.8,0,1.2,1.3,-1.2,19,28,11,1,45,Matches,,,,,,,,,
36,Jordan Ayew,gh GHA,"FW,MF",Crystal Palace,33-137,1991,0.2,8,10,80.0,167,4,3,3,100.0,4,6,66.7,1,1,100.0,0,0.0,0.0,0.0,1,0,0,0,0,Matches,,,,,,,,,
37,Jordan Ayew,gh GHA,"FW,MF",Leicester City,33-137,1991,11.0,224,303,73.9,3122,634,134,156,85.9,75,105,71.4,7,21,33.3,0,0.5,0.9,-0.5,8,15,6,3,20,Matches,,,,,,,,,
38,Benoît Badiashile,fr FRA,DF,Chelsea,23-306,2001,2.8,200,223,89.7,3655,1115,77,85,90.6,103,109,94.5,18,24,75.0,0,0.0,0.1,0.0,0,21,1,0,16,Matches,,,,,,,,,
39,Leon Bailey,jm JAM,"FW,MF",Aston Villa,27-170,1997,10.3,224,313,71.6,3512,895,124,152,81.6,80,97,82.5,14,32,43.8,2,1.5,2.8,+0.5,14,11,18,2,29,Matches,,,,,,,,,
40,Carlos Baleba,cm CMR,MF,Brighton,21-023,2004,16.9,607,687,88.4,10591,2756,287,308,93.2,243,269,90.3,66,90,73.3,1,0.7,0.6,+0.3,14,73,15,1,76,Matches,,,,,,,,,
41,Ross Barkley,eng ENG,MF,Aston Villa,31-052,1993,6.2,317,367,86.4,4962,1155,164,186,88.2,134,145,92.4,13,18,72.2,1,0.6,0.4,+0.4,8,29,6,0,32,Matches,,,,,,,,,
42,Harvey Barnes,eng ENG,FW,Newcastle Utd,27-048,1997,8.7,221,283,78.1,3121,1009,144,167,86.2,68,95,71.6,7,12,58.3,1,2.4,2.8,-1.4,11,9,20,4,41,Matches,,,,,,,,,
43,Calvin Bassey,ng NGA,DF,Fulham,25-026,1999,21.0,1208,1347,89.7,21361,7339,525,556,94.4,566,600,94.3,98,154,63.6,0,0.1,0.2,-0.1,2,90,0,0,70,Matches,,,,,,,,,
44,Jan Bednarek,pl POL,DF,Southampton,28-289,1996,18.8,1222,1315,92.9,21209,7170,492,514,95.7,642,679,94.6,76,98,77.6,0,0.5,0.8,-0.5,4,62,0,0,46,Matches,,,,,,,,,
45,Jean-Ricner Bellegarde,fr FRA,"MF,FW",Wolves,26-213,1998,9.6,211,261,80.8,3399,590,116,129,89.9,76,90,84.4,17,26,65.4,2,0.6,0.9,+1.4,11,16,7,3,19,Matches,,,,,,,,,
46,Rodrigo Bentancur,uy URU,MF,Tottenham,27-215,1997,7.6,432,485,89.1,7036,1716,204,222,91.9,197,210,93.8,21,30,70.0,0,0.1,0.4,-0.1,3,51,5,0,51,Matches,,,,,,,,,
47,Sander Berge,no NOR,MF,Fulham,26-347,1998,11.6,501,553,90.6,8994,2191,200,225,88.9,243,259,93.8,48,53,90.6,0,0.4,0.3,-0.4,11,54,2,0,52,Matches,,,,,,,,,
48,Lucas Bergvall,se SWE,MF,Tottenham,18-359,2006,5.2,326,364,89.6,5435,1114,154,164,93.9,138,150,92.0,27,36,75.0,0,0.3,0.5,-0.3,3,23,5,2,23,Matches,,,,,,,,,
49,Victor Bernth Kristiansen,dk DEN,DF,Leicester City,22-041,2002,18.5,766,975,78.6,12489,4583,379,425,89.2,318,391,81.3,53,118,44.9,1,1.2,1.4,-0.2,15,54,19,14,49,Matches,,,,,,,,,
50,Beto,gw GNB,FW,Everton,26-361,1998,3.5,19,40,47.5,336,12,10,15,66.7,6,18,33.3,3,3,100.0,0,0.0,0.0,0.0,0,0,0,0,2,Matches,,,,,,,,,
Rk,Player,Nation,Pos,Squad,Age,Born,90s,Cmp,Att,Cmp%,TotDist,PrgDist,Cmp,Att,Cmp%,Cmp,Att,Cmp%,Cmp,Att,Cmp%,Ast,xAG,xA,A-xAG,KP,1/3,PPA,CrsPA,PrgP,Matches,,,,,,,,,
51,Philip Billing,dk DEN,MF,Bournemouth,28-229,1996,2.0,70,102,68.6,1022,399,43,51,84.3,19,27,70.4,4,15,26.7,0,1.0,1.0,-1.0,8,9,7,2,15,Matches,,,,,,,,,
52,Yves Bissouma,ml MLI,MF,Tottenham,28-149,1996,10.8,551,617,89.3,8507,2331,297,320,92.8,206,219,94.1,28,48,58.3,0,0.2,0.5,-0.2,4,48,7,0,64,Matches,,,,,,,,,
53,Lamare Bogarde,nl NED,"DF,MF",Aston Villa,21-021,2004,3.0,126,144,87.5,1886,663,77,83,92.8,45,49,91.8,3,8,37.5,0,0.1,0.1,-0.1,2,17,1,0,8,Matches,,,,,,,,,
54,Willy Boly,ci CIV,DF,Nott'ham Forest,33-358,1991,1.3,44,56,78.6,845,382,14,15,93.3,25,27,92.6,4,13,30.8,0,0.0,0.0,0.0,0,2,0,0,2,Matches,,,,,,,,,
55,Sven Botman,nl NED,DF,Newcastle Utd,25-014,2000,2.5,113,128,88.3,1909,767,54,64,84.4,50,51,98.0,6,9,66.7,0,0.0,0.0,0.0,0,6,0,0,3,Matches,,,,,,,,,
56,Jarrod Bowen,eng ENG,"FW,MF",West Ham,28-037,1996,18.4,334,478,69.9,5518,1711,180,220,81.8,113,147,76.9,33,68,48.5,4,4.1,4.3,-0.1,37,29,29,3,62,Matches,,,,,,,,,
57,Conor Bradley,nir NIR,DF,Liverpool,21-201,2003,2.7,169,195,86.7,2465,573,98,105,93.3,64,72,88.9,3,12,25.0,0,0.0,0.2,0.0,0,7,0,0,11,Matches,,,,,,,,,
58,Jarrad Branthwaite,eng ENG,DF,Everton,22-213,2002,13.1,433,525,82.5,8205,3183,171,191,89.5,211,233,90.6,48,87,55.2,0,0.0,0.2,0.0,1,38,1,0,31,Matches,,,,,,,,,
59,James Bree,eng ENG,DF,Southampton,27-107,1997,6.4,300,367,81.7,4777,1273,143,162,88.3,136,155,87.7,16,35,45.7,1,0.8,0.5,+0.2,9,16,4,3,20,Matches,,,,,,,,,
60,Ben Brereton,cl CHI,FW,Southampton,25-283,1999,5.0,128,166,77.1,1836,383,83,95,87.4,36,53,67.9,7,11,63.6,0,0.1,0.1,-0.1,3,9,2,1,9,Matches,,,,,,,,,
61,Nathan Broadhead,wls WAL,"MF,FW",Ipswich Town,26-296,1998,3.5,75,94,79.8,1101,284,47,51,92.2,24,32,75.0,2,7,28.6,0,0.4,0.8,-0.4,4,7,4,0,10,Matches,,,,,,,,,
62,Armando Broja,al ALB,FW,Everton,23-138,2001,1.8,27,34,79.4,334,85,18,21,85.7,7,8,87.5,1,2,50.0,0,0.1,0.1,-0.1,2,2,0,0,2,Matches,,,,,,,,,
63,David Brooks,wls WAL,FW,Bournemouth,27-202,1997,5.6,133,191,69.6,2024,620,75,92,81.5,48,66,72.7,7,18,38.9,0,1.5,1.3,-1.5,11,5,9,4,12,Matches,,,,,,,,,
64,Emi Buendía,ar ARG,"MF,FW",Aston Villa,28-032,1996,0.9,44,54,81.5,551,150,30,33,90.9,10,11,90.9,1,5,20.0,0,0.0,0.0,0.0,1,4,0,0,5,Matches,,,,,,,,,
65,Santiago Bueno,uy URU,DF,Wolves,26-078,1998,14.8,583,668,87.3,10719,3329,210,226,92.9,316,341,92.7,46,78,59.0,0,0.0,0.1,0.0,0,20,1,0,22,Matches,,,,,,,,,
66,Facundo Buonanotte,ar ARG,"FW,MF",Leicester City,20-034,2004,12.6,330,431,76.6,5443,1394,176,206,85.4,114,139,82.0,31,57,54.4,2,2.8,2.0,-0.8,22,31,11,1,40,Matches,,,,,,,,,
67,Cameron Burgess,au AUS,DF,Ipswich Town,29-097,1995,10.0,397,496,80.0,6997,3284,172,191,90.1,182,213,85.4,37,78,47.4,1,0.3,0.2,+0.7,3,30,2,0,27,Matches,,,,,,,,,
68,Dan Burn,eng ENG,DF,Newcastle Utd,32-262,1992,22.0,1073,1183,90.7,19172,6739,387,421,91.9,619,642,96.4,59,93,63.4,0,0.2,0.7,-0.2,3,16,6,0,38,Matches,,,,,,,,,
69,Wes Burns,wls WAL,"FW,DF",Ipswich Town,30-064,1994,10.3,153,253,60.5,2416,597,82,102,80.4,51,78,65.4,14,36,38.9,1,1.6,1.2,-0.6,10,8,8,7,8,Matches,,,,,,,,,
70,Moisés Caicedo,ec ECU,MF,Chelsea,23-085,2001,22.6,1231,1387,88.8,20987,5575,558,609,91.6,543,590,92.0,102,135,75.6,2,2.2,1.7,-0.2,20,148,22,2,120,Matches,,,,,,,,,
71,Tom Cairney,sct SCO,MF,Fulham,34-006,1991,4.3,394,428,92.1,6238,1369,219,232,94.4,147,154,95.5,25,32,78.1,0,0.7,0.9,-0.7,7,41,7,3,43,Matches,,,,,,,,,
72,Jens Cajuste,se SWE,MF,Ipswich Town,25-169,1999,10.7,321,390,82.3,5311,996,146,168,86.9,151,174,86.8,17,32,53.1,0,0.3,0.3,-0.3,6,22,3,0,27,Matches,,,,,,,,,
73,Riccardo Calafiori,it ITA,DF,Arsenal,22-252,2002,8.4,356,420,84.8,5278,1383,209,227,92.1,125,150,83.3,16,22,72.7,1,0.2,0.6,+0.8,4,29,5,1,36,Matches,,,,,,,,,
74,Dominic Calvert-Lewin,eng ENG,FW,Everton,27-316,1997,17.5,174,278,62.6,2035,488,126,180,70.0,35,60,58.3,3,8,37.5,1,0.6,0.7,+0.4,7,19,5,1,19,Matches,,,,,,,,,
75,Diego Carlos,br BRA,DF,Aston Villa,31-317,1993,9.2,534,603,88.6,10941,4103,138,151,91.4,341,362,94.2,54,83,65.1,0,0.0,0.1,0.0,0,23,1,0,34,Matches,,,,,,,,,
Rk,Player,Nation,Pos,Squad,Age,Born,90s,Cmp,Att,Cmp%,TotDist,PrgDist,Cmp,Att,Cmp%,Cmp,Att,Cmp%,Cmp,Att,Cmp%,Ast,xAG,xA,A-xAG,KP,1/3,PPA,CrsPA,PrgP,Matches,,,,,,,,,
76,Fabio Carvalho,pt POR,"FW,MF",Brentford,22-149,2002,4.8,116,164,70.7,1676,419,71,87,81.6,32,42,76.2,7,18,38.9,1,0.5,0.5,+0.5,3,11,5,1,16,Matches,,,,,,,,,
77,Casemiro,br BRA,MF,Manchester Utd,32-338,1992,9.3,459,579,79.3,7687,2420,217,248,87.5,192,226,85.0,36,58,62.1,0,2.1,1.5,-2.1,16,49,13,5,44,Matches,,,,,,,,,
78,Kaelan Casey,eng ENG,DF,West Ham,20-090,2004,0.0,0,0,,0,0,0,0,,0,0,,0,0,,0,0.0,0.0,0.0,0,0,0,0,0,Matches,,,,,,,,,
79,Matty Cash,pl POL,DF,Aston Villa,27-172,1997,13.0,427,537,79.5,6911,2009,217,241,90.0,181,226,80.1,22,48,45.8,1,0.9,1.0,+0.1,6,23,4,3,25,Matches,,,,,,,,,
80,Timothy Castagne,be BEL,DF,Fulham,29-052,1995,8.0,407,493,82.6,6618,1970,201,220,91.4,172,201,85.6,24,45,53.3,1,1.0,0.3,0.0,5,24,1,1,29,Matches,,,,,,,,,
81,Trevoh Chalobah,eng ENG,DF,Crystal Palace,25-205,1999,11.8,349,442,79.0,6831,2195,125,141,88.7,178,209,85.2,42,82,51.2,0,0.4,0.3,-0.4,4,27,2,1,34,Matches,,,,,,,,,
82,Trevoh Chalobah,eng ENG,DF,Chelsea,25-205,1999,2.0,124,136,91.2,2174,631,50,53,94.3,66,68,97.1,7,14,50.0,1,1.2,0.2,-0.2,3,4,0,0,5,Matches,,,,,,,,,
83,Conor Chaplin,eng ENG,"MF,FW",Ipswich Town,27-345,1997,6.8,170,229,74.2,2652,699,85,101,84.2,74,94,78.7,6,17,35.3,1,0.6,0.6,+0.4,6,17,7,2,25,Matches,,,,,,,,,
84,Federico Chiesa,it ITA,FW,Liverpool,27-093,1997,0.3,15,18,83.3,168,40,11,12,91.7,2,3,66.7,1,1,100.0,0,0.0,0.1,0.0,0,2,0,0,1,Matches,,,,,,,,,
85,Chiquinho,pt POR,MF,Wolves,24-356,2000,0.1,3,3,100.0,71,22,1,1,100.0,1,1,100.0,1,1,100.0,0,0.0,0.0,0.0,1,0,1,1,0,Matches,,,,,,,,,
86,Hamza Choudhury,eng ENG,"MF,DF",Leicester City,27-117,1997,1.5,72,84,85.7,991,249,47,50,94.0,23,29,79.3,2,4,50.0,0,0.4,0.2,-0.4,2,10,1,1,3,Matches,,,,,,,,,
87,Ryan Christie,sct SCO,MF,Bournemouth,29-339,1995,18.6,646,815,79.3,11488,3289,281,318,88.4,293,332,88.3,64,129,49.6,2,2.1,2.0,-0.1,29,94,22,2,112,Matches,,,,,,,,,
88,Harry Clarke,eng ENG,DF,Ipswich Town,23-330,2001,4.2,190,236,80.5,3442,1226,87,95,91.6,77,88,87.5,23,40,57.5,0,0.0,0.1,0.0,1,21,1,0,14,Matches,,,,,,,,,
89,Jack Clarke,eng ENG,"FW,MF",Ipswich Town,24-064,2000,6.7,149,195,76.4,2401,602,80,90,88.9,58,64,90.6,8,21,38.1,2,1.2,0.7,+0.8,10,12,3,0,17,Matches,,,,,,,,,
90,Nathaniel Clyne,eng ENG,"DF,MF",Crystal Palace,33-296,1991,4.4,117,158,74.1,2184,878,49,63,77.8,55,61,90.2,12,24,50.0,0,0.1,0.1,-0.1,2,10,1,1,6,Matches,,,,,,,,,
91,Conor Coady,eng ENG,DF,Leicester City,31-336,1993,7.9,388,433,89.6,6715,2422,168,175,96.0,196,205,95.6,24,46,52.2,0,0.1,0.5,-0.1,1,20,2,0,19,Matches,,,,,,,,,
92,Séamus Coleman,ie IRL,DF,Everton,36-107,1988,2.2,57,79,72.2,1046,504,27,29,93.1,24,31,77.4,6,16,37.5,0,0.0,0.0,0.0,0,6,0,0,8,Matches,,,,,,,,,
93,Nathan Collins,ie IRL,DF,Brentford,23-271,2001,22.0,1068,1244,85.9,19847,6834,384,440,87.3,601,647,92.9,75,129,58.1,1,1.3,1.1,-0.3,5,67,4,1,79,Matches,,,,,,,,,
94,Toby Collyer,eng ENG,MF,Manchester Utd,21-023,2004,1.2,53,59,89.8,817,95,25,27,92.6,22,23,95.7,3,4,75.0,0,0.1,0.0,-0.1,1,2,1,0,5,Matches,,,,,,,,,
95,Levi Colwill,eng ENG,DF,Chelsea,21-335,2003,21.0,1439,1603,89.8,26089,9634,505,539,93.7,842,888,94.8,79,135,58.5,1,0.9,1.1,+0.1,7,99,6,2,96,Matches,,,,,,,,,
96,Lewis Cook,eng ENG,"MF,DF",Bournemouth,27-358,1997,20.6,756,996,75.9,13364,4530,323,378,85.4,350,413,84.7,71,168,42.3,3,3.3,2.8,-0.3,37,99,17,4,114,Matches,,,,,,,,,
97,Maxwel Cornet,ci CIV,FW,Southampton,28-121,1996,0.8,17,22,77.3,262,37,9,10,90.0,6,8,75.0,1,2,50.0,0,0.0,0.0,0.0,0,0,0,0,0,Matches,,,,,,,,,
98,Vladimír Coufal,cz CZE,DF,West Ham,32-157,1992,6.4,232,309,75.1,3910,1555,117,133,88.0,89,120,74.2,22,46,47.8,0,0.5,0.6,-0.5,5,21,11,6,25,Matches,,,,,,,,,
99,Aaron Cresswell,eng ENG,DF,West Ham,35-042,1989,1.3,65,93,69.9,1274,516,25,32,78.1,33,38,86.8,7,20,35.0,0,0.1,0.1,-0.1,3,5,0,0,5,Matches,,,,,,,,,
100,Marc Cucurella,es ESP,DF,Chelsea,26-188,1998,19.0,974,1100,88.5,14941,4158,510,541,94.3,407,456,89.3,36,59,61.0,1,1.2,1.7,-0.2,11,71,5,1,64,Matches,,,,,,,,,
Rk,Player,Nation,Pos,Squad,Age,Born,90s,Cmp,Att,Cmp%,TotDist,PrgDist,Cmp,Att,Cmp%,Cmp,Att,Cmp%,Cmp,Att,Cmp%,Ast,xAG,xA,A-xAG,KP,1/3,PPA,CrsPA,PrgP,Matches,,,,,,,,,
101,Jorge Cuenca,es ESP,DF,Fulham,25-070,1999,1.0,30,37,81.1,575,178,7,8,87.5,17,21,81.0,4,6,66.7,0,0.0,0.0,0.0,0,0,0,0,3,Matches,,,,,,,,,
102,Matheus Cunha,br BRA,"MF,FW",Wolves,25-244,1999,19.8,524,733,71.5,8483,2928,298,356,83.7,150,193,77.7,58,126,46.0,4,5.7,3.7,-1.7,36,68,41,9,91,Matches,,,,,,,,,
103,Patson Daka,zm ZAM,"FW,MF",Leicester City,26-109,1998,2.9,36,54,66.7,572,106,17,24,70.8,15,20,75.0,2,2,100.0,0,0.0,0.0,0.0,0,1,1,0,3,Matches,,,,,,,,,
104,Diogo Dalot,pt POR,DF,Manchester Utd,25-314,1999,20.6,920,1133,81.2,15038,4769,467,518,90.2,363,435,83.4,68,122,55.7,1,1.4,1.6,-0.4,15,42,14,3,66,Matches,,,,,,,,,
105,Mikkel Damsgaard,dk DEN,"MF,FW",Brentford,24-207,2000,17.9,625,838,74.6,10326,3864,327,375,87.2,222,295,75.3,62,121,51.2,6,5.4,3.5,+0.6,33,84,29,6,131,Matches,,,,,,,,,
106,Danilo,br BRA,MF,Nott'ham Forest,23-272,2001,0.2,3,3,100.0,85,6,0,0,,2,2,100.0,1,1,100.0,0,0.0,0.0,0.0,0,0,0,0,0,Matches,,,,,,,,,
107,Jayden Danns,eng ENG,MF,Liverpool,19-010,2006,0.1,1,1,100.0,6,0,1,1,100.0,0,0,,0,0,,0,0.0,0.0,0.0,0,0,0,0,0,Matches,,,,,,,,,
108,Ben Davies,wls WAL,DF,Tottenham,31-277,1993,4.0,250,279,89.6,4746,2111,86,93,92.5,141,148,95.3,22,31,71.0,0,0.0,0.2,0.0,0,16,1,0,15,Matches,,,,,,,,,
109,Leif Davis,eng ENG,DF,Ipswich Town,25-014,2000,22.5,658,915,71.9,11286,4499,308,354,87.0,282,370,76.2,57,144,39.6,2,3.4,3.6,-1.4,41,24,20,9,42,Matches,,,,,,,,,
110,Craig Dawson,eng ENG,DF,Wolves,34-265,1990,10.8,484,559,86.6,9745,3180,149,161,92.5,267,287,93.0,57,95,60.0,0,0.0,0.1,0.0,2,22,1,0,20,Matches,,,,,,,,,
111,Kevin De Bruyne,be BEL,MF,Manchester City,33-212,1991,11.0,587,760,77.2,9965,2909,300,350,85.7,230,289,79.6,51,83,61.4,6,6.0,4.5,0.0,39,55,42,8,106,Matches,,,,,,,,,
112,Liam Delap,eng ENG,FW,Ipswich Town,21-353,2003,18.6,116,189,61.4,1686,415,61,90,67.8,41,64,64.1,5,14,35.7,2,1.6,1.0,+0.4,17,10,5,0,18,Matches,,,,,,,,,
113,Sepp van den Berg,nl NED,DF,Brentford,23-037,2001,16.9,612,727,84.2,10030,3340,293,334,87.7,281,320,87.8,31,52,59.6,0,0.2,0.4,-0.2,4,38,3,1,47,Matches,,,,,,,,,
114,Justin Devenny,nir NIR,MF,Crystal Palace,21-107,2003,3.0,81,115,70.4,1330,369,43,53,81.1,27,38,71.1,7,17,41.2,0,0.3,0.3,-0.3,5,9,2,1,8,Matches,,,,,,,,,
115,Kiernan Dewsbury-Hall,eng ENG,MF,Chelsea,26-142,1998,1.5,70,82,85.4,1071,177,41,45,91.1,27,30,90.0,2,5,40.0,1,1.0,0.2,0.0,2,7,1,0,10,Matches,,,,,,,,,
116,Amad Diallo,ci CIV,"FW,MF",Manchester Utd,22-199,2002,15.7,579,701,82.6,7965,1661,359,398,90.2,163,192,84.9,29,56,51.8,6,3.5,3.0,+2.5,33,22,26,4,50,Matches,,,,,,,,,
117,Rúben Dias,pt POR,DF,Manchester City,27-257,1997,13.1,1141,1215,93.9,19406,6309,489,505,96.8,579,606,95.5,56,75,74.7,0,0.3,0.7,-0.3,5,106,5,0,78,Matches,,,,,,,,,
118,Luis Díaz,co COL,FW,Liverpool,28-013,1997,14.9,408,479,85.2,6331,1368,232,257,90.3,128,150,85.3,32,38,84.2,2,2.1,2.1,-0.1,27,29,23,3,62,Matches,,,,,,,,,
119,Tyler Dibling,eng ENG,"FW,MF",Southampton,18-320,2006,13.7,313,403,77.7,4827,1036,166,191,86.9,123,148,83.1,16,36,44.4,0,1.3,1.1,-1.3,14,20,16,1,41,Matches,,,,,,,,,
120,Lucas Digne,fr FRA,DF,Aston Villa,31-190,1993,18.2,683,917,74.5,11177,3484,340,384,88.5,284,362,78.5,46,115,40.0,3,3.5,2.9,-0.5,27,27,22,14,36,Matches,,,,,,,,,
121,Issa Diop,fr FRA,DF,Fulham,28-017,1997,11.9,544,624,87.2,10140,3519,191,208,91.8,312,335,93.1,38,73,52.1,0,0.1,0.1,-0.1,2,33,1,0,23,Matches,,,,,,,,,
122,Axel Disasi,fr FRA,DF,Chelsea,26-321,1998,4.0,266,293,90.8,4218,1368,136,144,94.4,117,126,92.9,9,13,69.2,0,0.1,0.1,-0.1,2,20,2,0,16,Matches,,,,,,,,,
123,Roman Dixon,eng ENG,DF,Everton,20-031,2004,1.0,11,19,57.9,205,111,6,8,75.0,4,8,50.0,1,3,33.3,0,0.0,0.0,0.0,0,3,0,0,0,Matches,,,,,,,,,
124,Matt Doherty,ie IRL,DF,Wolves,33-010,1992,11.9,539,666,80.9,10020,3174,221,249,88.8,245,295,83.1,64,96,66.7,1,1.4,0.7,-0.4,10,59,10,1,47,Matches,,,,,,,,,
125,Jeremy Doku,be BEL,"FW,MF",Manchester City,22-244,2002,8.8,311,391,79.5,4358,756,207,241,85.9,95,116,81.9,7,11,63.6,4,2.3,1.8,+1.7,16,3,28,3,36,Matches,,,,,,,,,
Rk,Player,Nation,Pos,Squad,Age,Born,90s,Cmp,Att,Cmp%,TotDist,PrgDist,Cmp,Att,Cmp%,Cmp,Att,Cmp%,Cmp,Att,Cmp%,Ast,xAG,xA,A-xAG,KP,1/3,PPA,CrsPA,PrgP,Matches,,,,,,,,,
126,Nicolás Domínguez,ar ARG,"MF,FW",Nott'ham Forest,26-212,1998,12.2,485,560,86.6,6945,2025,286,313,91.4,149,168,88.7,24,37,64.9,0,0.6,0.9,-0.6,5,44,5,0,45,Matches,,,,,,,,,
127,Alfie Dorrington,eng ENG,DF,Tottenham,19-281,2005,0.2,15,16,93.8,304,39,6,7,85.7,7,7,100.0,2,2,100.0,0,0.0,0.0,0.0,0,0,0,0,0,Matches,,,,,,,,,
128,Abdoulaye Doucouré,ml MLI,MF,Everton,32-025,1993,17.7,485,597,81.2,7610,1443,244,286,85.3,198,233,85.0,29,38,76.3,0,0.9,0.6,-0.9,17,30,8,0,51,Matches,,,,,,,,,
129,Cheick Doucouré,ml MLI,MF,Crystal Palace,25-018,2000,5.0,174,204,85.3,2909,823,84,94,89.4,70,78,89.7,16,20,80.0,0,0.0,0.1,0.0,1,17,3,0,19,Matches,,,,,,,,,
130,Flynn Downes,eng ENG,MF,Southampton,26-006,1999,15.9,714,788,90.6,10555,2112,411,440,93.4,249,269,92.6,29,43,67.4,0,0.9,1.1,-0.9,12,42,9,0,50,Matches,,,,,,,,,
131,Tommy Doyle,eng ENG,MF,Wolves,23-101,2001,4.9,287,352,81.5,6044,1862,98,104,94.2,122,136,89.7,60,90,66.7,1,0.5,0.3,+0.5,7,39,3,0,38,Matches,,,,,,,,,
132,Radu Drăgușin,ro ROU,DF,Tottenham,22-358,2002,12.9,647,762,84.9,12220,4726,206,223,92.4,394,426,92.5,39,96,40.6,0,0.3,0.1,-0.3,2,47,0,0,36,Matches,,,,,,,,,
133,Martin Dúbravka,sk SVK,GK,Newcastle Utd,36-011,1989,8.0,208,260,80.0,4591,2404,49,49,100.0,123,123,100.0,35,87,40.2,0,0.0,0.0,0.0,0,0,0,0,0,Matches,,,,,,,,,
134,Lewis Dunk,eng ENG,DF,Brighton,33-066,1991,16.4,1265,1385,91.3,23504,7778,479,495,96.8,670,702,95.4,104,164,63.4,0,0.5,0.7,-0.5,6,117,4,0,103,Matches,,,,,,,,,
135,Jhon Durán,co COL,FW,Aston Villa,21-044,2003,6.8,108,156,69.2,1485,307,61,77,79.2,34,50,68.0,5,11,45.5,0,0.2,0.2,-0.2,4,10,1,0,13,Matches,,,,,,,,,
136,Ederson,br BRA,GK,Manchester City,31-162,1993,15.0,481,558,86.2,11872,7854,91,91,100.0,277,283,97.9,112,182,61.5,2,0.5,0.0,+1.5,2,14,1,0,1,Matches,,,,,,,,,
137,George Edmundson,eng ENG,DF,Ipswich Town,27-148,1997,0.0,1,2,50.0,9,0,1,1,100.0,0,0,,0,0,,0,0.0,0.0,0.0,0,0,0,0,0,Matches,,,,,,,,,
138,Odsonne Édouard,fr FRA,"MF,FW",Crystal Palace,27-010,1998,1.3,17,28,60.7,230,46,11,16,68.8,4,7,57.1,1,1,100.0,0,0.0,0.0,0.0,1,2,0,0,4,Matches,,,,,,,,,
139,Odsonne Édouard,fr FRA,FW,Leicester City,27-010,1998,0.3,6,8,75.0,59,5,3,4,75.0,1,1,100.0,0,0,,0,0.0,0.0,0.0,1,0,0,0,1,Matches,,,,,,,,,
140,Samuel Edozie,eng ENG,"DF,FW",Southampton,21-364,2003,0.7,25,33,75.8,316,67,19,21,90.5,6,7,85.7,0,3,0.0,0,0.1,0.2,-0.1,1,0,3,0,4,Matches,,,,,,,,,
141,Ronnie Edwards,eng ENG,DF,Southampton,21-304,2003,0.1,5,5,100.0,109,0,0,0,,5,5,100.0,0,0,,0,0.0,0.0,0.0,0,0,0,0,0,Matches,,,,,,,,,
142,Anthony Elanga,se SWE,"FW,MF",Nott'ham Forest,22-274,2002,15.2,284,445,63.8,4145,1505,167,201,83.1,77,126,61.1,25,73,34.2,5,2.5,2.4,+2.5,29,15,14,3,28,Matches,,,,,,,,,
143,Harvey Elliott,eng ENG,"MF,FW",Liverpool,21-297,2003,0.9,78,99,78.8,1474,360,42,46,91.3,21,30,70.0,13,18,72.2,1,0.8,0.4,+0.2,4,6,3,0,11,Matches,,,,,,,,,
144,Yunus Emre Konak,tr TUR,"MF,FW",Brentford,19-016,2006,0.2,12,17,70.6,201,62,7,9,77.8,3,4,75.0,2,3,66.7,0,0.0,0.0,0.0,0,1,0,0,2,Matches,,,,,,,,,
145,Julio Enciso,py PAR,MF,Ipswich Town,21-003,2004,0.1,5,8,62.5,109,40,1,2,50.0,2,2,100.0,1,1,100.0,1,0.3,0.2,+0.7,1,0,0,0,0,Matches,,,,,,,,,
146,Julio Enciso,py PAR,"MF,FW",Brighton,21-003,2004,3.3,99,150,66.0,1464,392,61,75,81.3,29,40,72.5,5,22,22.7,0,0.2,0.3,-0.2,5,13,4,1,14,Matches,,,,,,,,,
147,Wataru Endo,jp JPN,MF,Liverpool,31-352,1993,0.9,54,57,94.7,834,210,28,29,96.6,20,21,95.2,3,3,100.0,0,0.0,0.0,0.0,1,5,1,0,7,Matches,,,,,,,,,
148,Christian Eriksen,dk DEN,MF,Manchester Utd,32-347,1992,7.0,353,434,81.3,6077,1855,189,201,94.0,120,146,82.2,35,72,48.6,1,2.1,1.5,-1.1,16,36,2,0,29,Matches,,,,,,,,,
149,Pervis Estupiñán,ec ECU,DF,Brighton,27-005,1998,15.7,812,968,83.9,12241,3729,485,521,93.1,262,314,83.4,47,89,52.8,1,1.8,1.7,-0.8,19,52,23,17,71,Matches,,,,,,,,,
150,Evanilson,br BRA,FW,Bournemouth,25-112,1999,15.2,133,196,67.9,1630,331,89,121,73.6,27,40,67.5,7,8,87.5,0,1.1,1.3,-1.1,16,9,2,0,13,Matches,,,,,,,,,
Rk,Player,Nation,Pos,Squad,Age,Born,90s,Cmp,Att,Cmp%,TotDist,PrgDist,Cmp,Att,Cmp%,Cmp,Att,Cmp%,Cmp,Att,Cmp%,Ast,xAG,xA,A-xAG,KP,1/3,PPA,CrsPA,PrgP,Matches,,,,,,,,,
151,Jonny Evans,nir NIR,DF,Manchester Utd,37-023,1988,3.2,174,196,88.8,2809,784,82,87,94.3,81,90,90.0,6,12,50.0,0,0.0,0.0,0.0,0,9,1,0,8,Matches,,,,,,,,,
152,Eberechi Eze,eng ENG,"MF,FW",Crystal Palace,26-211,1998,16.6,495,663,74.7,8421,2207,236,281,84.0,205,245,83.7,44,97,45.4,5,3.3,2.7,+1.7,36,35,25,2,69,Matches,,,,,,,,,
153,Łukasz Fabiański,pl POL,GK,West Ham,39-283,1985,11.9,304,454,67.0,8756,6129,53,53,100.0,147,148,99.3,104,252,41.3,0,0.0,0.0,0.0,0,4,0,0,0,Matches,,,,,,,,,
154,Wout Faes,be BEL,DF,Leicester City,26-298,1998,16.3,710,819,86.7,12944,4679,289,309,93.5,361,380,95.0,59,113,52.2,0,0.1,0.4,-0.1,3,53,5,0,54,Matches,,,,,,,,,
155,Abdul Fatawu Issahaku,gh GHA,FW,Leicester City,20-324,2004,6.4,123,197,62.4,2150,601,59,81,72.8,45,59,76.3,16,33,48.5,2,1.6,1.4,+0.4,6,7,7,2,17,Matches,,,,,,,,,
156,João Félix,pt POR,"FW,MF",Chelsea,25-077,1999,4.1,171,199,85.9,2588,663,95,105,90.5,62,68,91.2,10,15,66.7,1,1.0,0.5,0.0,6,22,8,0,26,Matches,,,,,,,,,
157,Evan Ferguson,ie IRL,FW,Brighton,20-099,2004,2.5,35,48,72.9,389,44,25,30,83.3,6,8,75.0,1,3,33.3,0,0.4,0.4,-0.4,3,1,0,0,1,Matches,,,,,,,,,
158,Bruno Fernandes,pt POR,"MF,FW",Manchester Utd,30-140,1994,19.4,891,1185,75.2,14957,5258,456,524,87.0,315,391,80.6,89,184,48.4,6,4.6,4.0,+1.4,46,104,37,6,156,Matches,,,,,,,,,
159,Mateus Fernandes,pt POR,MF,Southampton,20-200,2004,18.3,653,816,80.0,10970,2696,313,357,87.7,248,288,86.1,63,115,54.8,2,1.8,2.4,+0.2,20,54,13,3,87,Matches,,,,,,,,,
160,Enzo Fernández,ar ARG,MF,Chelsea,24-009,2001,17.8,909,1109,82.0,16083,4405,422,467,90.4,363,428,84.8,101,157,64.3,4,3.7,3.9,+0.3,42,95,21,1,126,Matches,,,,,,,,,
161,Mark Flekken,nl NED,GK,Brentford,31-227,1993,21.4,786,1059,74.2,22469,14945,104,106,98.1,427,441,96.8,255,506,50.4,1,0.2,0.1,+0.8,1,29,1,0,0,Matches,,,,,,,,,
162,Phil Foden,eng ENG,"MF,FW",Manchester City,24-243,2000,14.4,588,694,84.7,9227,2047,348,381,91.3,181,201,90.0,50,83,60.2,2,3.9,4.7,-1.9,35,29,31,5,73,Matches,,,,,,,,,
163,Wesley Fofana,fr FRA,DF,Chelsea,24-040,2000,11.3,630,703,89.6,10682,2949,264,283,93.3,338,367,92.1,22,35,62.9,0,0.4,0.2,-0.4,5,44,1,0,25,Matches,,,,,,,,,
164,Carlos Forbs,pt POR,"MF,FW",Wolves,20-313,2004,2.6,56,87,64.4,739,228,36,48,75.0,18,25,72.0,1,5,20.0,0,0.0,0.1,0.0,1,2,3,1,8,Matches,,,,,,,,,
165,Fraser Forster,eng ENG,GK,Tottenham,36-315,1988,7.0,168,198,84.8,3349,2105,54,55,98.2,86,90,95.6,23,47,48.9,0,0.0,0.0,0.0,0,1,0,0,0,Matches,,,,,,,,,
166,Ryan Fraser,sct SCO,"FW,DF",Southampton,30-337,1994,3.4,77,103,74.8,1121,208,43,46,93.5,28,40,70.0,3,10,30.0,0,0.1,0.1,-0.1,2,3,1,0,8,Matches,,,,,,,,,
167,Niclas Füllkrug,de GER,FW,West Ham,31-352,1993,4.1,53,77,68.8,723,93,29,39,74.4,17,27,63.0,2,4,50.0,1,1.0,0.2,0.0,7,3,1,0,4,Matches,,,,,,,,,
168,Cody Gakpo,nl NED,FW,Liverpool,25-264,1999,13.7,334,437,76.4,4736,1148,209,240,87.1,97,144,67.4,16,28,57.1,3,3.4,2.7,-0.4,28,16,19,6,37,Matches,,,,,,,,,
169,Idrissa Gana Gueye,sn SEN,MF,Everton,35-122,1989,18.5,672,782,85.9,11376,2993,334,366,91.3,275,306,89.9,53,76,69.7,2,1.1,0.9,+0.9,12,86,6,2,85,Matches,,,,,,,,,
170,Alejandro Garnacho,ar ARG,"FW,MF",Manchester Utd,20-209,2004,12.8,333,424,78.5,4769,552,214,236,90.7,83,101,82.2,20,37,54.1,1,2.4,1.2,-1.4,18,12,8,1,21,Matches,,,,,,,,,
171,James Garner,eng ENG,"DF,MF",Everton,23-319,2001,3.0,69,103,67.0,1118,605,31,38,81.6,31,42,73.8,6,12,50.0,0,0.0,0.1,0.0,1,6,1,1,3,Matches,,,,,,,,,
172,Tyrique George,eng ENG,FW,Chelsea,18-357,2006,0.1,4,4,100.0,49,1,3,3,100.0,1,1,100.0,0,0,,0,0.0,0.0,0.0,0,0,0,0,0,Matches,,,,,,,,,
173,Morgan Gibbs-White,eng ENG,MF,Nott'ham Forest,24-365,2000,16.7,550,705,78.0,7960,2546,334,393,85.0,155,195,79.5,36,59,61.0,4,3.2,3.7,+0.8,32,78,24,3,90,Matches,,,,,,,,,
174,Billy Gilmour,sct SCO,MF,Brighton,23-229,2001,1.1,58,67,86.6,980,346,36,38,94.7,18,22,81.8,4,7,57.1,0,0.0,0.0,0.0,0,12,2,0,11,Matches,,,,,,,,,
175,Ben Godfrey,eng ENG,DF,Ipswich Town,27-011,1998,0.7,37,44,84.1,495,185,25,28,89.3,11,13,84.6,0,0,,0,0.0,0.0,0.0,0,3,1,0,3,Matches,,,,,,,,,
Rk,Player,Nation,Pos,Squad,Age,Born,90s,Cmp,Att,Cmp%,TotDist,PrgDist,Cmp,Att,Cmp%,Cmp,Att,Cmp%,Cmp,Att,Cmp%,Ast,xAG,xA,A-xAG,KP,1/3,PPA,CrsPA,PrgP,Matches,,,,,,,,,
176,Martial Godo,eng ENG,FW,Fulham,21-318,2003,0.2,3,5,60.0,41,2,2,3,66.7,1,1,100.0,0,1,0.0,0,0.0,0.0,0.0,0,0,0,0,0,Matches,,,,,,,,,
177,João Gomes,br BRA,MF,Wolves,23-349,2001,20.6,815,966,84.4,12250,3208,461,517,89.2,270,315,85.7,50,75,66.7,1,0.8,1.3,+0.2,15,82,15,1,107,Matches,,,,,,,,,
178,Rodrigo Gomes,pt POR,"DF,FW",Wolves,21-203,2003,6.1,139,214,65.0,2055,700,82,106,77.4,48,72,66.7,6,22,27.3,0,0.7,0.5,-0.7,9,9,11,3,22,Matches,,,,,,,,,
179,Toti Gomes,pt POR,DF,Wolves,26-010,1999,14.0,660,788,83.8,11521,4219,285,319,89.3,313,342,91.5,52,94,55.3,1,0.6,0.4,+0.4,4,41,2,0,36,Matches,,,,,,,,,
180,Diego Gómez,py PAR,MF,Brighton,21-305,2003,0.0,1,2,50.0,13,1,1,2,50.0,0,0,,0,0,,0,0.0,0.0,0.0,0,0,0,0,0,Matches,,,,,,,,,
181,Joe Gomez,eng ENG,DF,Liverpool,27-248,1997,5.8,377,425,88.7,6689,2299,155,170,91.2,191,204,93.6,26,42,61.9,0,0.1,0.1,-0.1,2,29,0,0,35,Matches,,,,,,,,,
182,Anthony Gordon,eng ENG,FW,Newcastle Utd,23-337,2001,19.6,509,708,71.9,7784,2619,281,334,84.1,175,226,77.4,35,88,39.8,5,4.8,4.4,+0.2,46,45,41,15,66,Matches,,,,,,,,,
183,Ryan Gravenberch,nl NED,MF,Liverpool,22-255,2002,21.1,1101,1230,89.5,16305,4316,619,662,93.5,408,445,91.7,41,67,61.2,2,2.6,2.7,-0.6,19,97,26,1,117,Matches,,,,,,,,,
184,Archie Gray,eng ENG,DF,Tottenham,18-320,2006,8.7,569,631,90.2,9702,3188,222,239,92.9,314,336,93.5,26,41,63.4,0,0.0,0.1,0.0,0,18,0,0,19,Matches,,,,,,,,,
185,Jack Grealish,eng ENG,"FW,MF",Manchester City,29-138,1995,6.8,321,369,87.0,4826,815,206,221,93.2,101,115,87.8,13,21,61.9,1,1.7,1.5,-0.7,22,16,13,0,43,Matches,,,,,,,,,
186,Jacob Greaves,eng ENG,DF,Ipswich Town,24-136,2000,13.0,491,573,85.7,8028,2947,242,265,91.3,226,245,92.2,19,46,41.3,0,0.0,0.1,0.0,1,30,0,0,27,Matches,,,,,,,,,
187,Brajan Gruda,de GER,"FW,MF",Brighton,20-240,2004,4.1,101,139,72.7,1297,433,68,81,84.0,22,32,68.8,5,15,33.3,0,0.5,0.5,-0.5,10,4,7,1,13,Matches,,,,,,,,,
188,Gonçalo Guedes,pt POR,"MF,FW",Wolves,28-058,1996,6.9,162,225,72.0,2819,732,78,96,81.3,66,85,77.6,13,28,46.4,4,1.0,0.6,+3.0,10,13,13,5,27,Matches,,,,,,,,,
189,Marc Guéhi,eng ENG,DF,Crystal Palace,24-197,2000,21.0,946,1138,83.1,18882,7795,314,347,90.5,512,573,89.4,114,200,57.0,1,0.5,0.5,+0.5,7,79,7,2,83,Matches,,,,,,,,,
190,Luis Guilherme,br BRA,"MF,FW",West Ham,18-352,2006,0.6,17,20,85.0,250,70,13,14,92.9,3,5,60.0,1,1,100.0,0,0.0,0.1,0.0,1,0,1,1,1,Matches,,,,,,,,,
191,Bruno Guimarães,br BRA,MF,Newcastle Utd,27-071,1997,22.2,941,1136,82.8,15532,5223,470,524,89.7,368,414,88.9,73,125,58.4,6,5.0,3.6,+1.0,35,113,43,4,171,Matches,,,,,,,,,
192,Marc Guiu,es ESP,FW,Chelsea,19-022,2006,0.4,4,8,50.0,40,0,4,7,57.1,0,1,0.0,0,0,,0,0.0,0.0,0.0,0,0,0,0,0,Matches,,,,,,,,,
193,İlkay Gündoğan,de GER,MF,Manchester City,34-094,1990,14.9,955,1074,88.9,14645,2729,536,569,94.2,344,368,93.5,54,96,56.3,1,1.9,2.9,-0.9,24,63,14,1,88,Matches,,,,,,,,,
194,Malo Gusto,fr FRA,DF,Chelsea,21-252,2003,14.1,804,932,86.3,13084,3298,402,426,94.4,331,379,87.3,51,80,63.8,1,0.9,1.1,+0.1,12,75,10,4,73,Matches,,,,,,,,,
195,Joško Gvardiol,hr CRO,DF,Manchester City,23-003,2002,21.5,1452,1600,90.8,22687,5673,758,805,94.2,624,673,92.7,51,77,66.2,0,1.5,2.1,-1.5,18,135,16,1,157,Matches,,,,,,,,,
196,Erling Haaland,no NOR,FW,Manchester City,24-189,2000,22.6,185,283,65.4,2256,449,130,186,69.9,40,61,65.6,4,6,66.7,2,2.1,1.3,-0.1,22,8,4,1,14,Matches,,,,,,,,,
197,Lewis Hall,eng ENG,DF,Newcastle Utd,20-140,2004,20.4,1120,1371,81.7,18977,7491,557,611,91.2,458,538,85.1,88,171,51.5,3,3.5,3.3,-0.5,29,100,13,3,106,Matches,,,,,,,,,
198,Ali Al Hamadi,iq IRQ,FW,Ipswich Town,22-331,2002,1.5,25,30,83.3,278,29,20,23,87.0,5,7,71.4,0,0,,0,0.1,0.0,-0.1,2,0,0,0,3,Matches,,,,,,,,,
199,Marcus Harness,eng ENG,MF,Ipswich Town,28-337,1996,0.5,10,16,62.5,89,23,9,11,81.8,0,1,0.0,0,1,0.0,0,0.0,0.1,0.0,0,0,2,0,2,Matches,,,,,,,,,
200,Jack Harrison,eng ENG,FW,Everton,28-067,1996,11.1,180,281,64.1,2614,1010,113,137,82.5,44,69,63.8,12,34,35.3,0,2.0,1.4,-2.0,14,17,10,1,25,Matches,,,,,,,,,
Rk,Player,Nation,Pos,Squad,Age,Born,90s,Cmp,Att,Cmp%,TotDist,PrgDist,Cmp,Att,Cmp%,Cmp,Att,Cmp%,Cmp,Att,Cmp%,Ast,xAG,xA,A-xAG,KP,1/3,PPA,CrsPA,PrgP,Matches,,,,,,,,,
201,Taylor Harwood-Bellis,eng ENG,DF,Southampton,22-362,2002,20.6,1349,1530,88.2,24797,8951,509,543,93.7,714,779,91.7,114,183,62.3,0,0.8,0.5,-0.8,11,134,6,0,88,Matches,,,,,,,,,
202,Kai Havertz,de GER,"FW,MF",Arsenal,25-229,1999,19.4,375,483,77.6,4526,954,261,312,83.7,89,109,81.7,5,11,45.5,2,2.3,1.4,-0.3,15,26,8,1,54,Matches,,,,,,,,,
203,Jan Paul van Hecke,nl NED,DF,Brighton,24-232,2000,19.9,1312,1471,89.2,25892,9854,444,477,93.1,714,764,93.5,146,206,70.9,1,1.0,1.0,0.0,12,138,9,4,154,Matches,,,,,,,,,
204,Hwang Hee-chan,kr KOR,"MF,FW",Wolves,29-000,1996,6.8,147,181,81.2,1948,369,95,111,85.6,40,46,87.0,4,4,100.0,0,0.1,0.3,-0.1,3,6,4,2,11,Matches,,,,,,,,,
205,Dean Henderson,eng ENG,GK,Crystal Palace,27-320,1997,22.0,444,720,61.7,11905,7727,108,108,100.0,217,218,99.5,115,389,29.6,0,0.0,0.0,0.0,1,7,0,0,0,Matches,,,,,,,,,
206,Rico Henry,eng ENG,DF,Brentford,27-202,1997,0.0,2,5,40.0,44,28,1,3,33.3,1,1,100.0,0,1,0.0,0,0.0,0.0,0.0,0,0,0,0,0,Matches,,,,,,,,,
207,Mads Hermansen,dk DEN,GK,Leicester City,24-199,2000,15.5,382,596,64.1,9898,7381,99,101,98.0,166,174,95.4,117,317,36.9,0,0.0,0.0,0.0,0,9,0,0,0,Matches,,,,,,,,,
208,Son Heung-min,kr KOR,FW,Tottenham,32-202,1992,15.6,506,624,81.1,7209,1898,312,341,91.5,143,174,82.2,28,50,56.0,6,5.8,3.9,+0.2,33,24,40,5,79,Matches,,,,,,,,,
209,James Hill,eng ENG,"DF,MF",Bournemouth,23-016,2002,2.0,55,93,59.1,1018,464,20,26,76.9,29,40,72.5,6,22,27.3,1,0.2,0.2,+0.8,2,9,4,0,9,Matches,,,,,,,,,
210,Jack Hinshelwood,eng ENG,"MF,DF",Brighton,19-290,2005,9.5,425,512,83.0,6363,1547,250,271,92.3,133,158,84.2,30,61,49.2,0,0.3,0.7,-0.3,7,19,5,0,34,Matches,,,,,,,,,
211,George Hirst,eng ENG,FW,Ipswich Town,25-346,1999,2.4,25,49,51.0,274,97,18,30,60.0,5,11,45.5,0,1,0.0,1,0.3,0.1,+0.7,3,0,3,0,8,Matches,,,,,,,,,
212,Mason Holgate,eng ENG,"FW,DF",Everton,28-096,1996,0.1,2,2,100.0,55,0,0,0,,1,1,100.0,1,1,100.0,0,0.0,0.0,0.0,0,0,0,0,0,Matches,,,,,,,,,
213,Callum Hudson-Odoi,eng ENG,"FW,MF",Nott'ham Forest,24-080,2000,16.9,490,593,82.6,6931,1410,306,331,92.4,135,164,82.3,28,59,47.5,2,2.0,1.9,0.0,34,21,17,4,49,Matches,,,,,,,,,
214,Will Hughes,eng ENG,MF,Crystal Palace,29-284,1995,13.8,470,604,77.8,7655,2582,228,254,89.8,198,235,84.3,30,77,39.0,3,1.7,1.6,+1.3,23,51,10,3,63,Matches,,,,,,,,,
215,Dean Huijsen,es ESP,DF,Bournemouth,19-287,2005,12.8,594,704,84.4,12075,4683,181,202,89.6,332,365,91.0,77,123,62.6,0,0.8,0.8,-0.8,11,69,2,0,58,Matches,,,,,,,,,
216,Omari Hutchinson,eng ENG,"MF,FW",Ipswich Town,21-088,2003,19.7,433,564,76.8,6570,1095,227,259,87.6,172,210,81.9,22,41,53.7,1,2.1,1.3,-1.1,18,32,12,5,47,Matches,,,,,,,,,
217,Rasmus Højlund,dk DEN,FW,Manchester Utd,21-357,2003,11.5,138,178,77.5,1450,281,102,121,84.3,18,27,66.7,3,3,100.0,0,1.1,0.7,-1.1,11,8,3,0,11,Matches,,,,,,,,,
218,Igor,br BRA,DF,Brighton,26-354,1998,10.0,628,682,92.1,11358,3723,248,257,96.5,337,354,95.2,40,56,71.4,0,0.2,0.3,-0.2,1,35,2,1,44,Matches,,,,,,,,,
219,Danny Ings,eng ENG,FW,West Ham,32-187,1992,2.7,55,80,68.8,708,82,38,43,88.4,14,24,58.3,1,5,20.0,2,1.2,0.1,+0.8,5,2,0,0,3,Matches,,,,,,,,,
220,Tim Iroegbunam,eng ENG,MF,Everton,21-210,2003,4.3,70,99,70.7,1194,446,33,45,73.3,24,31,77.4,10,13,76.9,0,0.1,0.1,-0.1,2,8,1,0,10,Matches,,,,,,,,,
221,Andy Irving,sct SCO,MF,West Ham,24-258,2000,1.0,80,87,92.0,1387,329,37,38,97.4,31,35,88.6,9,9,100.0,0,0.0,0.0,0.0,0,13,0,0,7,Matches,,,,,,,,,
222,Alexander Isak,se SWE,FW,Newcastle Utd,25-127,1999,19.0,333,452,73.7,4615,1075,204,247,82.6,94,121,77.7,16,27,59.3,5,3.7,2.9,+1.3,34,25,15,0,54,Matches,,,,,,,,,
223,Alex Iwobi,ng NGA,"FW,MF",Fulham,28-268,1996,20.5,718,951,75.5,12268,3809,376,430,87.4,265,343,77.3,67,117,57.3,3,4.7,4.9,-1.7,42,71,56,7,137,Matches,,,,,,,,,
224,Nicolas Jackson,sn SEN,FW,Chelsea,23-220,2001,18.7,224,298,75.2,2907,655,140,170,82.4,61,81,75.3,6,11,54.5,5,3.8,1.5,+1.2,23,16,6,1,25,Matches,,,,,,,,,
225,Reece James,eng ENG,DF,Chelsea,25-049,1999,4.7,302,365,82.7,5430,1873,136,143,95.1,136,156,87.2,26,55,47.3,0,0.1,0.4,-0.1,3,33,1,0,21,Matches,,,,,,,,,
Rk,Player,Nation,Pos,Squad,Age,Born,90s,Cmp,Att,Cmp%,TotDist,PrgDist,Cmp,Att,Cmp%,Cmp,Att,Cmp%,Cmp,Att,Cmp%,Ast,xAG,xA,A-xAG,KP,1/3,PPA,CrsPA,PrgP,Matches,,,,,,,,,
226,Vitaly Janelt,de GER,MF,Brentford,26-261,1998,17.4,613,744,82.4,10535,3109,299,334,89.5,252,291,86.6,50,91,54.9,3,2.1,1.9,+0.9,12,54,15,6,57,Matches,,,,,,,,,
227,Vitezslav Jaros,cz CZE,GK,Liverpool,23-187,2001,0.1,6,8,75.0,302,273,0,0,,1,1,100.0,5,7,71.4,0,0.0,0.0,0.0,0,2,0,0,0,Matches,,,,,,,,,
228,Daniel Jebbison,eng ENG,"FW,MF",Bournemouth,21-166,2003,0.5,13,17,76.5,143,24,10,12,83.3,1,1,100.0,0,0,,0,0.2,0.1,-0.2,3,1,1,0,2,Matches,,,,,,,,,
229,Mathias Jensen,dk DEN,MF,Brentford,29-025,1996,7.1,253,339,74.6,4725,1709,115,135,85.2,98,124,79.0,34,64,53.1,1,1.4,1.1,-0.4,13,31,13,2,43,Matches,,,,,,,,,
230,Gabriel Jesus,br BRA,FW,Arsenal,27-298,1997,6.8,156,203,76.8,2030,378,103,128,80.5,41,47,87.2,4,6,66.7,0,0.7,0.5,-0.7,8,10,9,1,19,Matches,,,,,,,,,
231,Raúl Jiménez,mx MEX,FW,Fulham,33-266,1991,15.4,236,345,68.4,3582,861,132,162,81.5,70,99,70.7,19,33,57.6,2,2.4,1.5,-0.4,10,19,6,3,28,Matches,,,,,,,,,
232,Kim Jisoo,kr KOR,DF,Brentford,20-033,2004,0.3,24,27,88.9,514,163,8,9,88.9,11,12,91.7,5,6,83.3,0,0.0,0.0,0.0,0,1,0,0,2,Matches,,,,,,,,,
233,João Pedro,br BRA,"FW,MF",Brighton,23-122,2001,14.4,322,437,73.7,4494,1200,199,257,77.4,90,120,75.0,17,26,65.4,5,2.3,2.0,+2.7,17,29,21,2,50,Matches,,,,,,,,,
234,Joelinton,br BRA,"MF,FW",Newcastle Utd,28-165,1996,20.6,672,808,83.2,9427,2697,423,482,87.8,210,240,87.5,22,42,52.4,1,1.5,1.8,-0.5,18,67,11,1,93,Matches,,,,,,,,,
235,Ben Johnson,eng ENG,"DF,FW",Ipswich Town,25-002,2000,9.2,214,285,75.1,3283,1386,127,145,87.6,73,90,81.1,12,26,46.2,1,0.6,0.4,+0.4,6,13,1,1,17,Matches,,,,,,,,,
236,Brennan Johnson,wls WAL,FW,Tottenham,23-248,2001,16.6,318,449,70.8,4147,1167,194,240,80.8,101,136,74.3,7,18,38.9,2,1.3,1.2,+0.7,14,22,23,4,50,Matches,,,,,,,,,
237,Sam Johnstone,eng ENG,GK,Wolves,31-307,1993,7.0,184,278,66.2,5548,4270,31,32,96.9,80,82,97.6,72,160,45.0,0,0.0,0.0,0.0,1,6,0,0,0,Matches,,,,,,,,,
238,Curtis Jones,eng ENG,MF,Liverpool,23-362,2001,10.0,521,555,93.9,7485,1504,301,309,97.4,191,202,94.6,15,22,68.2,2,0.4,0.5,+1.6,10,38,9,0,57,Matches,,,,,,,,,
239,Jorginho,it ITA,MF,Arsenal,33-037,1991,5.1,263,305,86.2,4151,965,135,151,89.4,110,121,90.9,13,23,56.5,0,0.4,0.5,-0.4,3,26,8,0,32,Matches,,,,,,,,,
240,Diogo Jota,pt POR,FW,Liverpool,28-053,1996,7.0,126,179,70.4,1820,485,65,86,75.6,43,54,79.6,7,13,53.8,2,1.1,0.7,+0.9,6,14,2,1,18,Matches,,,,,,,,,
241,James Justin,eng ENG,DF,Leicester City,26-338,1998,20.1,741,955,77.6,11111,3568,411,471,87.3,288,346,83.2,25,83,30.1,1,0.4,0.5,+0.6,9,50,11,4,52,Matches,,,,,,,,,
242,Filip Jørgensen,dk DEN,GK,Chelsea,22-285,2002,2.0,45,50,90.0,766,452,17,17,100.0,26,26,100.0,1,6,16.7,0,0.0,0.0,0.0,0,0,0,0,0,Matches,,,,,,,,,
243,Ferdi Kadioglu,tr TUR,"DF,MF",Brighton,25-111,1999,4.3,144,175,82.3,2372,698,73,82,89.0,61,74,82.4,9,14,64.3,0,0.2,0.3,-0.2,5,10,9,4,15,Matches,,,,,,,,,
244,Daichi Kamada,jp JPN,MF,Crystal Palace,28-174,1996,9.6,337,422,79.9,5549,1588,178,201,88.6,133,161,82.6,22,36,61.1,0,1.0,0.8,-1.0,13,36,9,2,56,Matches,,,,,,,,,
245,Boubacar Kamara,fr FRA,MF,Aston Villa,25-064,1999,9.5,414,460,90.0,6535,1826,210,222,94.6,179,196,91.3,17,29,58.6,0,0.3,0.2,-0.3,6,40,6,0,47,Matches,,,,,,,,,
246,Michael Keane,eng ENG,DF,Everton,32-015,1993,9.0,253,309,81.9,5832,1865,74,83,89.2,119,132,90.2,58,77,75.3,0,0.1,0.0,-0.1,2,17,0,0,12,Matches,,,,,,,,,
247,Caoimhín Kelleher,ie IRL,GK,Liverpool,26-064,1998,8.0,221,296,74.7,4749,2888,80,80,100.0,109,109,100.0,32,106,30.2,0,0.0,0.0,0.0,0,5,0,0,0,Matches,,,,,,,,,
248,Lloyd Kelly,eng ENG,DF,Newcastle Utd,26-112,1998,3.3,138,170,81.2,2538,839,52,59,88.1,75,83,90.4,10,24,41.7,1,0.5,0.1,+0.5,2,5,1,1,9,Matches,,,,,,,,,
249,Milos Kerkez,hu HUN,DF,Bournemouth,21-080,2003,22.2,757,975,77.6,12154,4204,411,458,89.7,281,349,80.5,51,121,42.1,3,2.9,1.7,+0.1,22,52,25,15,100,Matches,,,,,,,,,
250,Bilal El Khannouss,ma MAR,MF,Leicester City,20-261,2004,10.3,370,484,76.4,6580,1719,180,203,88.7,127,159,79.9,53,89,59.6,1,1.8,1.3,-0.8,17,47,11,1,58,Matches,,,,,,,,,
Rk,Player,Nation,Pos,Squad,Age,Born,90s,Cmp,Att,Cmp%,TotDist,PrgDist,Cmp,Att,Cmp%,Cmp,Att,Cmp%,Cmp,Att,Cmp%,Ast,xAG,xA,A-xAG,KP,1/3,PPA,CrsPA,PrgP,Matches,,,,,,,,,
251,Abdukodir Khusanov,uz UZB,DF,Manchester City,20-332,2004,0.6,40,47,85.1,717,188,16,19,84.2,23,25,92.0,1,3,33.3,0,0.0,0.0,0.0,0,0,0,0,2,Matches,,,,,,,,,
252,Max Kilman,eng ENG,DF,West Ham,27-248,1997,21.2,957,1112,86.1,18866,6767,304,332,91.6,547,594,92.1,100,168,59.5,1,0.8,0.7,+0.2,10,73,2,0,86,Matches,,,,,,,,,
253,Joshua King,eng ENG,"MF,FW",Fulham,18-023,2007,0.9,32,37,86.5,477,92,18,20,90.0,13,15,86.7,0,1,0.0,0,0.4,0.7,-0.4,3,2,1,0,4,Matches,,,,,,,,,
254,Antonín Kinský,cz CZE,GK,Tottenham,21-319,2003,2.0,67,82,81.7,1559,967,9,9,100.0,41,43,95.3,15,27,55.6,0,0.0,0.0,0.0,0,0,0,0,0,Matches,,,,,,,,,
255,Jakub Kiwior,pl POL,DF,Arsenal,24-346,2000,3.6,147,175,84.0,2623,792,57,63,90.5,80,88,90.9,9,19,47.4,0,0.1,0.0,-0.1,1,8,0,0,8,Matches,,,,,,,,,
256,Justin Kluivert,nl NED,"MF,FW",Bournemouth,25-266,1999,16.0,303,426,71.1,4664,1227,170,215,79.1,100,139,71.9,23,38,60.5,4,3.0,2.0,+1.0,25,22,15,3,58,Matches,,,,,,,,,
257,Ibrahima Konaté,fr FRA,DF,Liverpool,25-246,1999,14.5,928,1027,90.4,16500,6066,349,371,94.1,535,564,94.9,37,77,48.1,2,0.8,0.7,+1.2,7,85,7,0,68,Matches,,,,,,,,,
258,Ezri Konsa,eng ENG,DF,Aston Villa,27-095,1997,19.1,907,992,91.4,15359,4708,377,395,95.4,485,507,95.7,35,58,60.3,0,0.2,0.4,-0.2,3,65,1,0,51,Matches,,,,,,,,,
259,Mateo Kovačić,hr CRO,MF,Manchester City,30-265,1994,16.2,1161,1249,93.0,17723,4648,633,666,95.0,479,503,95.2,36,53,67.9,1,3.4,2.5,-2.4,26,125,20,0,102,Matches,,,,,,,,,
260,Caleb Kporha,eng ENG,DF,Crystal Palace,18-195,2006,0.1,5,7,71.4,72,21,4,4,100.0,0,2,0.0,1,1,100.0,0,0.0,0.0,0.0,0,0,1,1,0,Matches,,,,,,,,,
261,Emil Krafth,se SWE,DF,Newcastle Utd,30-177,1994,2.7,59,74,79.7,1018,485,26,33,78.8,29,33,87.9,4,6,66.7,0,0.1,0.0,-0.1,1,3,0,0,1,Matches,,,,,,,,,
262,Mohammed Kudus,gh GHA,"MF,FW",West Ham,24-177,2000,15.4,387,460,84.1,6496,1028,203,230,88.3,138,149,92.6,38,50,76.0,1,1.9,1.8,-0.9,18,26,19,10,44,Matches,,,,,,,,,
263,Dejan Kulusevski,se SWE,"MF,FW",Tottenham,24-276,2000,19.7,500,689,72.6,6975,2316,306,356,86.0,146,193,75.6,26,65,40.0,4,5.5,3.6,-1.5,56,53,44,5,101,Matches,,,,,,,,,
264,Maxence Lacroix,fr FRA,DF,Crystal Palace,24-295,2000,19.0,730,885,82.5,15202,6096,195,227,85.9,445,489,91.0,86,149,57.7,1,0.3,0.5,+0.7,3,51,1,0,43,Matches,,,,,,,,,
265,Adam Lallana,eng ENG,MF,Southampton,36-261,1988,3.7,211,244,86.5,2749,897,142,158,89.9,56,60,93.3,4,8,50.0,2,0.9,0.5,+1.1,4,20,9,3,23,Matches,,,,,,,,,
266,Tariq Lamptey,gh GHA,DF,Brighton,24-118,2000,4.8,177,215,82.3,2741,540,97,104,93.3,67,81,82.7,10,23,43.5,2,0.4,0.3,+1.6,4,8,4,3,7,Matches,,,,,,,,,
267,Will Lankshear,eng ENG,FW,Tottenham,19-281,2005,0.1,0,1,0.0,0,0,0,1,0.0,0,0,,0,0,,0,0.0,0.0,0.0,0,0,0,0,0,Matches,,,,,,,,,
268,Roméo Lavia,be BEL,MF,Chelsea,21-020,2004,5.9,261,285,91.6,4376,1179,127,141,90.1,117,122,95.9,14,17,82.4,1,0.7,0.3,+0.3,6,31,3,0,17,Matches,,,,,,,,,
269,Mario Lemina,ga GAB,"MF,DF",Wolves,31-147,1993,15.2,493,613,80.4,9479,2966,176,207,85.0,249,284,87.7,58,95,61.1,3,1.1,1.2,+1.9,10,43,13,4,48,Matches,,,,,,,,,
270,Bernd Leno,de GER,GK,Fulham,32-328,1992,22.0,687,836,82.2,16526,9335,120,121,99.2,434,438,99.1,126,268,47.0,1,0.1,0.0,+0.9,1,6,1,0,0,Matches,,,,,,,,,
271,Jefferson Lerma,co COL,MF,Crystal Palace,30-093,1994,12.4,444,568,78.2,7745,2633,207,232,89.2,185,223,83.0,42,82,51.2,0,0.9,1.0,-0.9,5,52,12,1,55,Matches,,,,,,,,,
272,Rico Lewis,eng ENG,"DF,MF",Manchester City,20-066,2004,15.6,832,903,92.1,11874,2178,512,541,94.6,286,304,94.1,23,31,74.2,2,0.3,0.8,+1.7,7,69,13,0,80,Matches,,,,,,,,,
273,Keane Lewis-Potter,eng ENG,"DF,FW",Brentford,23-339,2001,19.3,500,629,79.5,7855,1924,289,318,90.9,168,211,79.6,32,64,50.0,2,1.5,3.0,+0.5,14,25,22,7,51,Matches,,,,,,,,,
274,Myles Lewis-Skelly,eng ENG,DF,Arsenal,18-122,2006,5.1,260,282,92.2,3846,803,153,161,95.0,95,104,91.3,8,8,100.0,0,0.1,0.2,-0.1,3,31,1,0,23,Matches,,,,,,,,,
275,Matthijs de Ligt,nl NED,DF,Manchester Utd,25-167,1999,16.5,927,1017,91.2,16290,4118,319,337,94.7,567,596,95.1,36,70,51.4,0,0.3,0.2,-0.3,4,42,1,0,34,Matches,,,,,,,,,
Rk,Player,Nation,Pos,Squad,Age,Born,90s,Cmp,Att,Cmp%,TotDist,PrgDist,Cmp,Att,Cmp%,Cmp,Att,Cmp%,Cmp,Att,Cmp%,Ast,xAG,xA,A-xAG,KP,1/3,PPA,CrsPA,PrgP,Matches,,,,,,,,,
276,Pedro Lima,br BRA,DF,Wolves,18-209,2006,0.6,19,26,73.1,352,149,8,10,80.0,8,10,80.0,3,5,60.0,0,0.1,0.1,-0.1,2,1,3,2,3,Matches,,,,,,,,,
277,Victor Lindelöf,se SWE,"DF,MF",Manchester Utd,30-193,1994,0.7,35,38,92.1,534,171,16,19,84.2,17,17,100.0,1,1,100.0,0,0.0,0.0,0.0,1,4,2,1,5,Matches,,,,,,,,,
278,Jesper Lindstrøm,dk DEN,FW,Everton,24-332,2000,8.9,193,290,66.6,3056,908,127,146,87.0,43,68,63.2,20,51,39.2,0,1.6,1.5,-1.6,16,9,8,6,12,Matches,,,,,,,,,
279,Valentino Livramento,eng ENG,DF,Newcastle Utd,22-075,2002,17.6,786,940,83.6,11571,4095,459,514,89.3,293,343,85.4,24,48,50.0,0,0.6,0.5,-0.6,10,55,17,4,82,Matches,,,,,,,,,
280,Sean Longstaff,eng ENG,MF,Newcastle Utd,27-088,1997,8.0,264,313,84.3,3944,1065,148,169,87.6,97,105,92.4,14,21,66.7,0,0.2,0.2,-0.2,4,24,1,0,38,Matches,,,,,,,,,
281,Saša Lukić,rs SRB,MF,Fulham,28-166,1996,14.8,666,753,88.4,10967,2653,328,354,92.7,283,305,92.8,45,64,70.3,2,2.1,0.8,-0.1,10,60,7,2,56,Matches,,,,,,,,,
282,Joe Lumley,eng ENG,GK,Southampton,29-346,1995,3.0,106,151,70.2,2342,1476,42,44,95.5,42,46,91.3,21,59,35.6,0,0.0,0.0,0.0,0,2,0,0,0,Matches,,,,,,,,,
283,Massimo Luongo,au AUS,MF,Ipswich Town,32-123,1992,1.9,39,53,73.6,551,135,24,27,88.9,11,16,68.8,2,6,33.3,0,0.0,0.0,0.0,0,1,0,0,5,Matches,,,,,,,,,
284,Ian Maatsen,nl NED,DF,Aston Villa,22-322,2002,4.0,205,255,80.4,3342,980,103,120,85.8,86,103,83.5,12,17,70.6,1,1.3,1.3,-0.3,10,8,7,1,16,Matches,,,,,,,,,
285,Alexis Mac Allister,ar ARG,MF,Liverpool,26-033,1998,17.4,821,952,86.2,12960,3590,429,477,89.9,315,351,89.7,53,72,73.6,3,3.4,3.7,-0.4,30,79,26,1,117,Matches,,,,,,,,,
286,James Maddison,eng ENG,MF,Tottenham,28-064,1996,14.4,732,907,80.7,11885,3633,356,394,90.4,298,347,85.9,52,119,43.7,4,2.7,4.5,+1.3,26,82,27,5,118,Matches,,,,,,,,,
287,Noni Madueke,eng ENG,FW,Chelsea,22-322,2002,15.3,351,451,77.8,5128,1245,220,252,87.3,99,132,75.0,18,30,60.0,3,3.1,2.3,-0.1,21,8,25,5,48,Matches,,,,,,,,,
288,Gabriel Magalhães,br BRA,DF,Arsenal,27-038,1997,20.1,1132,1258,90.0,19935,6091,460,477,96.4,590,625,94.4,72,131,55.0,1,0.8,1.0,+0.2,11,111,6,0,90,Matches,,,,,,,,,
289,Edmond-Paris Maghoma,eng ENG,MF,Brentford,23-263,2001,0.9,46,50,92.0,733,190,25,26,96.2,15,16,93.8,4,5,80.0,0,0.0,0.0,0.0,0,2,0,0,8,Matches,,,,,,,,,
290,Harry Maguire,eng ENG,DF,Manchester Utd,31-327,1993,10.1,520,605,86.0,9594,3419,200,219,91.3,268,293,91.5,43,75,57.3,0,0.2,0.2,-0.2,4,30,2,0,29,Matches,,,,,,,,,
291,Kobbie Mainoo,eng ENG,MF,Manchester Utd,19-282,2005,13.4,562,648,86.7,7553,1909,357,388,92.0,142,160,88.8,26,35,74.3,0,1.3,1.0,-1.3,12,42,8,0,49,Matches,,,,,,,,,
292,Tyrell Malacia,nl NED,DF,Manchester Utd,25-162,1999,1.0,47,53,88.7,598,223,31,33,93.9,11,12,91.7,2,2,100.0,0,0.0,0.0,0.0,1,6,1,0,2,Matches,,,,,,,,,
293,Orel Mangala,be BEL,MF,Everton,26-314,1998,14.0,437,490,89.2,7019,1566,217,240,90.4,189,199,95.0,23,30,76.7,0,0.6,0.6,-0.6,8,50,8,1,34,Matches,,,,,,,,,
294,Ryan Manning,ie IRL,DF,Southampton,28-226,1996,8.5,321,399,80.5,5401,1447,158,169,93.5,132,156,84.6,24,48,50.0,0,1.3,1.6,-1.3,16,7,6,6,8,Matches,,,,,,,,,
295,Solly March,eng ENG,"MF,DF",Brighton,30-190,1994,0.3,7,15,46.7,104,47,4,5,80.0,3,7,42.9,0,3,0.0,0,0.0,0.0,0.0,0,0,0,0,0,Matches,,,,,,,,,
296,Omar Marmoush,eg EGY,FW,Manchester City,25-354,1999,0.8,11,13,84.6,176,28,6,7,85.7,4,4,100.0,1,2,50.0,0,0.2,0.0,-0.2,1,1,2,1,1,Matches,,,,,,,,,
297,Gabriel Martinelli,br BRA,"FW,MF",Arsenal,23-222,2001,15.2,294,424,69.3,4250,843,188,235,80.0,85,125,68.0,14,27,51.9,2,2.7,3.1,-0.7,23,5,18,8,26,Matches,,,,,,,,,
298,Emiliano Martínez,ar ARG,GK,Aston Villa,32-146,1992,21.5,663,817,81.2,17648,10533,107,110,97.3,388,394,98.5,168,308,54.5,0,0.0,0.0,0.0,0,12,0,0,1,Matches,,,,,,,,,
299,Lisandro Martínez,ar ARG,DF,Manchester Utd,27-008,1998,17.6,1086,1214,89.5,18375,6369,469,498,94.2,548,588,93.2,59,107,55.1,1,1.1,1.2,-0.1,9,79,15,2,100,Matches,,,,,,,,,
300,Pape Matar Sarr,sn SEN,MF,Tottenham,22-134,2002,13.1,626,717,87.3,9844,2376,332,366,90.7,244,268,91.0,35,44,79.5,2,1.3,0.5,+0.7,9,69,7,2,62,Matches,,,,,,,,,
Rk,Player,Nation,Pos,Squad,Age,Born,90s,Cmp,Att,Cmp%,TotDist,PrgDist,Cmp,Att,Cmp%,Cmp,Att,Cmp%,Cmp,Att,Cmp%,Ast,xAG,xA,A-xAG,KP,1/3,PPA,CrsPA,PrgP,Matches,,,,,,,,,
301,Jean-Philippe Mateta,fr FRA,FW,Crystal Palace,27-212,1997,18.7,192,293,65.5,2512,639,121,156,77.6,56,88,63.6,3,14,21.4,1,2.0,1.2,-1.0,20,22,8,0,32,Matches,,,,,,,,,
302,Stephy Mavididi,eng ENG,FW,Leicester City,26-240,1998,14.2,357,472,75.6,4865,1221,216,237,91.1,100,145,69.0,14,32,43.8,1,2.4,3.1,-1.4,18,26,22,5,51,Matches,,,,,,,,,
303,Konstantinos Mavropanos,gr GRE,DF,West Ham,27-046,1997,15.4,715,841,85.0,14224,4874,227,252,90.1,408,448,91.1,74,120,61.7,0,0.5,0.4,-0.5,4,45,4,1,45,Matches,,,,,,,,,
304,Noussair Mazraoui,ma MAR,DF,Manchester Utd,27-073,1997,18.7,964,1133,85.1,14457,5090,544,599,90.8,358,403,88.8,41,76,53.9,1,0.5,1.2,+0.5,10,81,10,3,75,Matches,,,,,,,,,
305,Bryan Mbeumo,cm CMR,FW,Brentford,25-172,1999,21.9,518,762,68.0,8251,2521,282,348,81.0,189,255,74.1,38,104,36.5,3,5.4,5.1,-2.4,43,32,36,9,87,Matches,,,,,,,,,
306,James Mcatee,eng ENG,"MF,FW",Manchester City,22-100,2002,0.8,39,46,84.8,613,81,20,24,83.3,18,20,90.0,1,2,50.0,0,0.0,0.0,0.0,0,3,0,0,3,Matches,,,,,,,,,
307,Kasey McAteer,ie IRL,"FW,MF",Leicester City,23-065,2001,4.3,91,131,69.5,1285,308,60,71,84.5,25,35,71.4,4,8,50.0,1,0.4,0.2,+0.6,5,6,3,1,8,Matches,,,,,,,,,
308,Alex McCarthy,eng ENG,GK,Southampton,35-054,1989,5.0,117,157,74.5,2782,1930,41,43,95.3,46,50,92.0,29,61,47.5,0,0.0,0.0,0.0,0,4,0,0,0,Matches,,,,,,,,,
309,John McGinn,sct SCO,"FW,MF",Aston Villa,30-100,1994,13.9,315,395,79.7,5473,1650,145,162,89.5,128,159,80.5,37,54,68.5,3,2.5,2.0,+0.5,21,30,23,7,57,Matches,,,,,,,,,
310,Dwight McNeil,eng ENG,"MF,FW",Everton,25-065,1999,12.7,377,514,73.3,7168,2464,170,197,86.3,135,166,81.3,64,119,53.8,3,3.5,4.0,-0.5,32,33,32,10,60,Matches,,,,,,,,,
311,Scott McTominay,sct SCO,MF,Manchester Utd,28-049,1996,0.2,10,10,100.0,186,99,5,5,100.0,3,3,100.0,2,2,100.0,0,0.0,0.0,0.0,0,2,0,0,1,Matches,,,,,,,,,
312,Ben Mee,eng ENG,DF,Brentford,35-127,1989,2.0,93,119,78.2,1751,688,34,38,89.5,51,59,86.4,8,20,40.0,0,0.0,0.0,0.0,0,10,0,0,11,Matches,,,,,,,,,
313,Jayden Meghoma,eng ENG,DF,Brentford,18-212,2006,0.1,3,3,100.0,28,7,3,3,100.0,0,0,,0,0,,0,0.0,0.0,0.0,0,0,0,0,0,Matches,,,,,,,,,
314,Mikel Merino,es ESP,MF,Arsenal,28-218,1996,8.4,275,351,78.3,3836,1127,174,198,87.9,83,106,78.3,9,19,47.4,1,0.9,0.7,+0.1,8,23,15,2,42,Matches,,,,,,,,,
315,Nikola Milenković,rs SRB,DF,Nott'ham Forest,27-106,1997,22.0,488,596,81.9,9694,3635,159,185,85.9,261,297,87.9,61,93,65.6,1,0.2,0.3,+0.8,4,35,1,0,35,Matches,,,,,,,,,
316,Lewis Miley,eng ENG,MF,Newcastle Utd,18-270,2006,0.4,43,44,97.7,581,95,26,26,100.0,13,13,100.0,2,2,100.0,0,0.0,0.0,0.0,0,3,0,0,3,Matches,,,,,,,,,
317,James Milner,eng ENG,MF,Brighton,39-022,1986,1.9,55,73,75.3,899,347,26,28,92.9,23,30,76.7,4,10,40.0,0,0.2,0.2,-0.2,4,3,1,1,10,Matches,,,,,,,,,
318,Tyrone Mings,eng ENG,DF,Aston Villa,31-319,1993,4.8,253,293,86.3,4726,1746,88,97,90.7,145,154,94.2,19,38,50.0,0,0.2,0.1,-0.2,2,20,4,0,17,Matches,,,,,,,,,
319,Yankuba Minteh,gm GAM,"FW,MF",Brighton,20-188,2004,8.3,135,227,59.5,2242,726,72,98,73.5,46,66,69.7,13,32,40.6,2,2.7,2.5,-0.7,13,7,14,3,18,Matches,,,,,,,,,
320,Tyrick Mitchell,eng ENG,DF,Crystal Palace,25-147,1999,21.3,662,908,72.9,10700,4148,348,414,84.1,266,353,75.4,36,85,42.4,3,3.6,2.7,-0.6,25,35,23,12,46,Matches,,,,,,,,,
321,Kaoru Mitoma,jp JPN,"FW,MF",Brighton,27-251,1997,20.5,538,707,76.1,7193,1568,356,410,86.8,141,193,73.1,20,44,45.5,3,4.3,3.4,-1.3,32,25,24,6,66,Matches,,,,,,,,,
322,Jakub Moder,pl POL,MF,Brighton,25-294,1999,0.1,18,22,81.8,254,82,10,14,71.4,8,8,100.0,0,0,,0,0.2,0.5,-0.2,3,0,1,1,4,Matches,,,,,,,,,
323,Mikey Moore,eng ENG,"FW,MF",Tottenham,17-168,2007,1.1,25,37,67.6,303,105,14,14,100.0,6,11,54.5,1,3,33.3,1,0.2,0.4,+0.8,1,1,4,1,5,Matches,,,,,,,,,
324,Morato,br BRA,DF,Nott'ham Forest,23-210,2001,4.9,91,135,67.4,1374,741,46,54,85.2,39,49,79.6,2,17,11.8,0,0.0,0.0,0.0,0,4,0,0,9,Matches,,,,,,,,,
325,Álex Moreno,es ESP,DF,Nott'ham Forest,31-232,1993,9.0,257,360,71.4,3799,1502,156,181,86.2,78,120,65.0,12,35,34.3,1,1.0,0.8,0.0,4,20,7,1,29,Matches,,,,,,,,,
Rk,Player,Nation,Pos,Squad,Age,Born,90s,Cmp,Att,Cmp%,TotDist,PrgDist,Cmp,Att,Cmp%,Cmp,Att,Cmp%,Cmp,Att,Cmp%,Ast,xAG,xA,A-xAG,KP,1/3,PPA,CrsPA,PrgP,Matches,,,,,,,,,
326,Sam Morsy,eg EGY,MF,Ipswich Town,33-138,1991,20.1,863,989,87.3,13704,3651,464,499,93.0,321,352,91.2,56,85,65.9,1,0.6,1.0,+0.4,13,107,10,2,78,Matches,,,,,,,,,
327,Yerson Mosquera,co COL,DF,Wolves,23-269,2001,4.9,205,240,85.4,3996,1184,66,73,90.4,115,123,93.5,22,35,62.9,0,0.1,0.0,-0.1,2,16,1,1,7,Matches,,,,,,,,,
328,Mason Mount,eng ENG,"MF,FW",Manchester Utd,26-016,1999,2.7,76,95,80.0,1124,241,43,49,87.8,21,27,77.8,5,9,55.6,0,0.1,0.1,-0.1,4,5,0,0,8,Matches,,,,,,,,,
329,Divin Mubama,eng ENG,FW,Manchester City,20-093,2004,0.3,2,3,66.7,44,18,1,1,100.0,0,0,,1,1,100.0,0,0.0,0.0,0.0,0,0,0,0,1,Matches,,,,,,,,,
330,Mykhailo Mudryk,ua UKR,FW,Chelsea,24-021,2001,1.7,28,42,66.7,431,165,17,24,70.8,10,15,66.7,1,2,50.0,0,1.0,0.5,-1.0,2,2,2,1,5,Matches,,,,,,,,,
331,Rodrigo Muniz,br BRA,FW,Fulham,23-267,2001,7.0,59,89,66.3,985,326,29,39,74.4,19,29,65.5,8,10,80.0,1,0.6,0.1,+0.4,6,9,2,0,18,Matches,,,,,,,,,
332,Daniel Muñoz,co COL,DF,Crystal Palace,28-245,1996,20.0,651,857,76.0,10060,2776,367,432,85.0,248,310,80.0,27,65,41.5,1,2.7,1.4,-1.7,27,32,17,8,52,Matches,,,,,,,,,
333,Arijanet Muric,xk KVX,GK,Ipswich Town,26-080,1998,17.0,425,595,71.4,11137,7902,114,114,100.0,197,203,97.0,113,272,41.5,0,0.0,0.0,0.0,0,13,0,0,1,Matches,,,,,,,,,
334,Murillo,br BRA,DF,Nott'ham Forest,22-206,2002,21.7,654,839,77.9,12556,5909,271,298,90.9,281,326,86.2,85,181,47.0,0,0.9,0.7,-0.9,10,57,7,0,64,Matches,,,,,,,,,
335,Jacob Murphy,eng ENG,FW,Newcastle Utd,29-337,1995,13.9,370,524,70.6,5569,1825,226,268,84.3,112,160,70.0,23,55,41.8,7,6.3,3.5,+0.7,27,32,21,5,48,Matches,,,,,,,,,
336,Vitaliy Mykolenko,ua UKR,DF,Everton,25-242,1999,19.3,546,729,74.9,9056,3621,271,307,88.3,225,295,76.3,40,95,42.1,0,0.8,0.7,-0.8,13,58,17,10,69,Matches,,,,,,,,,
337,Iliman Ndiaye,sn SEN,FW,Everton,24-326,2000,19.6,431,529,81.5,6713,1416,238,279,85.3,149,174,85.6,33,45,73.3,0,1.4,0.9,-1.4,14,30,11,5,36,Matches,,,,,,,,,
338,Wilfred Ndidi,ng NGA,MF,Leicester City,28-041,1996,13.5,430,534,80.5,6137,1597,237,272,87.1,139,165,84.2,22,42,52.4,4,1.4,1.1,+2.6,9,36,6,1,37,Matches,,,,,,,,,
339,Kosta Nedeljković,rs SRB,DF,Aston Villa,19-041,2005,1.3,36,42,85.7,678,134,16,17,94.1,16,20,80.0,4,5,80.0,0,0.0,0.0,0.0,0,4,0,0,3,Matches,,,,,,,,,
340,Reiss Nelson,eng ENG,FW,Arsenal,25-047,1999,0.0,0,0,,0,0,0,0,,0,0,,0,0,,0,0.0,0.0,0.0,0,0,0,0,0,Matches,,,,,,,,,
341,Reiss Nelson,eng ENG,FW,Fulham,25-047,1999,5.4,232,268,86.6,3429,761,136,147,92.5,77,91,84.6,12,19,63.2,1,1.0,1.0,0.0,13,7,15,3,35,Matches,,,,,,,,,
342,Neto,br BRA,GK,Bournemouth,35-191,1989,2.0,40,62,64.5,1183,896,7,7,100.0,21,21,100.0,12,33,36.4,0,0.0,0.0,0.0,0,2,0,0,0,Matches,,,,,,,,,
343,Pedro Neto,pt POR,FW,Chelsea,24-323,2000,12.1,328,422,77.7,5145,1065,167,185,90.3,125,151,82.8,23,53,43.4,2,2.6,2.3,-0.6,21,12,16,10,24,Matches,,,,,,,,,
344,Eddie Nketiah,eng ENG,"MF,FW",Crystal Palace,25-241,1999,6.8,116,159,73.0,1731,321,59,76,77.6,46,54,85.2,5,9,55.6,1,1.3,0.5,-0.3,10,10,1,0,11,Matches,,,,,,,,,
345,Christopher Nkunku,fr FRA,FW,Chelsea,27-073,1997,4.8,136,149,91.3,1809,333,82,90,91.1,44,46,95.7,2,2,100.0,1,1.7,0.4,-0.7,9,9,2,0,11,Matches,,,,,,,,,
346,Matheus Nunes,pt POR,"DF,MF",Manchester City,26-152,1998,8.9,463,549,84.3,7140,1380,262,293,89.4,166,195,85.1,28,39,71.8,4,2.9,2.1,+1.1,18,16,19,6,34,Matches,,,,,,,,,
347,Darwin Núñez,uy URU,FW,Liverpool,25-216,1999,8.9,106,152,69.7,1645,352,59,71,83.1,33,46,71.7,10,14,71.4,2,0.9,0.3,+1.1,6,7,0,0,17,Matches,,,,,,,,,
348,Ethan Nwaneri,eng ENG,"MF,FW",Arsenal,17-311,2007,3.2,99,124,79.8,1499,434,60,66,90.9,29,35,82.9,8,15,53.3,0,0.2,0.4,-0.2,4,8,3,1,11,Matches,,,,,,,,,
349,Christian Nørgaard,dk DEN,MF,Brentford,30-322,1994,17.3,660,796,82.9,10871,3583,335,376,89.1,274,320,85.6,40,66,60.6,2,0.5,0.5,+1.5,10,84,11,1,79,Matches,,,,,,,,,
350,Jake O'Brien,ie IRL,DF,Everton,23-256,2001,2.5,78,100,78.0,1431,555,37,38,97.4,31,40,77.5,10,16,62.5,0,0.1,0.0,-0.1,1,8,2,1,5,Matches,,,,,,,,,
Rk,Player,Nation,Pos,Squad,Age,Born,90s,Cmp,Att,Cmp%,TotDist,PrgDist,Cmp,Att,Cmp%,Cmp,Att,Cmp%,Cmp,Att,Cmp%,Ast,xAG,xA,A-xAG,KP,1/3,PPA,CrsPA,PrgP,Matches,,,,,,,,,
351,Matt O'Riley,dk DEN,MF,Brighton,24-066,2000,4.7,140,177,79.1,2083,505,74,81,91.4,44,53,83.0,11,27,40.7,1,1.1,1.1,-0.1,10,12,3,0,18,Matches,,,,,,,,,
352,Dara O'Shea,ie IRL,DF,Ipswich Town,25-328,1999,19.7,748,963,77.7,14459,6231,266,303,87.8,395,462,85.5,77,164,47.0,0,0.0,0.2,0.0,0,53,1,0,48,Matches,,,,,,,,,
353,Wilson Odobert,fr FRA,FW,Tottenham,20-059,2004,1.8,59,78,75.6,728,105,42,46,91.3,14,20,70.0,0,1,0.0,0,0.1,0.1,-0.1,3,3,3,0,10,Matches,,,,,,,,,
354,Chiedozie Ogbene,ie IRL,FW,Ipswich Town,27-270,1997,2.6,32,43,74.4,415,27,20,24,83.3,8,10,80.0,1,1,100.0,0,0.1,0.0,-0.1,2,0,0,0,0,Matches,,,,,,,,,
355,Caleb Okoli,it ITA,DF,Leicester City,23-197,2001,8.9,404,469,86.1,6996,2917,184,201,91.5,184,203,90.6,30,53,56.6,0,0.0,0.1,0.0,0,14,0,0,24,Matches,,,,,,,,,
356,Robin Olsen,se SWE,GK,Aston Villa,35-018,1990,0.5,16,21,76.2,358,217,6,6,100.0,8,8,100.0,2,7,28.6,0,0.0,0.0,0.0,0,0,0,0,0,Matches,,,,,,,,,
357,Amadou Onana,be BEL,MF,Aston Villa,23-163,2001,11.5,426,482,88.4,6615,1540,211,224,94.2,188,207,90.8,15,21,71.4,0,0.1,0.2,-0.1,3,29,5,1,33,Matches,,,,,,,,,
358,André Onana,cm CMR,GK,Manchester Utd,28-299,1996,22.0,663,877,75.6,15471,9468,174,176,98.9,354,356,99.4,133,341,39.0,0,0.2,0.2,-0.2,1,20,0,0,1,Matches,,,,,,,,,
359,Paul Onuachu,ng NGA,FW,Southampton,30-243,1994,5.0,70,111,63.1,999,170,37,60,61.7,17,26,65.4,8,12,66.7,0,0.3,0.1,-0.3,5,5,0,0,6,Matches,,,,,,,,,
360,Frank Onyeka,ng NGA,MF,Brentford,27-025,1998,0.3,6,7,85.7,71,19,5,5,100.0,1,1,100.0,0,0,,0,0.0,0.0,0.0,0,0,1,0,1,Matches,,,,,,,,,
361,Lewis Orford,eng ENG,MF,West Ham,18-343,2006,0.4,29,33,87.9,496,50,11,13,84.6,16,17,94.1,1,2,50.0,0,0.0,0.0,0.0,1,1,0,0,0,Matches,,,,,,,,,
362,Stefan Ortega,de GER,GK,Manchester City,32-081,1992,8.0,260,301,86.4,5641,3890,83,84,98.8,123,125,98.4,52,88,59.1,0,0.0,0.0,0.0,0,3,0,0,0,Matches,,,,,,,,,
363,William Osula,dk DEN,"FW,MF",Newcastle Utd,21-175,2003,0.5,3,6,50.0,41,19,1,3,33.3,1,2,50.0,0,0,,0,0.1,0.0,-0.1,1,0,1,0,1,Matches,,,,,,,,,
364,Dango Ouattara,bf BFA,FW,Bournemouth,22-350,2002,12.8,221,367,60.2,3524,1056,122,170,71.8,82,125,65.6,14,41,34.1,4,3.9,2.2,+0.1,19,10,14,5,25,Matches,,,,,,,,,
365,Nico O’Reilly,eng ENG,MF,Manchester City,19-311,2005,0.2,11,12,91.7,135,7,9,9,100.0,2,3,66.7,0,0,,0,0.0,0.0,0.0,0,0,0,0,0,Matches,,,,,,,,,
366,Cole Palmer,eng ENG,MF,Chelsea,22-265,2002,22.3,703,943,74.5,13608,3624,278,332,83.7,292,350,83.4,117,203,57.6,6,7.9,6.2,-1.9,61,101,44,11,131,Matches,,,,,,,,,
367,Emerson Palmieri,it ITA,DF,West Ham,30-176,1994,16.5,619,788,78.6,9144,3459,357,404,88.4,210,262,80.2,34,82,41.5,1,1.2,1.7,-0.2,14,36,8,4,43,Matches,,,,,,,,,
368,Lucas Paquetá,br BRA,MF,West Ham,27-152,1997,16.9,659,861,76.5,11023,3465,342,412,83.0,227,289,78.5,75,120,62.5,0,2.0,1.9,-2.0,23,81,25,1,85,Matches,,,,,,,,,
369,Thomas Partey,gh GHA,"MF,DF",Arsenal,31-227,1993,19.6,1055,1207,87.4,16930,4553,552,590,93.6,423,486,87.0,63,91,69.2,2,1.6,1.6,+0.4,12,95,24,2,118,Matches,,,,,,,,,
370,Nathan Patterson,sct SCO,"DF,FW",Everton,23-102,2001,1.4,58,80,72.5,988,455,30,31,96.8,21,35,60.0,6,11,54.5,0,0.3,0.3,-0.3,2,7,4,2,7,Matches,,,,,,,,,
371,Andreas Pereira,br BRA,MF,Fulham,29-025,1996,13.8,463,661,70.0,8342,2592,215,258,83.3,174,219,79.5,62,148,41.9,1,2.2,2.7,-1.2,36,44,15,4,73,Matches,,,,,,,,,
372,Ricardo Pereira,pt POR,DF,Leicester City,31-112,1993,1.6,76,88,86.4,1120,367,47,52,90.4,23,29,79.3,4,4,100.0,0,0.0,0.0,0.0,0,8,0,0,5,Matches,,,,,,,,,
373,Kalvin Phillips,eng ENG,MF,Ipswich Town,29-055,1995,9.6,320,399,80.2,6170,1699,129,150,86.0,144,170,84.7,44,68,64.7,0,0.1,0.3,-0.1,2,36,4,1,36,Matches,,,,,,,,,
374,Jaden Philogene Bidace,eng ENG,"FW,MF",Aston Villa,22-353,2002,3.7,63,86,73.3,850,161,40,49,81.6,18,21,85.7,2,3,66.7,0,0.3,0.2,-0.3,1,1,3,0,4,Matches,,,,,,,,,
375,Jaden Philogene Bidace,eng ENG,"FW,MF",Ipswich Town,22-353,2002,1.2,19,24,79.2,340,52,12,14,85.7,3,3,100.0,3,4,75.0,0,0.0,0.0,0.0,0,0,0,0,1,Matches,,,,,,,,,
Rk,Player,Nation,Pos,Squad,Age,Born,90s,Cmp,Att,Cmp%,TotDist,PrgDist,Cmp,Att,Cmp%,Cmp,Att,Cmp%,Cmp,Att,Cmp%,Ast,xAG,xA,A-xAG,KP,1/3,PPA,CrsPA,PrgP,Matches,,,,,,,,,
376,Jordan Pickford,eng ENG,GK,Everton,30-325,1994,22.0,589,926,63.6,19334,14836,85,86,98.8,245,247,99.2,258,583,44.3,0,0.0,0.1,0.0,1,48,5,0,0,Matches,,,,,,,,,
377,Ethan Pinnock,jm JAM,DF,Brentford,31-242,1993,16.0,712,845,84.3,13170,4709,270,286,94.4,375,425,88.2,62,114,54.4,0,1.2,0.6,-1.2,8,38,4,1,33,Matches,,,,,,,,,
378,Daniel Podence,pt POR,"MF,FW",Wolves,29-097,1995,0.5,11,16,68.8,132,78,7,7,100.0,3,3,100.0,0,2,0.0,0,0.0,0.0,0.0,0,1,1,0,2,Matches,,,,,,,,,
379,Alfie Pond,eng ENG,DF,Wolves,20-331,2004,0.0,1,1,100.0,23,0,0,0,,1,1,100.0,0,0,,0,0.0,0.0,0.0,0,0,0,0,0,Matches,,,,,,,,,
380,Nick Pope,eng ENG,GK,Newcastle Utd,32-282,1992,15.0,314,441,71.2,7842,4985,76,76,100.0,155,157,98.7,81,205,39.5,0,0.0,0.0,0.0,0,1,0,0,0,Matches,,,,,,,,,
381,Pedro Porro,es ESP,DF,Tottenham,25-135,1999,20.1,935,1271,73.6,15998,6213,476,540,88.1,347,443,78.3,88,202,43.6,4,2.2,2.4,+1.8,32,84,37,14,111,Matches,,,,,,,,,
382,Jarell Quansah,eng ENG,DF,Liverpool,21-363,2003,2.5,151,170,88.8,2579,885,57,59,96.6,86,96,89.6,5,10,50.0,0,0.0,0.1,0.0,0,9,0,0,6,Matches,,,,,,,,,
383,Hákon Rafn Valdimarsson,is ISL,GK,Brentford,23-105,2001,0.6,16,31,51.6,562,420,1,1,100.0,7,7,100.0,8,23,34.8,0,0.0,0.0,0.0,0,0,0,0,0,Matches,,,,,,,,,
384,Aaron Ramsdale,eng ENG,GK,Southampton,26-257,1998,15.0,431,637,67.7,11103,8547,136,136,100.0,167,177,94.4,122,316,38.6,0,0.0,0.0,0.0,0,18,1,0,0,Matches,,,,,,,,,
385,Jacob Ramsey,eng ENG,"FW,MF",Aston Villa,23-243,2001,9.8,291,343,84.8,3842,825,204,223,91.5,70,83,84.3,9,13,69.2,2,1.6,1.5,+0.4,9,14,8,0,35,Matches,,,,,,,,,
386,Marcus Rashford,eng ENG,"FW,MF",Manchester Utd,27-087,1997,10.9,253,343,73.8,3508,868,168,201,83.6,56,85,65.9,14,28,50.0,1,2.1,1.4,-1.1,15,13,16,8,21,Matches,,,,,,,,,
387,David Raya,es ESP,GK,Arsenal,29-133,1995,23.0,600,834,71.9,15351,10658,149,151,98.7,305,310,98.4,146,370,39.5,0,0.0,0.0,0.0,0,31,1,0,5,Matches,,,,,,,,,
388,Harrison Reed,eng ENG,MF,Fulham,29-365,1995,0.7,28,39,71.8,418,111,16,18,88.9,9,11,81.8,2,4,50.0,0,0.1,0.1,-0.1,1,0,1,0,3,Matches,,,,,,,,,
389,Remy Rees-Dottin,eng ENG,FW,Bournemouth,18-326,2006,0.0,0,0,,0,0,0,0,,0,0,,0,0,,0,0.0,0.0,0.0,0,0,0,0,0,Matches,,,,,,,,,
390,Sergio Reguilón,es ESP,DF,Tottenham,28-041,1996,1.0,52,74,70.3,820,306,26,34,76.5,24,33,72.7,2,5,40.0,0,0.0,0.2,0.0,1,7,2,1,8,Matches,,,,,,,,,
391,Bobby Reid,jm JAM,"FW,MF",Leicester City,31-359,1993,3.1,70,98,71.4,983,326,39,48,81.3,24,31,77.4,2,7,28.6,0,0.1,0.1,-0.1,1,5,3,0,9,Matches,,,,,,,,,
392,Chadi Riad,ma MAR,DF,Crystal Palace,21-223,2003,1.0,70,82,85.4,1411,568,24,28,85.7,38,41,92.7,8,13,61.5,0,0.0,0.0,0.0,0,8,1,0,7,Matches,,,,,,,,,
393,Declan Rice,eng ENG,MF,Arsenal,26-012,1999,18.3,863,1036,83.3,15188,4002,406,438,92.7,350,386,90.7,90,175,51.4,3,4.7,3.8,-1.7,34,85,22,3,125,Matches,,,,,,,,,
394,Chris Richards,us USA,DF,Crystal Palace,24-304,2000,8.9,342,416,82.2,6050,2144,144,162,88.9,166,182,91.2,29,56,51.8,0,0.0,0.0,0.0,1,13,0,0,21,Matches,,,,,,,,,
395,Richarlison,br BRA,FW,Tottenham,27-261,1997,1.6,34,50,68.0,509,172,18,20,90.0,9,17,52.9,4,6,66.7,1,0.9,0.6,+0.1,3,5,4,2,7,Matches,,,,,,,,,
396,Andrew Robertson,sct SCO,DF,Liverpool,30-321,1994,17.3,1076,1280,84.1,17995,5466,532,561,94.8,453,520,87.1,77,160,48.1,0,2.8,2.8,-2.8,29,105,21,13,122,Matches,,,,,,,,,
397,Antonee Robinson,us USA,DF,Fulham,27-171,1997,22.0,1022,1335,76.6,17622,6832,496,569,87.2,423,539,78.5,92,161,57.1,9,3.1,2.8,+5.9,31,80,44,23,83,Matches,,,,,,,,,
398,Rodri,es ESP,MF,Manchester City,28-218,1996,0.7,57,61,93.4,1056,250,25,26,96.2,24,27,88.9,7,7,100.0,0,0.0,0.1,0.0,1,3,1,0,4,Matches,,,,,,,,,
399,Guido Rodríguez,ar ARG,MF,West Ham,30-289,1994,11.3,419,497,84.3,7149,2000,201,230,87.4,180,197,91.4,32,50,64.0,0,0.1,0.1,-0.1,3,36,1,0,31,Matches,,,,,,,,,
400,Mads Roerslev,dk DEN,DF,Brentford,25-216,1999,11.2,394,501,78.6,6452,2051,192,220,87.3,165,207,79.7,26,47,55.3,2,3.0,2.0,-1.0,13,33,9,3,47,Matches,,,,,,,,,
Rk,Player,Nation,Pos,Squad,Age,Born,90s,Cmp,Att,Cmp%,TotDist,PrgDist,Cmp,Att,Cmp%,Cmp,Att,Cmp%,Cmp,Att,Cmp%,Ast,xAG,xA,A-xAG,KP,1/3,PPA,CrsPA,PrgP,Matches,,,,,,,,,
401,Morgan Rogers,eng ENG,"MF,FW",Aston Villa,22-184,2002,19.3,381,513,74.3,5457,1917,215,260,82.7,113,149,75.8,27,33,81.8,4,4.4,3.0,-0.4,29,40,34,0,71,Matches,,,,,,,,,
402,Cristian Romero,ar ARG,DF,Tottenham,26-274,1998,10.8,793,880,90.1,14806,5799,275,298,92.3,451,477,94.5,57,85,67.1,0,0.5,0.7,-0.5,6,85,7,1,48,Matches,,,,,,,,,
403,Georginio Rutter,fr FRA,"FW,MF",Brighton,22-281,2002,13.1,173,262,66.0,2494,828,105,135,77.8,52,80,65.0,9,15,60.0,2,1.5,1.3,+0.5,12,23,14,1,50,Matches,,,,,,,,,
404,José Sá,pt POR,GK,Wolves,32-009,1993,16.0,323,529,61.1,8649,6166,65,66,98.5,172,177,97.2,85,284,29.9,0,0.1,0.0,-0.1,2,13,1,0,2,Matches,,,,,,,,,
405,Bukayo Saka,eng ENG,"FW,MF",Arsenal,23-143,2001,14.1,406,546,74.4,6315,1918,238,265,89.8,119,163,73.0,36,77,46.8,10,5.8,5.6,+4.2,42,11,28,9,53,Matches,,,,,,,,,
406,Mohamed Salah,eg EGY,FW,Liverpool,32-225,1992,21.6,503,712,70.6,7727,2240,284,343,82.8,168,237,70.9,37,63,58.7,13,9.2,5.4,+3.8,50,33,61,10,87,Matches,,,,,,,,,
407,William Saliba,fr FRA,DF,Arsenal,23-308,2001,20.3,1393,1481,94.1,24250,7206,582,605,96.2,725,758,95.6,82,100,82.0,0,0.5,0.8,-0.5,4,106,3,0,70,Matches,,,,,,,,,
408,Robert Sánchez,es ESP,GK,Chelsea,27-069,1997,21.0,627,857,73.2,14583,9560,161,162,99.4,328,341,96.2,135,344,39.2,0,0.0,0.0,0.0,0,13,1,0,1,Matches,,,,,,,,,
409,Jadon Sancho,eng ENG,FW,Chelsea,24-307,2000,11.8,410,489,83.8,5474,1241,264,291,90.7,123,144,85.4,9,17,52.9,4,2.6,2.2,+1.4,22,17,27,0,56,Matches,,,,,,,,,
410,Ibrahim Sangaré,ci CIV,MF,Nott'ham Forest,27-055,1997,2.4,86,113,76.1,1305,411,48,56,85.7,32,41,78.0,5,9,55.6,0,0.0,0.1,0.0,1,5,1,0,8,Matches,,,,,,,,,
411,Pablo Sarabia,es ESP,"MF,FW",Wolves,32-260,1992,3.9,115,173,66.5,1941,672,50,62,80.6,46,59,78.0,11,27,40.7,0,0.5,0.5,-0.5,4,13,9,0,26,Matches,,,,,,,,,
412,Jeremy Sarmiento,ec ECU,MF,Brighton,22-224,2002,0.1,6,6,100.0,74,1,4,4,100.0,2,2,100.0,0,0,,0,0.0,0.0,0.0,0,0,0,0,0,Matches,,,,,,,,,
413,Ismaila Sarr,sn SEN,"MF,FW",Crystal Palace,26-336,1998,15.9,265,402,65.9,3998,1116,142,191,74.3,106,151,70.2,11,24,45.8,3,4.7,3.7,-1.7,24,13,23,3,46,Matches,,,,,,,,,
414,Sávio,br BRA,"FW,MF",Manchester City,20-291,2004,12.0,424,536,79.1,6093,1173,275,309,89.0,122,160,76.3,18,34,52.9,5,4.9,4.6,+0.1,29,9,37,7,49,Matches,,,,,,,,,
415,Oliver Scarles,eng ENG,"DF,FW",West Ham,19-045,2005,0.9,30,43,69.8,518,110,11,15,73.3,19,22,86.4,0,4,0.0,0,0.0,0.0,0.0,0,0,1,0,3,Matches,,,,,,,,,
416,Kevin Schade,de GER,FW,Brentford,23-060,2001,11.0,127,218,58.3,1819,457,71,104,68.3,49,80,61.3,2,9,22.2,2,1.7,0.8,+0.3,7,17,5,0,20,Matches,,,,,,,,,
417,Fabian Schär,ch SUI,DF,Newcastle Utd,33-037,1991,17.8,954,1139,83.8,18767,7533,346,375,92.3,497,535,92.9,106,206,51.5,0,0.3,0.7,-0.3,3,93,8,0,63,Matches,,,,,,,,,
418,Jeffrey Schlupp,gh GHA,"MF,DF",Crystal Palace,32-034,1992,1.1,39,50,78.0,591,144,16,19,84.2,18,23,78.3,2,4,50.0,0,0.2,0.1,-0.2,3,4,2,0,5,Matches,,,,,,,,,
419,Alex Scott,eng ENG,MF,Bournemouth,21-158,2003,2.9,116,132,87.9,2046,749,55,60,91.7,52,55,94.5,9,12,75.0,0,0.2,0.2,-0.2,5,22,4,0,32,Matches,,,,,,,,,
420,Matz Sels,be BEL,GK,Nott'ham Forest,32-335,1992,23.0,309,597,51.8,12079,10576,45,45,100.0,85,87,97.7,179,458,39.1,0,0.0,0.1,0.0,0,27,2,0,1,Matches,,,,,,,,,
421,Nélson Semedo,pt POR,DF,Wolves,31-071,1993,17.9,616,763,80.7,9826,2916,324,357,90.8,243,288,84.4,41,80,51.3,3,2.2,1.0,+0.8,16,48,10,6,39,Matches,,,,,,,,,
422,Antoine Semenyo,gh GHA,FW,Bournemouth,25-019,2000,21.4,479,661,72.5,6973,1738,285,337,84.6,156,205,76.1,21,61,34.4,3,4.0,3.0,-1.0,27,34,27,5,64,Matches,,,,,,,,,
423,Marcos Senesi,ar ARG,DF,Bournemouth,27-261,1997,10.2,440,578,76.1,9108,4764,163,187,87.2,204,237,86.1,71,144,49.3,0,0.4,0.5,-0.4,5,66,12,3,45,Matches,,,,,,,,,
424,Ryan Sessegnon,eng ENG,MF,Fulham,24-253,2000,0.1,1,4,25.0,7,0,1,3,33.3,0,0,,0,0,,0,0.0,0.0,0.0,0,0,0,0,0,Matches,,,,,,,,,
425,Luke Shaw,eng ENG,DF,Manchester Utd,29-198,1995,0.8,89,101,88.1,1503,573,48,50,96.0,34,38,89.5,7,11,63.6,0,0.0,0.0,0.0,0,6,0,0,6,Matches,,,,,,,,,
Rk,Player,Nation,Pos,Squad,Age,Born,90s,Cmp,Att,Cmp%,TotDist,PrgDist,Cmp,Att,Cmp%,Cmp,Att,Cmp%,Cmp,Att,Cmp%,Ast,xAG,xA,A-xAG,KP,1/3,PPA,CrsPA,PrgP,Matches,,,,,,,,,
426,Zain Silcott-Duberry,ms MSR,FW,Bournemouth,19-201,2005,0.0,1,2,50.0,25,0,0,0,,1,1,100.0,0,0,,0,0.0,0.0,0.0,0,0,0,0,0,Matches,,,,,,,,,
427,Bernardo Silva,pt POR,"MF,FW",Manchester City,30-169,1994,20.3,999,1158,86.3,15102,2795,570,621,91.8,361,415,87.0,49,74,66.2,4,4.0,3.2,0.0,38,53,21,6,86,Matches,,,,,,,,,
428,Jota Silva,pt POR,"FW,MF",Nott'ham Forest,25-178,1999,7.7,92,156,59.0,1252,375,54,72,75.0,27,45,60.0,4,12,33.3,1,2.5,1.7,-1.5,12,2,7,3,12,Matches,,,,,,,,,
429,Eric da Silva Moreira,de GER,"MF,DF",Nott'ham Forest,18-268,2006,0.3,7,8,87.5,86,7,6,7,85.7,1,1,100.0,0,0,,0,0.0,0.0,0.0,0,0,0,0,0,Matches,,,,,,,,,
430,Jahmai Simpson-Pusey,eng ENG,DF,Manchester City,19-083,2005,1.1,107,115,93.0,1754,549,47,49,95.9,57,59,96.6,3,7,42.9,0,0.0,0.0,0.0,0,3,0,0,3,Matches,,,,,,,,,
431,Luis Sinisterra,co COL,"FW,MF",Bournemouth,25-223,1999,2.3,54,70,77.1,789,117,33,35,94.3,17,26,65.4,3,3,100.0,1,1.0,0.9,0.0,9,4,1,1,3,Matches,,,,,,,,,
432,Oliver Skipp,eng ENG,MF,Leicester City,24-132,2000,8.4,293,343,85.4,4411,1105,150,169,88.8,115,124,92.7,14,22,63.6,0,0.2,0.3,-0.2,8,23,4,0,22,Matches,,,,,,,,,
433,William Smallbone,ie IRL,MF,Southampton,24-340,2000,3.2,109,149,73.2,1591,216,56,67,83.6,46,57,80.7,2,14,14.3,0,0.3,0.5,-0.3,3,4,1,1,9,Matches,,,,,,,,,
434,Adam Smith,eng ENG,DF,Bournemouth,33-272,1991,11.5,312,407,76.7,5134,1780,149,171,87.1,137,171,80.1,19,50,38.0,0,0.1,0.1,-0.1,3,31,3,1,31,Matches,,,,,,,,,
435,Emile Smith Rowe,eng ENG,MF,Fulham,24-182,2000,14.2,596,660,90.3,8560,1667,346,372,93.0,223,234,95.3,14,20,70.0,2,1.0,1.4,+1.0,17,53,9,1,85,Matches,,,,,,,,,
436,Dominic Solanke,eng ENG,FW,Tottenham,27-134,1997,17.8,200,283,70.7,2675,744,122,165,73.9,50,65,76.9,10,16,62.5,3,2.6,1.1,+0.4,12,22,9,0,37,Matches,,,,,,,,,
437,Carlos Soler,es ESP,"MF,FW",West Ham,28-024,1997,9.3,360,426,84.5,5743,1620,190,199,95.5,137,165,83.0,23,41,56.1,1,1.0,1.0,0.0,10,30,8,0,39,Matches,,,,,,,,,
438,Ramón Sosa,py PAR,"FW,MF",Nott'ham Forest,25-148,1999,2.7,54,79,68.4,850,244,26,39,66.7,19,26,73.1,5,7,71.4,0,0.4,0.3,-0.4,7,2,4,2,4,Matches,,,,,,,,,
439,Tomáš Souček,cz CZE,MF,West Ham,29-334,1995,16.9,418,574,72.8,7114,2099,202,259,78.0,167,222,75.2,40,58,69.0,1,1.0,1.0,0.0,13,42,7,1,47,Matches,,,,,,,,,
440,Boubakary Soumaré,fr FRA,MF,Leicester City,25-334,1999,11.3,560,644,87.0,8231,2336,314,338,92.9,212,243,87.2,14,22,63.6,0,0.1,0.5,-0.1,3,51,6,1,46,Matches,,,,,,,,,
441,Djed Spence,eng ENG,DF,Tottenham,24-170,2000,6.6,382,444,86.0,5353,1389,230,243,94.7,129,153,84.3,9,17,52.9,1,0.9,0.5,+0.1,4,33,5,2,33,Matches,,,,,,,,,
442,Jay Stansfield,eng ENG,MF,Fulham,22-063,2002,0.0,0,0,,0,0,0,0,,0,0,,0,0,,0,0.0,0.0,0.0,0,0,0,0,0,Matches,,,,,,,,,
443,Jason Steele,eng ENG,GK,Brighton,34-161,1990,2.0,101,112,90.2,2321,1556,21,21,100.0,63,65,96.9,17,26,65.4,0,0.0,0.0,0.0,0,0,0,0,0,Matches,,,,,,,,,
444,Jack Stephens,eng ENG,DF,Southampton,30-365,1994,8.8,576,619,93.1,9819,2898,231,248,93.1,314,330,95.2,19,24,79.2,0,0.1,0.2,-0.1,2,40,5,0,43,Matches,,,,,,,,,
445,Raheem Sterling,eng ENG,"FW,MF",Arsenal,30-049,1994,2.4,71,92,77.2,858,169,49,56,87.5,18,26,69.2,1,2,50.0,1,0.2,0.1,+0.8,3,2,3,0,12,Matches,,,,,,,,,
446,Ross Stewart,sct SCO,"FW,MF",Southampton,28-199,1996,1.5,36,45,80.0,527,59,16,19,84.2,17,19,89.5,0,1,0.0,0,0.0,0.0,0.0,0,1,1,0,1,Matches,,,,,,,,,
447,Jakub Stolarczyk,pl POL,GK,Leicester City,24-038,2000,5.0,132,184,71.7,3383,2517,43,43,100.0,44,45,97.8,44,95,46.3,0,0.0,0.0,0.0,0,2,0,0,1,Matches,,,,,,,,,
448,John Stones,eng ENG,"DF,MF",Manchester City,30-243,1994,4.1,253,281,90.0,4461,1166,116,125,92.8,110,121,90.9,23,28,82.1,0,0.1,0.1,-0.1,2,32,0,0,19,Matches,,,,,,,,,
449,Jørgen Strand Larsen,no NOR,FW,Wolves,24-355,2000,20.4,182,294,61.9,2392,450,112,165,67.9,43,71,60.6,10,13,76.9,2,1.6,0.6,+0.4,14,11,3,1,18,Matches,,,,,,,,,
450,Yukinari Sugawara,jp JPN,DF,Southampton,24-212,2000,12.8,568,703,80.8,9136,2747,296,333,88.9,228,273,83.5,34,63,54.0,1,2.2,1.8,-1.2,16,40,20,8,58,Matches,,,,,,,,,
Rk,Player,Nation,Pos,Squad,Age,Born,90s,Cmp,Att,Cmp%,TotDist,PrgDist,Cmp,Att,Cmp%,Cmp,Att,Cmp%,Cmp,Att,Cmp%,Ast,xAG,xA,A-xAG,KP,1/3,PPA,CrsPA,PrgP,Matches,,,,,,,,,
451,Kamaldeen Sulemana,gh GHA,"FW,MF",Southampton,22-346,2002,3.2,78,92,84.8,1213,148,49,53,92.5,23,28,82.1,6,7,85.7,0,0.0,0.2,0.0,1,2,4,2,5,Matches,,,,,,,,,
452,Crysencio Summerville,nl NED,"FW,MF",West Ham,23-088,2001,8.7,194,254,76.4,2881,640,125,148,84.5,55,62,88.7,11,22,50.0,1,1.7,1.7,-0.7,17,13,12,5,18,Matches,,,,,,,,,
453,Sammie Szmodics,ie IRL,"FW,MF",Ipswich Town,29-124,1995,10.9,143,193,74.1,2382,702,67,77,87.0,53,63,84.1,15,29,51.7,0,0.2,0.5,-0.2,4,10,4,1,18,Matches,,,,,,,,,
454,Dominik Szoboszlai,hu HUN,MF,Liverpool,24-093,2000,15.2,684,801,85.4,10709,2178,369,414,89.1,222,250,88.8,59,80,73.8,2,3.0,2.8,-1.0,30,57,24,4,80,Matches,,,,,,,,,
455,Matt Targett,eng ENG,DF,Newcastle Utd,29-130,1995,0.1,7,7,100.0,84,11,5,5,100.0,2,2,100.0,0,0,,0,0.0,0.0,0.0,0,0,0,0,0,Matches,,,,,,,,,
456,James Tarkowski,eng ENG,DF,Everton,32-068,1992,21.9,695,857,81.1,14669,5602,228,265,86.0,346,378,91.5,114,180,63.3,0,1.9,1.7,-1.9,11,58,9,0,51,Matches,,,,,,,,,
457,Marcus Tavernier,eng ENG,"FW,MF",Bournemouth,25-310,1999,12.8,370,512,72.3,6267,1972,176,200,88.0,158,205,77.1,30,77,39.0,5,2.6,2.2,+2.4,31,45,23,7,73,Matches,,,,,,,,,
458,Charlie Taylor,eng ENG,DF,Southampton,31-130,1993,3.0,154,177,87.0,2691,691,63,67,94.0,77,86,89.5,12,17,70.6,0,0.1,0.1,-0.1,1,8,2,1,8,Matches,,,,,,,,,
459,Jack Taylor,ie IRL,MF,Ipswich Town,26-217,1998,4.5,196,236,83.1,3411,1007,94,105,89.5,82,96,85.4,16,26,61.5,0,0.5,0.7,-0.5,5,22,7,0,32,Matches,,,,,,,,,
460,Kenny Tete,nl NED,DF,Fulham,29-109,1995,14.0,576,706,81.6,9210,3032,303,331,91.5,208,260,80.0,46,72,63.9,2,0.7,0.5,+1.3,5,53,6,4,42,Matches,,,,,,,,,
461,Thiago,br BRA,FW,Brentford,23-214,2001,1.5,28,39,71.8,428,56,14,20,70.0,9,12,75.0,3,4,75.0,0,0.1,0.0,-0.1,2,1,1,0,2,Matches,,,,,,,,,
462,Luke Thomas,eng ENG,DF,Leicester City,23-230,2001,2.0,85,109,78.0,1261,407,47,49,95.9,33,43,76.7,4,13,30.8,0,0.1,0.1,-0.1,1,7,1,0,7,Matches,,,,,,,,,
463,Youri Tielemans,be BEL,MF,Aston Villa,27-264,1997,20.7,974,1201,81.1,16710,5925,454,509,89.2,423,485,87.2,83,163,50.9,4,4.3,3.9,-0.3,41,133,24,3,131,Matches,,,,,,,,,
464,Kieran Tierney,sct SCO,"FW,DF",Arsenal,27-235,1997,0.2,4,6,66.7,37,7,3,3,100.0,0,0,,0,1,0.0,0,0.3,0.2,-0.3,1,0,0,0,0,Matches,,,,,,,,,
465,Jurriën Timber,nl NED,DF,Arsenal,23-223,2001,18.5,776,910,85.3,11235,3307,439,479,91.6,304,359,84.7,19,35,54.3,1,0.7,1.0,+0.3,14,67,10,2,84,Matches,,,,,,,,,
466,Jean-Clair Todibo,fr FRA,DF,West Ham,25-027,1999,9.6,412,465,88.6,7717,2698,128,138,92.8,255,267,95.5,27,51,52.9,0,0.0,0.0,0.0,2,15,0,0,17,Matches,,,,,,,,,
467,Harry Toffolo,eng ENG,DF,Nott'ham Forest,29-160,1995,0.5,25,34,73.5,338,192,18,20,90.0,7,9,77.8,0,3,0.0,0,0.0,0.0,0.0,0,1,0,0,2,Matches,,,,,,,,,
468,Takehiro Tomiyasu,jp JPN,DF,Arsenal,26-082,1998,0.1,3,4,75.0,42,10,1,1,100.0,2,2,100.0,0,1,0.0,0,0.0,0.0,0.0,0,0,0,0,1,Matches,,,,,,,,,
469,Sandro Tonali,it ITA,MF,Newcastle Utd,24-263,2000,15.2,653,785,83.2,9942,2679,374,416,89.9,224,266,84.2,36,64,56.3,1,0.6,1.1,+0.4,9,59,12,2,64,Matches,,,,,,,,,
470,Pau Torres,es ESP,DF,Aston Villa,28-010,1997,17.2,936,1062,88.1,16190,6187,406,431,94.2,464,499,93.0,55,110,50.0,0,0.0,0.3,0.0,1,90,7,0,70,Matches,,,,,,,,,
471,Conor Townsend,eng ENG,"DF,MF",Ipswich Town,31-328,1993,0.5,18,29,62.1,327,147,9,10,90.0,7,9,77.8,2,9,22.2,0,0.2,0.1,-0.2,2,2,1,1,1,Matches,,,,,,,,,
472,Adama Traoré,es ESP,"FW,MF",Fulham,29-001,1996,11.2,251,349,71.9,3677,799,150,189,79.4,72,101,71.3,16,27,59.3,3,3.0,2.5,0.0,26,19,17,10,35,Matches,,,,,,,,,
473,Mark Travers,ie IRL,GK,Bournemouth,25-253,1999,5.0,100,142,70.4,3469,2692,6,6,100.0,51,53,96.2,43,83,51.8,0,0.0,0.0,0.0,0,3,0,0,0,Matches,,,,,,,,,
474,Ryan Trevitt,eng ENG,MF,Brentford,21-320,2003,0.0,4,7,57.1,73,23,1,2,50.0,3,3,100.0,0,0,,0,0.0,0.0,0.0,0,1,0,0,0,Matches,,,,,,,,,
475,Kieran Trippier,eng ENG,DF,Newcastle Utd,34-129,1990,5.7,454,548,82.8,7518,2415,235,250,94.0,180,207,87.0,31,71,43.7,0,0.2,0.5,-0.2,5,28,4,0,36,Matches,,,,,,,,,
Rk,Player,Nation,Pos,Squad,Age,Born,90s,Cmp,Att,Cmp%,TotDist,PrgDist,Cmp,Att,Cmp%,Cmp,Att,Cmp%,Cmp,Att,Cmp%,Ast,xAG,xA,A-xAG,KP,1/3,PPA,CrsPA,PrgP,Matches,,,,,,,,,
476,Leandro Trossard,be BEL,FW,Arsenal,30-053,1994,15.2,367,513,71.5,6295,1913,185,223,83.0,138,188,73.4,34,58,58.6,4,4.0,2.4,0.0,24,26,32,8,60,Matches,,,,,,,,,
477,Kostas Tsimikas,gr GRE,DF,Liverpool,28-259,1996,3.8,253,296,85.5,4160,1508,130,134,97.0,95,107,88.8,20,43,46.5,1,1.0,1.0,0.0,6,25,3,0,39,Matches,,,,,,,,,
478,Axel Tuanzebe,cd COD,DF,Ipswich Town,27-073,1997,9.9,318,388,82.0,4805,1856,178,201,88.6,120,146,82.2,14,24,58.3,0,0.2,0.1,-0.2,3,25,0,0,20,Matches,,,,,,,,,
479,Destiny Udogie,it ITA,DF,Tottenham,22-059,2002,15.9,762,868,87.8,10869,3547,435,472,92.2,285,315,90.5,16,21,76.2,1,1.3,1.1,-0.3,13,70,5,1,97,Matches,,,,,,,,,
480,Manuel Ugarte Ribeiro,uy URU,MF,Manchester Utd,23-290,2001,10.2,417,465,89.7,7173,1569,196,218,89.9,175,181,96.7,40,51,78.4,0,0.5,0.4,-0.5,6,33,3,1,33,Matches,,,,,,,,,
481,Lesley Ugochukwu,fr FRA,MF,Southampton,20-306,2004,7.4,270,312,86.5,4021,871,137,147,93.2,116,125,92.8,5,13,38.5,1,0.5,0.2,+0.5,5,33,4,1,29,Matches,,,,,,,,,
482,Enes Ünal,tr TUR,"FW,MF",Bournemouth,27-261,1997,3.8,63,99,63.6,685,192,40,52,76.9,17,28,60.7,0,1,0.0,1,0.4,0.3,+0.6,4,4,4,0,12,Matches,,,,,,,,,
483,Virgil van Dijk,nl NED,DF,Liverpool,33-202,1991,22.0,1587,1726,91.9,27999,11544,689,715,96.4,771,806,95.7,111,172,64.5,1,0.4,0.6,+0.6,8,153,3,0,98,Matches,,,,,,,,,
484,Jamie Vardy,eng ENG,FW,Leicester City,38-015,1987,18.2,156,230,67.8,2217,249,87,115,75.7,48,62,77.4,10,14,71.4,3,2.4,2.1,+0.6,13,7,7,1,15,Matches,,,,,,,,,
485,Renato Veiga,pt POR,"DF,MF",Chelsea,21-181,2003,2.0,118,139,84.9,2171,435,45,51,88.2,55,61,90.2,13,21,61.9,0,0.0,0.2,0.0,0,6,1,0,7,Matches,,,,,,,,,
486,Joël Veltman,nl NED,DF,Brighton,33-011,1992,16.3,639,807,79.2,10750,2839,320,356,89.9,258,324,79.6,54,88,61.4,0,0.5,1.3,-0.5,6,48,8,5,71,Matches,,,,,,,,,
487,Micky van de Ven,nl NED,DF,Tottenham,23-282,2001,8.8,589,645,91.3,11030,3317,180,196,91.8,369,383,96.3,35,53,66.0,2,1.2,0.7,+0.8,2,41,1,0,43,Matches,,,,,,,,,
488,Bart Verbruggen,nl NED,GK,Brighton,22-161,2002,21.0,639,804,79.5,15017,10330,192,193,99.5,294,299,98.3,150,305,49.2,0,0.0,0.0,0.0,0,9,1,0,2,Matches,,,,,,,,,
489,Jannik Vestergaard,dk DEN,DF,Leicester City,32-176,1992,12.3,711,780,91.2,11732,4731,335,352,95.2,331,354,93.5,36,59,61.0,0,0.0,0.1,0.0,1,27,1,0,22,Matches,,,,,,,,,
490,Guglielmo Vicario,it ITA,GK,Tottenham,28-111,1996,12.0,421,460,91.5,7911,4683,139,140,99.3,235,239,98.3,41,74,55.4,0,0.0,0.0,0.0,0,1,0,0,1,Matches,,,,,,,,,
491,Carlos Vinícius,br BRA,MF,Fulham,29-307,1995,0.0,0,1,0.0,0,0,0,1,0.0,0,0,,0,0,,0,0.0,0.0,0.0,0,0,0,0,0,Matches,,,,,,,,,
492,Kyle Walker,eng ENG,DF,Manchester City,34-243,1990,10.8,724,826,87.7,11928,3918,367,388,94.6,305,334,91.3,42,82,51.2,0,0.4,1.3,-0.4,7,63,7,4,64,Matches,,,,,,,,,
493,Kyle Walker-Peters,eng ENG,DF,Southampton,27-288,1997,20.8,1045,1177,88.8,15787,4470,577,614,94.0,415,463,89.6,36,54,66.7,2,2.5,2.0,-0.5,18,74,22,2,94,Matches,,,,,,,,,
494,Christian Walton,eng ENG,GK,Ipswich Town,29-078,1995,6.0,152,226,67.3,4170,2976,41,41,100.0,69,71,97.2,42,114,36.8,0,0.0,0.0,0.0,1,1,0,0,0,Matches,,,,,,,,,
495,Aaron Wan-Bissaka,eng ENG,DF,West Ham,27-061,1997,20.0,804,997,80.6,11495,4213,522,586,89.1,242,301,80.4,28,61,45.9,1,1.3,1.5,-0.3,19,61,15,5,79,Matches,,,,,,,,,
496,Danny Ward,wls WAL,GK,Leicester City,31-218,1993,1.5,41,53,77.4,1162,949,6,6,100.0,20,20,100.0,15,27,55.6,0,0.0,0.0,0.0,0,2,0,0,0,Matches,,,,,,,,,
497,James Ward-Prowse,eng ENG,MF,West Ham,30-086,1994,0.2,11,15,73.3,150,61,6,6,100.0,4,5,80.0,0,3,0.0,0,0.0,0.0,0.0,0,2,0,0,4,Matches,,,,,,,,,
498,James Ward-Prowse,eng ENG,MF,Nott'ham Forest,30-086,1994,4.4,145,182,79.7,2296,768,82,88,93.2,53,61,86.9,8,23,34.8,1,1.1,0.8,-0.1,4,16,2,0,16,Matches,,,,,,,,,
499,Ollie Watkins,eng ENG,FW,Aston Villa,29-027,1995,17.0,173,232,74.6,2106,380,110,139,79.1,47,55,85.5,3,5,60.0,4,2.2,1.3,+1.8,17,8,4,0,14,Matches,,,,,,,,,
500,Adam Webster,eng ENG,DF,Brighton,30-022,1995,1.9,162,179,90.5,3078,1216,52,55,94.5,95,99,96.0,12,19,63.2,0,0.0,0.1,0.0,0,16,0,0,20,Matches,,,,,,,,,
Rk,Player,Nation,Pos,Squad,Age,Born,90s,Cmp,Att,Cmp%,TotDist,PrgDist,Cmp,Att,Cmp%,Cmp,Att,Cmp%,Cmp,Att,Cmp%,Ast,xAG,xA,A-xAG,KP,1/3,PPA,CrsPA,PrgP,Matches,,,,,,,,,
501,Danny Welbeck,eng ENG,FW,Brighton,34-061,1990,14.3,251,299,83.9,3052,638,155,182,85.2,62,72,86.1,7,7,100.0,2,0.5,0.5,+1.5,12,11,9,0,32,Matches,,,,,,,,,
502,Timo Werner,de GER,"FW,MF",Tottenham,28-326,1996,5.6,155,233,66.5,2327,585,79,96,82.3,59,84,70.2,7,18,38.9,3,2.5,1.5,+0.5,10,3,15,2,29,Matches,,,,,,,,,
503,Adam Wharton,eng ENG,MF,Crystal Palace,20-238,2004,6.9,285,362,78.7,5362,1871,108,125,86.4,138,160,86.3,34,59,57.6,0,0.6,0.6,-0.6,8,39,11,2,61,Matches,,,,,,,,,
504,Ben White,eng ENG,DF,Arsenal,27-110,1997,7.7,294,352,83.5,4830,1659,150,164,91.5,123,142,86.6,14,32,43.8,1,0.4,0.4,+0.6,3,27,6,1,30,Matches,,,,,,,,,
505,Mats Wieffer,nl NED,MF,Brighton,25-071,1999,5.2,288,334,86.2,4795,1331,131,142,92.3,127,143,88.8,21,28,75.0,1,0.6,0.2,+0.4,5,29,1,0,34,Matches,,,,,,,,,
506,Neco Williams,wls WAL,DF,Nott'ham Forest,23-288,2001,13.8,367,492,74.6,5570,2382,222,248,89.5,114,163,69.9,20,46,43.5,1,0.6,0.5,+0.4,7,25,12,4,39,Matches,,,,,,,,,
507,Joe Willock,eng ENG,"MF,FW",Newcastle Utd,25-159,1999,6.6,168,206,81.6,2341,504,108,122,88.5,54,65,83.1,4,10,40.0,1,1.4,0.6,-0.4,13,15,4,0,24,Matches,,,,,,,,,
508,Callum Wilson,eng ENG,"FW,MF",Newcastle Utd,32-334,1992,0.7,6,8,75.0,63,0,2,2,100.0,2,2,100.0,0,0,,0,0.0,0.0,0.0,0,0,0,0,0,Matches,,,,,,,,,
509,Harry Wilson,wls WAL,"FW,MF",Fulham,27-310,1997,8.7,237,318,74.5,3976,1042,121,142,85.2,93,116,80.2,20,47,42.6,1,1.0,0.9,0.0,17,19,11,0,39,Matches,,,,,,,,,
510,Harry Winks,eng ENG,MF,Leicester City,28-359,1996,14.2,739,847,87.2,11330,4200,390,420,92.9,289,318,90.9,34,62,54.8,2,1.1,1.5,+0.9,14,89,6,4,82,Matches,,,,,,,,,
511,Ben Winterburn,eng ENG,MF,Bournemouth,20-144,2004,0.1,1,2,50.0,21,16,0,1,0.0,1,1,100.0,0,0,,0,0.0,0.0,0.0,0,0,0,0,0,Matches,,,,,,,,,
512,Yoane Wissa,cd COD,FW,Brentford,28-145,1996,16.5,266,340,78.2,3881,866,161,188,85.6,79,101,78.2,16,28,57.1,2,1.3,0.8,+0.7,15,26,3,0,34,Matches,,,,,,,,,
513,Chris Wood,nz NZL,FW,Nott'ham Forest,33-050,1991,20.4,203,317,64.0,2750,617,130,186,69.9,49,78,62.8,11,16,68.8,2,1.5,0.4,+0.5,10,10,8,1,23,Matches,,,,,,,,,
514,Nathan Wood-Gordon,eng ENG,DF,Southampton,22-240,2002,6.4,346,370,93.5,5838,1446,148,155,95.5,178,184,96.7,16,23,69.6,0,0.0,0.0,0.0,1,10,0,0,16,Matches,,,,,,,,,
515,Luke Woolfenden,eng ENG,DF,Ipswich Town,26-097,1998,8.2,321,362,88.7,5746,2019,131,136,96.3,164,173,94.8,23,45,51.1,0,0.0,0.0,0.0,0,20,0,0,13,Matches,,,,,,,,,
516,Yehor Yarmoliuk,ua UKR,MF,Brentford,20-331,2004,6.9,274,332,82.5,4482,1067,145,174,83.3,98,116,84.5,23,26,88.5,0,0.2,0.3,-0.2,4,28,5,2,27,Matches,,,,,,,,,
517,Ryan Yates,eng ENG,MF,Nott'ham Forest,27-066,1997,16.2,484,579,83.6,6881,1390,270,305,88.5,162,183,88.5,21,35,60.0,0,0.7,0.4,-0.7,12,36,3,0,37,Matches,,,,,,,,,
518,Leny Yoro,fr FRA,DF,Manchester Utd,19-074,2005,4.7,255,278,91.7,4131,1299,123,127,96.9,120,126,95.2,10,19,52.6,0,0.0,0.0,0.0,0,15,0,0,18,Matches,,,,,,,,,
519,Ashley Young,eng ENG,DF,Everton,39-201,1985,16.4,570,804,70.9,10429,4784,277,314,88.2,220,285,77.2,68,171,39.8,3,1.4,1.5,+1.6,18,67,16,7,79,Matches,,,,,,,,,
520,Illia Zabarnyi,ua UKR,DF,Bournemouth,22-147,2002,23.0,888,1099,80.8,19034,7175,240,262,91.6,510,566,90.1,131,251,52.2,0,0.5,0.4,-0.5,9,88,5,0,84,Matches,,,,,,,,,
521,Oleksandr Zinchenko,ua UKR,"DF,MF",Arsenal,28-042,1996,2.7,169,209,80.9,2665,654,95,104,91.3,64,78,82.1,7,17,41.2,0,0.0,0.1,0.0,1,13,1,0,19,Matches,,,,,,,,,
522,Joshua Zirkzee,nl NED,"FW,MF",Manchester Utd,23-249,2001,9.2,175,245,71.4,2224,612,119,150,79.3,38,49,77.6,5,9,55.6,1,1.4,0.8,-0.4,11,15,5,0,27,Matches,,,,,,,,,
523,Martin Ødegaard,no NOR,MF,Arsenal,26-040,1998,13.3,609,731,83.3,9272,2723,342,372,91.9,221,251,88.0,31,63,49.2,3,2.4,3.3,+0.6,32,69,46,5,134,Matches,,,,,,,,,
