,Touches,Take-Ons,Carries,Receiving,,Rk,Player,Nation,Pos,Squad,Age,Born,90s,Touches,Def Pen,Def 3rd,Mid 3rd,Att 3rd,Att Pen,Live,Att,Succ,Succ%,Tkld,Tkld%,Carries,TotDist,PrgDist,PrgC,1/3,CPA,Mis,Dis,Rec,PrgR,Matches
1,Max Aarons,eng ENG,DF,Bournemouth,25-026,2000,1.0,73,2,19,40,15,0,73,2,0,0.0,1,50.0,41,152,68,1,0,0,1,0,40,3,Matches,,,,,,
2,Joshua Acheampong,eng ENG,DF,Chelsea,18-270,2006,1.8,124,7,43,75,6,3,124,2,1,50.0,0,0.0,96,650,377,0,2,0,2,0,100,0,Matches,,,,,,
3,Tyler Adams,us USA,MF,Bournemouth,25-351,1999,8.6,477,21,125,271,85,8,477,5,0,0.0,3,60.0,229,1020,449,5,10,1,11,7,240,2,Matches,,,,,,
4,Tosin Adarabioyo,eng ENG,DF,Chelsea,27-128,1997,8.1,715,93,361,347,8,6,715,2,2,100.0,0,0.0,445,1739,951,1,0,0,1,0,557,1,Matches,,,,,,
5,Simon Adingra,ci CIV,"FW,MF",Brighton,23-029,2002,6.1,289,5,48,89,157,33,289,29,12,41.4,17,58.6,190,1273,585,20,14,10,25,6,193,72,Matches,,,,,,
6,Emmanuel Agbadou,ci CIV,DF,Wolves,27-227,1997,3.0,210,32,115,91,7,0,210,6,5,83.3,1,16.7,112,594,269,1,2,0,2,1,113,0,Matches,,,,,,
7,Asher Agbinone,eng ENG,MF,Crystal Palace,19-124,2005,0.1,8,0,0,2,6,0,8,2,0,0.0,1,50.0,5,53,23,2,0,0,0,1,5,1,Matches,,,,,,
8,Ola Aina,ng NGA,DF,Nott'ham Forest,28-114,1996,22.1,1157,100,423,475,280,17,1157,45,21,46.7,15,33.3,511,3291,1942,44,29,8,26,15,548,40,Matches,,,,,,
9,Rayan Aït-Nouri,dz ALG,DF,Wolves,23-238,2001,20.9,1255,64,352,554,366,49,1255,68,33,48.5,22,32.4,663,3810,2091,52,36,16,22,26,767,102,Matches,,,,,,
10,Kristoffer Ajer,no NOR,DF,Brentford,26-288,1998,8.0,410,30,159,189,67,14,410,9,4,44.4,5,55.6,222,1358,799,15,7,0,10,6,266,16,Matches,,,,,,
11,Manuel Akanji,ch SUI,DF,Manchester City,29-195,1995,18.0,1523,105,458,738,328,10,1523,2,2,100.0,0,0.0,990,5210,3129,36,49,0,4,5,1202,6,Matches,,,,,,
12,Nathan Aké,nl NED,DF,Manchester City,29-347,1995,6.7,519,47,186,277,57,4,519,1,1,100.0,0,0.0,344,1912,1263,11,11,1,2,3,383,2,Matches,,,,,,
13,Carlos Alcaraz,ar ARG,MF,Southampton,22-061,2002,0.1,17,0,1,8,9,2,17,2,0,0.0,2,100.0,12,112,98,4,1,0,0,0,12,1,Matches,,,,,,
14,Trent Alexander-Arnold,eng ENG,DF,Liverpool,26-115,1998,18.5,1549,60,388,659,510,31,1549,21,9,42.9,11,52.4,817,3954,2105,41,29,7,16,13,993,75,Matches,,,,,,
15,Alisson,br BRA,GK,Liverpool,32-120,1992,13.9,444,309,433,11,0,0,444,1,1,100.0,0,0.0,292,1117,661,0,0,0,0,0,274,0,Matches,,,,,,
16,Miguel Almirón,py PAR,FW,Newcastle Utd,30-355,1994,1.7,81,1,10,35,36,9,81,2,1,50.0,1,50.0,54,284,93,3,3,2,0,2,59,18,Matches,,,,,,
17,Edson Álvarez,mx MEX,MF,West Ham,27-098,1997,13.7,835,52,257,457,128,8,835,24,11,45.8,9,37.5,460,2500,1149,14,13,2,19,11,554,14,Matches,,,,,,
18,Will Alves,eng ENG,FW,Leicester City,19-362,2005,0.0,1,0,0,0,1,0,1,0,0,,0,,1,5,5,0,0,0,0,0,1,1,Matches,,,,,,
19,Samuel Amo-Ameyaw,eng ENG,"FW,DF",Southampton,18-196,2006,0.3,16,0,5,5,7,1,16,4,0,0.0,3,75.0,11,98,68,1,0,1,0,2,11,3,Matches,,,,,,
20,Joachim Andersen,dk DEN,DF,Crystal Palace,28-244,1996,1.0,93,14,38,50,5,0,93,0,0,,0,,49,189,103,1,1,0,0,1,67,1,Matches,,,,,,
21,Joachim Andersen,dk DEN,DF,Fulham,28-244,1996,13.7,1137,149,592,507,47,11,1137,3,3,100.0,0,0.0,683,2895,1405,6,6,1,2,1,810,1,Matches,,,,,,
22,Elliot Anderson,eng ENG,MF,Nott'ham Forest,22-085,2002,16.3,979,54,241,426,329,45,979,52,26,50.0,20,38.5,501,2751,1351,32,23,12,37,21,565,57,Matches,,,,,,
23,André,br BRA,MF,Wolves,23-198,2001,13.6,751,63,230,458,67,1,751,14,6,42.9,5,35.7,383,1614,722,5,8,0,13,11,491,4,Matches,,,,,,
24,Michail Antonio,jm JAM,FW,West Ham,34-308,1990,9.3,296,3,26,124,151,36,296,27,9,33.3,13,48.1,173,1177,695,29,13,9,35,19,221,59,Matches,,,,,,
25,Antony,br BRA,"DF,MF",Manchester Utd,24-341,2000,1.6,101,2,22,26,54,8,101,11,4,36.4,6,54.5,60,317,182,5,6,1,5,1,69,7,Matches,,,,,,
Rk,Player,Nation,Pos,Squad,Age,Born,90s,Touches,Def Pen,Def 3rd,Mid 3rd,Att 3rd,Att Pen,Live,Att,Succ,Succ%,Tkld,Tkld%,Carries,TotDist,PrgDist,PrgC,1/3,CPA,Mis,Dis,Rec,PrgR,Matches,,,,,,
26,Julian Araujo,mx MEX,DF,Bournemouth,23-170,2001,3.9,200,15,68,103,32,1,200,0,0,,0,,84,290,138,2,0,0,4,2,100,11,Matches,,,,,,
27,Cameron Archer,eng ENG,FW,Southampton,23-193,2001,11.6,275,11,44,121,113,43,274,25,11,44.0,13,52.0,153,796,359,15,4,12,27,18,189,46,Matches,,,,,,
28,Alphonse Areola,fr FRA,GK,West Ham,31-338,1993,11.1,472,386,468,4,0,0,472,0,0,,0,,262,1092,569,0,0,0,0,0,245,0,Matches,,,,,,
29,Joe Aribo,ng NGA,MF,Southampton,28-193,1996,15.3,842,29,178,444,229,35,842,38,13,34.2,21,55.3,482,2652,1372,29,20,10,19,13,615,53,Matches,,,,,,
30,Adam Armstrong,eng ENG,"FW,MF",Southampton,27-355,1997,13.9,377,11,44,143,192,49,376,14,6,42.9,8,57.1,235,1324,599,25,13,6,11,18,286,79,Matches,,,,,,
31,Harrison Armstrong,eng ENG,MF,Everton,18-011,2007,0.5,20,0,3,12,7,2,20,1,1,100.0,0,0.0,15,110,43,1,2,0,2,3,14,0,Matches,,,,,,
32,Kepa Arrizabalaga,es ESP,GK,Bournemouth,30-119,1994,16.0,545,425,537,8,0,0,545,0,0,,0,,306,1569,882,0,0,0,0,0,228,0,Matches,,,,,,
33,Brandon Austin,eng ENG,GK,Tottenham,26-022,1999,1.0,36,30,36,0,0,0,36,0,0,,0,,22,104,46,0,0,0,0,0,16,0,Matches,,,,,,
34,Taiwo Awoniyi,ng NGA,FW,Nott'ham Forest,27-171,1997,2.8,111,3,11,49,52,18,111,4,1,25.0,3,75.0,58,272,132,5,4,2,15,10,73,13,Matches,,,,,,
35,Yasin Ayari,se SWE,MF,Brighton,21-116,2003,14.1,795,39,182,400,226,34,795,35,14,40.0,13,37.1,412,2042,895,19,12,5,26,18,513,51,Matches,,,,,,
36,Jordan Ayew,gh GHA,"FW,MF",Crystal Palace,33-141,1991,0.2,12,0,0,7,5,1,12,0,0,,0,,6,25,12,0,0,0,0,1,9,1,Matches,,,,,,
37,Jordan Ayew,gh GHA,"FW,MF",Leicester City,33-141,1991,12.0,511,14,76,257,192,37,510,40,14,35.0,22,55.0,311,2015,906,24,22,3,38,28,349,55,Matches,,,,,,
38,Benoît Badiashile,fr FRA,DF,Chelsea,23-310,2001,2.8,245,16,99,136,11,0,245,1,0,0.0,1,100.0,140,514,288,3,4,0,1,0,178,2,Matches,,,,,,
39,Leon Bailey,jm JAM,"FW,MF",Aston Villa,27-174,1997,11.0,460,14,65,132,272,58,460,46,18,39.1,19,41.3,297,2161,1118,48,21,27,29,22,331,96,Matches,,,,,,
40,Carlos Baleba,cm CMR,MF,Brighton,21-027,2004,16.9,921,43,206,542,200,7,921,37,20,54.1,15,40.5,511,3015,1535,27,24,2,23,23,553,17,Matches,,,,,,
41,Ross Barkley,eng ENG,MF,Aston Villa,31-056,1993,6.2,429,16,68,255,112,17,429,10,8,80.0,2,20.0,254,1377,640,14,13,2,5,8,302,8,Matches,,,,,,
42,Harvey Barnes,eng ENG,FW,Newcastle Utd,27-052,1997,8.7,374,8,49,128,197,57,374,28,12,42.9,11,39.3,274,2011,1088,42,21,23,16,10,305,82,Matches,,,,,,
43,Calvin Bassey,ng NGA,DF,Fulham,25-030,1999,22.0,1611,222,796,742,87,11,1611,18,7,38.9,6,33.3,1023,4913,2656,18,12,3,21,5,1118,11,Matches,,,,,,
44,Jan Bednarek,pl POL,DF,Southampton,28-293,1996,18.8,1545,278,802,716,34,11,1545,3,3,100.0,0,0.0,811,2957,1426,4,4,1,8,2,1036,1,Matches,,,,,,
45,Jean-Ricner Bellegarde,fr FRA,"MF,FW",Wolves,26-217,1998,9.6,379,13,71,154,161,25,379,37,6,16.2,20,54.1,241,1592,700,23,18,7,15,15,265,45,Matches,,,,,,
46,Rodrigo Bentancur,uy URU,MF,Tottenham,27-219,1997,8.6,647,29,146,389,118,10,647,8,3,37.5,4,50.0,383,1628,642,7,9,3,7,11,436,9,Matches,,,,,,
47,Sander Berge,no NOR,MF,Fulham,26-351,1998,12.6,712,52,205,419,92,6,712,10,5,50.0,4,40.0,394,2041,830,12,11,2,2,9,425,1,Matches,,,,,,
48,Lucas Bergvall,se SWE,MF,Tottenham,18-363,2006,6.2,485,23,108,259,127,6,485,19,10,52.6,6,31.6,287,1818,854,15,8,1,13,10,336,13,Matches,,,,,,
49,Victor Bernth Kristiansen,dk DEN,DF,Leicester City,22-045,2002,19.5,1227,93,467,548,221,9,1227,15,6,40.0,8,53.3,634,2955,1378,29,15,4,8,11,679,46,Matches,,,,,,
50,Beto,gw GNB,FW,Everton,26-365,1998,3.5,104,4,11,43,51,21,104,16,9,56.3,6,37.5,54,368,149,5,4,2,16,6,77,20,Matches,,,,,,
Rk,Player,Nation,Pos,Squad,Age,Born,90s,Touches,Def Pen,Def 3rd,Mid 3rd,Att 3rd,Att Pen,Live,Att,Succ,Succ%,Tkld,Tkld%,Carries,TotDist,PrgDist,PrgC,1/3,CPA,Mis,Dis,Rec,PrgR,Matches,,,,,,
51,Philip Billing,dk DEN,MF,Bournemouth,28-233,1996,2.0,148,5,20,72,57,12,148,3,1,33.3,0,0.0,58,254,163,3,1,1,7,4,75,13,Matches,,,,,,
52,Yves Bissouma,ml MLI,MF,Tottenham,28-153,1996,10.8,739,50,204,425,116,3,739,18,6,33.3,12,66.7,444,2777,1292,15,15,0,18,7,511,2,Matches,,,,,,
53,Lamare Bogarde,nl NED,"DF,MF",Aston Villa,21-025,2004,3.0,173,9,49,101,24,1,173,3,2,66.7,0,0.0,100,517,297,7,5,1,3,6,115,8,Matches,,,,,,
54,Willy Boly,ci CIV,DF,Nott'ham Forest,33-362,1991,1.3,80,20,53,25,2,1,80,0,0,,0,,33,115,35,0,0,0,1,0,39,0,Matches,,,,,,
55,Sven Botman,nl NED,DF,Newcastle Utd,25-018,2000,2.5,156,24,63,89,5,5,156,3,1,33.3,1,33.3,82,350,171,0,0,0,1,0,101,0,Matches,,,,,,
56,Jarrod Bowen,eng ENG,"FW,MF",West Ham,28-041,1996,18.4,725,18,84,260,397,97,724,79,33,41.8,40,50.6,416,3227,1594,67,29,36,37,41,453,112,Matches,,,,,,
57,Conor Bradley,nir NIR,DF,Liverpool,21-205,2003,2.7,235,12,70,97,70,16,235,4,3,75.0,1,25.0,124,721,379,11,5,4,3,1,141,15,Matches,,,,,,
58,Jarrad Branthwaite,eng ENG,DF,Everton,22-217,2002,13.1,661,87,348,284,33,11,661,4,2,50.0,1,25.0,306,1645,988,6,11,2,5,2,395,1,Matches,,,,,,
59,James Bree,eng ENG,DF,Southampton,27-111,1997,6.4,421,32,128,179,118,9,421,6,3,50.0,1,16.7,224,1035,559,8,9,0,5,3,275,28,Matches,,,,,,
60,Ben Brereton,cl CHI,FW,Southampton,25-287,1999,5.0,206,4,19,76,112,20,206,4,1,25.0,2,50.0,136,791,394,12,13,4,9,4,171,42,Matches,,,,,,
61,Nathan Broadhead,wls WAL,"MF,FW",Ipswich Town,26-300,1998,3.5,132,6,24,65,51,5,132,20,12,60.0,7,35.0,73,630,353,11,8,1,3,5,96,15,Matches,,,,,,
62,Armando Broja,al ALB,FW,Everton,23-142,2001,1.8,65,3,9,19,41,11,65,11,5,45.5,5,45.5,32,403,202,8,5,3,7,7,46,15,Matches,,,,,,
63,David Brooks,wls WAL,FW,Bournemouth,27-206,1997,5.6,267,8,33,93,147,26,267,21,8,38.1,10,47.6,170,1223,553,19,12,8,17,5,176,50,Matches,,,,,,
64,Emi Buendía,ar ARG,"MF,FW",Aston Villa,28-036,1996,1.1,82,0,17,35,31,3,82,2,0,0.0,2,100.0,53,185,119,3,5,0,4,3,64,6,Matches,,,,,,
65,Santiago Bueno,uy URU,DF,Wolves,26-082,1998,14.8,798,127,403,382,16,6,798,2,0,0.0,2,100.0,429,2153,1102,1,2,0,2,2,520,1,Matches,,,,,,
66,Facundo Buonanotte,ar ARG,"FW,MF",Leicester City,20-038,2004,12.7,652,20,100,329,235,27,652,66,22,33.3,40,60.6,362,2219,1043,33,22,7,38,29,399,54,Matches,,,,,,
67,Cameron Burgess,au AUS,DF,Ipswich Town,29-101,1995,10.0,618,136,360,222,36,19,618,0,0,,0,,307,1454,756,2,3,0,2,0,372,3,Matches,,,,,,
68,Dan Burn,eng ENG,DF,Newcastle Utd,32-266,1992,22.0,1390,241,820,512,60,28,1390,2,2,100.0,0,0.0,833,3663,1469,3,2,0,6,2,954,3,Matches,,,,,,
69,Wes Burns,wls WAL,"FW,DF",Ipswich Town,30-068,1994,10.3,350,21,69,129,160,18,350,24,9,37.5,14,58.3,216,1458,696,38,13,10,17,13,220,65,Matches,,,,,,
70,Moisés Caicedo,ec ECU,MF,Chelsea,23-089,2001,22.6,1612,54,352,973,302,10,1612,34,14,41.2,12,35.3,909,3978,1921,22,17,2,23,14,1134,25,Matches,,,,,,
71,Tom Cairney,sct SCO,MF,Fulham,34-010,1991,4.4,477,5,62,258,164,7,477,11,4,36.4,3,27.3,329,1591,766,12,15,3,3,3,397,20,Matches,,,,,,
72,Jens Cajuste,se SWE,MF,Ipswich Town,25-173,1999,10.7,495,25,147,252,103,6,495,19,11,57.9,5,26.3,234,1273,699,15,12,3,11,5,294,7,Matches,,,,,,
73,Riccardo Calafiori,it ITA,DF,Arsenal,22-256,2002,8.4,507,28,150,195,166,20,507,11,8,72.7,2,18.2,229,1221,621,13,8,3,10,4,293,20,Matches,,,,,,
74,Dominic Calvert-Lewin,eng ENG,FW,Everton,27-320,1997,17.5,491,21,38,204,254,82,491,25,10,40.0,13,52.0,268,1397,444,22,8,16,71,32,402,105,Matches,,,,,,
75,Diego Carlos,br BRA,DF,Aston Villa,31-321,1993,9.2,674,86,331,330,15,6,674,2,2,100.0,0,0.0,419,2133,1162,3,3,0,1,2,481,0,Matches,,,,,,
Rk,Player,Nation,Pos,Squad,Age,Born,90s,Touches,Def Pen,Def 3rd,Mid 3rd,Att 3rd,Att Pen,Live,Att,Succ,Succ%,Tkld,Tkld%,Carries,TotDist,PrgDist,PrgC,1/3,CPA,Mis,Dis,Rec,PrgR,Matches,,,,,,
76,Fabio Carvalho,pt POR,"FW,MF",Brentford,22-153,2002,4.8,231,4,42,82,108,20,231,14,2,14.3,10,71.4,128,648,329,8,3,0,13,8,135,21,Matches,,,,,,
77,Casemiro,br BRA,MF,Manchester Utd,32-342,1992,9.3,727,47,200,386,145,25,727,5,3,60.0,2,40.0,394,1267,588,3,7,0,6,8,490,19,Matches,,,,,,
78,Kaelan Casey,eng ENG,DF,West Ham,20-094,2004,0.0,1,1,1,0,0,0,1,0,0,,0,,0,0,0,0,0,0,0,0,0,0,Matches,,,,,,
79,Matty Cash,pl POL,DF,Aston Villa,27-176,1997,14.0,712,48,259,295,168,28,712,26,13,50.0,11,42.3,350,2308,1143,32,30,4,10,4,407,46,Matches,,,,,,
80,Timothy Castagne,be BEL,DF,Fulham,29-056,1995,9.0,634,44,250,252,133,18,634,7,4,57.1,1,14.3,312,1288,641,12,6,1,4,4,386,31,Matches,,,,,,
81,Trevoh Chalobah,eng ENG,DF,Crystal Palace,25-209,1999,11.8,594,66,275,276,51,14,594,10,6,60.0,2,20.0,278,1213,661,11,9,1,4,7,317,6,Matches,,,,,,
82,Trevoh Chalobah,eng ENG,DF,Chelsea,25-209,1999,2.0,155,12,70,73,15,3,155,1,1,100.0,0,0.0,79,307,169,2,2,0,0,0,112,0,Matches,,,,,,
83,Conor Chaplin,eng ENG,"MF,FW",Ipswich Town,27-349,1997,6.8,281,6,46,141,99,12,281,6,3,50.0,3,50.0,138,697,380,10,7,0,9,3,192,20,Matches,,,,,,
84,Federico Chiesa,it ITA,FW,Liverpool,27-097,1997,0.3,23,0,2,11,10,3,23,1,0,0.0,1,100.0,18,67,34,2,0,1,1,3,18,4,Matches,,,,,,
85,Chiquinho,pt POR,MF,Wolves,24-360,2000,0.1,3,0,0,1,2,1,3,0,0,,0,,1,13,5,0,0,0,0,0,2,0,Matches,,,,,,
86,Hamza Choudhury,eng ENG,"MF,DF",Leicester City,27-121,1997,1.5,100,4,19,61,20,3,100,4,3,75.0,1,25.0,63,246,130,4,2,2,1,0,71,6,Matches,,,,,,
87,Ryan Christie,sct SCO,MF,Bournemouth,29-343,1995,18.6,1075,62,204,604,287,34,1075,39,17,43.6,19,48.7,569,2959,1359,27,34,5,37,20,607,39,Matches,,,,,,
88,Harry Clarke,eng ENG,DF,Ipswich Town,23-334,2001,4.2,268,18,100,122,47,2,268,2,1,50.0,1,50.0,118,555,222,5,7,0,4,2,163,2,Matches,,,,,,
89,Jack Clarke,eng ENG,"FW,MF",Ipswich Town,24-068,2000,6.7,277,7,62,123,102,18,277,26,17,65.4,6,23.1,154,1114,588,16,9,4,15,11,173,29,Matches,,,,,,
90,Nathaniel Clyne,eng ENG,"DF,MF",Crystal Palace,33-300,1991,4.4,199,16,76,91,32,2,199,1,0,0.0,1,100.0,107,463,249,5,2,2,4,2,122,7,Matches,,,,,,
91,Conor Coady,eng ENG,DF,Leicester City,31-340,1993,8.0,503,84,267,227,9,3,503,1,1,100.0,0,0.0,348,1318,677,0,2,1,4,0,375,0,Matches,,,,,,
92,Séamus Coleman,ie IRL,DF,Everton,36-111,1988,2.2,100,11,39,43,19,2,100,5,4,80.0,1,20.0,43,225,109,1,1,0,1,1,51,2,Matches,,,,,,
93,Nathan Collins,ie IRL,DF,Brentford,23-275,2001,23.0,1548,243,833,614,110,45,1548,9,5,55.6,3,33.3,823,4499,2663,19,8,0,10,6,957,13,Matches,,,,,,
94,Toby Collyer,eng ENG,MF,Manchester Utd,21-027,2004,1.4,84,3,26,40,18,1,84,1,1,100.0,0,0.0,46,183,48,0,0,0,6,1,53,2,Matches,,,,,,
95,Levi Colwill,eng ENG,DF,Chelsea,21-339,2003,21.0,1769,219,814,890,70,18,1769,6,3,50.0,3,50.0,1037,4892,2879,9,9,0,9,5,1298,4,Matches,,,,,,
96,Lewis Cook,eng ENG,"MF,DF",Bournemouth,27-362,1997,20.6,1207,54,271,650,303,14,1207,11,6,54.5,5,45.5,537,2802,1503,25,18,3,22,13,595,31,Matches,,,,,,
97,Maxwel Cornet,ci CIV,FW,Southampton,28-125,1996,0.8,34,1,8,14,13,2,34,1,0,0.0,1,100.0,16,73,26,1,0,1,3,0,23,5,Matches,,,,,,
98,Vladimír Coufal,cz CZE,DF,West Ham,32-161,1992,7.4,452,38,172,179,102,8,452,7,2,28.6,2,28.6,179,889,408,11,4,1,8,5,235,21,Matches,,,,,,
99,Woyo Coulibaly,fr FRA,DF,Leicester City,25-255,1999,0.0,4,0,3,2,0,0,4,0,0,,0,,3,17,4,0,0,0,1,0,1,0,Matches,,,,,,
100,Aaron Cresswell,eng ENG,DF,West Ham,35-046,1989,2.3,165,10,55,79,33,1,165,0,0,,0,,76,285,119,3,5,0,1,0,96,2,Matches,,,,,,
Rk,Player,Nation,Pos,Squad,Age,Born,90s,Touches,Def Pen,Def 3rd,Mid 3rd,Att 3rd,Att Pen,Live,Att,Succ,Succ%,Tkld,Tkld%,Carries,TotDist,PrgDist,PrgC,1/3,CPA,Mis,Dis,Rec,PrgR,Matches,,,,,,
101,Marc Cucurella,es ESP,DF,Chelsea,26-192,1998,19.0,1264,67,384,611,274,37,1264,7,2,28.6,5,71.4,533,2264,1375,22,10,1,14,4,797,64,Matches,,,,,,
102,Jorge Cuenca,es ESP,DF,Fulham,25-074,1999,1.0,52,15,35,17,1,0,52,0,0,,0,,13,47,29,0,0,0,0,0,22,0,Matches,,,,,,
103,Matheus Cunha,br BRA,"MF,FW",Wolves,25-248,1999,19.8,1025,17,134,476,454,91,1024,93,41,44.1,41,44.1,582,4662,2339,79,61,29,54,34,678,118,Matches,,,,,,
104,Patson Daka,zm ZAM,"FW,MF",Leicester City,26-113,1998,3.1,96,6,15,41,43,14,96,5,1,20.0,2,40.0,51,238,107,3,4,1,4,7,59,16,Matches,,,,,,
105,Diogo Dalot,pt POR,DF,Manchester Utd,25-318,1999,21.6,1380,84,467,563,361,36,1380,27,13,48.1,12,44.4,769,3422,1831,39,30,9,26,8,824,104,Matches,,,,,,
106,Mikkel Damsgaard,dk DEN,"MF,FW",Brentford,24-211,2000,18.9,1095,27,217,505,391,39,1095,56,30,53.6,20,35.7,632,3600,1853,43,33,5,33,32,723,73,Matches,,,,,,
107,Danilo,br BRA,MF,Nott'ham Forest,23-276,2001,0.2,6,0,2,4,0,0,6,3,1,33.3,2,66.7,4,26,3,0,0,0,1,0,3,0,Matches,,,,,,
108,Jayden Danns,eng ENG,MF,Liverpool,19-014,2006,0.1,2,0,0,0,2,0,2,0,0,,0,,1,2,1,0,0,0,0,1,1,0,Matches,,,,,,
109,Ben Davies,wls WAL,DF,Tottenham,31-281,1993,5.0,423,63,220,183,20,3,423,0,0,,0,,247,1257,745,4,5,0,1,0,299,4,Matches,,,,,,
110,Leif Davis,eng ENG,DF,Ipswich Town,25-018,2000,22.5,1135,95,418,355,378,34,1135,34,11,32.4,17,50.0,504,2808,1517,38,19,9,29,8,579,95,Matches,,,,,,
111,Craig Dawson,eng ENG,DF,Wolves,34-269,1990,10.8,671,130,396,249,28,14,671,5,1,20.0,2,40.0,390,1819,938,6,1,0,2,0,443,5,Matches,,,,,,
112,Kevin De Bruyne,be BEL,MF,Manchester City,33-216,1991,11.0,870,9,50,293,533,50,870,21,9,42.9,10,47.6,494,2473,1335,35,34,14,16,20,658,99,Matches,,,,,,
113,Liam Delap,eng ENG,FW,Ipswich Town,21-357,2003,18.6,390,20,47,160,194,53,388,53,24,45.3,24,45.3,266,2086,954,35,30,16,67,45,313,68,Matches,,,,,,
114,Sepp van den Berg,nl NED,DF,Brentford,23-041,2001,17.9,971,178,491,362,120,26,971,7,4,57.1,3,42.9,402,1776,842,5,8,0,9,4,535,23,Matches,,,,,,
115,Justin Devenny,nir NIR,MF,Crystal Palace,21-111,2003,3.0,151,4,29,72,53,4,151,2,1,50.0,1,50.0,68,376,182,3,4,1,7,2,89,7,Matches,,,,,,
116,Kiernan Dewsbury-Hall,eng ENG,MF,Chelsea,26-146,1998,1.5,99,2,17,50,32,5,99,3,1,33.3,2,66.7,53,281,130,3,0,0,1,3,77,7,Matches,,,,,,
117,Amad Diallo,ci CIV,"FW,MF",Manchester Utd,22-203,2002,16.7,953,12,147,353,469,100,953,70,34,48.6,32,45.7,615,4251,2170,86,46,46,34,31,670,142,Matches,,,,,,
118,Rúben Dias,pt POR,DF,Manchester City,27-261,1997,13.1,1313,121,425,686,204,15,1313,1,0,0.0,1,100.0,920,5230,3094,19,38,1,3,1,1068,5,Matches,,,,,,
119,Luis Díaz,co COL,FW,Liverpool,28-017,1997,14.9,657,9,49,234,387,95,657,69,28,40.6,33,47.8,432,3218,1643,59,32,32,31,29,517,141,Matches,,,,,,
120,Tyler Dibling,eng ENG,"FW,MF",Southampton,18-324,2006,13.7,573,15,65,261,260,31,573,76,28,36.8,31,40.8,376,3174,1655,51,38,20,31,35,436,70,Matches,,,,,,
121,Lucas Digne,fr FRA,DF,Aston Villa,31-194,1993,19.2,1169,71,408,349,422,24,1169,15,8,53.3,7,46.7,542,2451,1110,18,12,3,13,11,641,111,Matches,,,,,,
122,Issa Diop,fr FRA,DF,Fulham,28-021,1997,11.9,733,106,399,317,18,11,733,1,1,100.0,0,0.0,441,2002,1020,4,2,0,7,1,509,1,Matches,,,,,,
123,Axel Disasi,fr FRA,DF,Chelsea,26-325,1998,4.0,323,17,110,175,40,2,323,1,1,100.0,0,0.0,196,953,519,6,3,0,1,3,242,2,Matches,,,,,,
124,Roman Dixon,eng ENG,DF,Everton,20-035,2004,1.0,36,8,19,14,4,0,36,3,0,0.0,3,100.0,16,107,48,0,0,0,2,0,13,1,Matches,,,,,,
125,Matt Doherty,ie IRL,DF,Wolves,33-014,1992,11.9,792,62,292,374,133,21,792,10,6,60.0,3,30.0,395,1830,1016,16,9,3,9,3,490,31,Matches,,,,,,
Rk,Player,Nation,Pos,Squad,Age,Born,90s,Touches,Def Pen,Def 3rd,Mid 3rd,Att 3rd,Att Pen,Live,Att,Succ,Succ%,Tkld,Tkld%,Carries,TotDist,PrgDist,PrgC,1/3,CPA,Mis,Dis,Rec,PrgR,Matches,,,,,,
126,Jeremy Doku,be BEL,"FW,MF",Manchester City,22-248,2002,8.8,536,3,28,115,404,77,536,89,45,50.6,27,30.3,403,3701,2353,104,48,48,30,30,440,147,Matches,,,,,,
127,Nicolás Domínguez,ar ARG,"MF,FW",Nott'ham Forest,26-216,1998,12.2,711,40,175,367,174,15,711,4,1,25.0,2,50.0,287,1064,485,9,7,2,11,8,403,15,Matches,,,,,,
128,Alfie Dorrington,eng ENG,DF,Tottenham,19-285,2005,0.2,16,0,11,5,0,0,16,0,0,,0,,12,61,26,0,0,0,0,0,13,0,Matches,,,,,,
129,Abdoulaye Doucouré,ml MLI,MF,Everton,32-029,1993,17.7,741,25,168,342,242,25,741,20,11,55.0,9,45.0,384,1946,934,28,18,3,22,25,483,55,Matches,,,,,,
130,Cheick Doucouré,ml MLI,MF,Crystal Palace,25-022,2000,5.0,263,11,56,165,45,4,263,5,2,40.0,2,40.0,133,581,280,2,7,1,4,7,160,7,Matches,,,,,,
131,Flynn Downes,eng ENG,MF,Southampton,26-010,1999,15.9,948,67,292,494,166,18,948,11,3,27.3,7,63.6,439,2379,1251,18,14,4,12,14,680,23,Matches,,,,,,
132,Tommy Doyle,eng ENG,MF,Wolves,23-105,2001,4.9,410,17,115,228,69,2,410,8,4,50.0,1,12.5,234,1277,538,6,3,0,6,3,276,2,Matches,,,,,,
133,Radu Drăgușin,ro ROU,DF,Tottenham,22-362,2002,13.9,961,148,510,430,30,12,961,2,0,0.0,0,0.0,623,3349,1666,7,3,0,8,2,669,2,Matches,,,,,,
134,Martin Dúbravka,sk SVK,GK,Newcastle Utd,36-015,1989,8.0,275,206,265,10,0,0,275,0,0,,0,,163,813,515,0,0,0,0,0,143,0,Matches,,,,,,
135,Lewis Dunk,eng ENG,DF,Brighton,33-070,1991,16.4,1510,195,735,704,81,15,1510,1,0,0.0,1,100.0,928,4394,2399,15,13,0,4,3,1092,2,Matches,,,,,,
136,Jhon Durán,co COL,FW,Aston Villa,21-048,2003,7.1,263,13,36,110,122,47,263,14,3,21.4,9,64.3,133,535,267,7,7,2,16,15,192,44,Matches,,,,,,
137,Ederson,br BRA,GK,Manchester City,31-166,1993,15.0,594,406,585,9,0,0,594,0,0,,0,,386,1685,1035,0,0,0,1,0,386,0,Matches,,,,,,
138,George Edmundson,eng ENG,DF,Ipswich Town,27-152,1997,0.0,3,1,3,0,0,0,3,0,0,,0,,1,2,0,0,0,0,0,0,1,0,Matches,,,,,,
139,Odsonne Édouard,fr FRA,"MF,FW",Crystal Palace,27-014,1998,1.3,45,1,4,23,18,8,45,1,0,0.0,1,100.0,23,107,50,2,1,2,4,1,26,7,Matches,,,,,,
140,Odsonne Édouard,fr FRA,FW,Leicester City,27-014,1998,0.3,20,1,2,7,11,6,20,2,1,50.0,1,50.0,11,25,2,0,0,1,7,2,13,2,Matches,,,,,,
141,Samuel Edozie,eng ENG,"DF,FW",Southampton,22-002,2003,0.7,43,0,0,7,36,10,43,4,2,50.0,2,50.0,34,336,197,6,2,4,4,0,39,23,Matches,,,,,,
142,Ronnie Edwards,eng ENG,DF,Southampton,21-308,2003,0.1,6,3,4,2,0,0,6,0,0,,0,,3,10,0,0,0,0,0,0,5,0,Matches,,,,,,
143,Anthony Elanga,se SWE,"FW,MF",Nott'ham Forest,22-278,2002,15.2,615,25,97,171,356,59,615,44,11,25.0,18,40.9,322,2416,1337,52,26,24,42,25,396,104,Matches,,,,,,
144,Harvey Elliott,eng ENG,"MF,FW",Liverpool,21-301,2003,0.9,110,1,11,37,62,5,110,2,0,0.0,2,100.0,63,307,154,3,2,2,1,1,78,8,Matches,,,,,,
145,Yunus Emre Konak,tr TUR,"MF,FW",Brentford,19-020,2006,0.2,23,0,5,10,8,0,23,1,0,0.0,1,100.0,9,51,34,1,0,1,2,3,13,1,Matches,,,,,,
146,Julio Enciso,py PAR,MF,Ipswich Town,21-007,2004,0.1,8,0,1,4,3,0,8,0,0,,0,,2,12,0,0,0,0,0,0,5,1,Matches,,,,,,
147,Julio Enciso,py PAR,"MF,FW",Brighton,21-007,2004,3.3,202,2,17,72,116,20,202,21,10,47.6,8,38.1,114,678,386,11,10,4,7,9,141,17,Matches,,,,,,
148,Wataru Endo,jp JPN,MF,Liverpool,31-356,1993,0.9,70,2,11,44,16,2,70,1,1,100.0,0,0.0,37,144,44,0,0,1,3,1,48,1,Matches,,,,,,
149,Christian Eriksen,dk DEN,MF,Manchester Utd,32-351,1992,7.0,488,17,102,251,139,9,488,1,0,0.0,1,100.0,267,929,362,5,6,0,3,3,320,19,Matches,,,,,,
150,Romain Esse,eng ENG,MF,Crystal Palace,19-262,2005,0.1,6,0,1,2,3,2,6,0,0,,0,,3,17,1,0,0,0,0,0,4,2,Matches,,,,,,
Rk,Player,Nation,Pos,Squad,Age,Born,90s,Touches,Def Pen,Def 3rd,Mid 3rd,Att 3rd,Att Pen,Live,Att,Succ,Succ%,Tkld,Tkld%,Carries,TotDist,PrgDist,PrgC,1/3,CPA,Mis,Dis,Rec,PrgR,Matches,,,,,,
151,Pervis Estupiñán,ec ECU,DF,Brighton,27-009,1998,15.7,1139,47,278,568,305,19,1139,21,10,47.6,10,47.6,611,3025,1651,39,29,7,21,20,698,76,Matches,,,,,,
152,Evanilson,br BRA,FW,Bournemouth,25-116,1999,15.2,336,13,23,131,184,79,335,19,6,31.6,7,36.8,206,1087,503,19,10,11,28,18,244,61,Matches,,,,,,
153,Jonny Evans,nir NIR,DF,Manchester Utd,37-027,1988,3.2,223,30,125,91,11,2,223,1,1,100.0,0,0.0,128,498,183,1,0,0,1,0,137,2,Matches,,,,,,
154,Eberechi Eze,eng ENG,"MF,FW",Crystal Palace,26-215,1998,17.6,928,10,120,443,388,61,928,85,37,43.5,44,51.8,558,3299,1522,46,27,16,27,30,618,106,Matches,,,,,,
155,Łukasz Fabiański,pl POL,GK,West Ham,39-287,1985,11.9,488,382,483,5,0,0,488,2,2,100.0,0,0.0,258,1371,845,0,0,0,0,0,227,0,Matches,,,,,,
156,Wout Faes,be BEL,DF,Leicester City,26-302,1998,17.3,1045,181,499,507,43,16,1045,4,3,75.0,1,25.0,598,2840,1708,8,8,1,10,3,676,1,Matches,,,,,,
157,Abdul Fatawu Issahaku,gh GHA,FW,Leicester City,20-328,2004,6.4,326,19,73,114,157,26,326,69,29,42.0,28,40.6,217,1869,1055,42,24,15,18,12,216,60,Matches,,,,,,
158,João Félix,pt POR,"FW,MF",Chelsea,25-081,1999,4.1,271,2,26,128,124,29,271,31,10,32.3,14,45.2,192,1240,710,21,13,5,6,4,217,29,Matches,,,,,,
159,Evan Ferguson,ie IRL,FW,Brighton,20-103,2004,2.5,75,7,12,42,21,8,75,1,1,100.0,0,0.0,35,144,41,2,1,1,3,6,45,8,Matches,,,,,,
160,Bruno Fernandes,pt POR,MF,Manchester Utd,30-144,1994,20.4,1503,31,204,727,589,57,1500,41,16,39.0,20,48.8,885,4197,2202,48,39,8,28,24,1095,97,Matches,,,,,,
161,Mateus Fernandes,pt POR,MF,Southampton,20-204,2004,18.3,1045,42,215,512,338,37,1045,67,31,46.3,31,46.3,532,3338,1754,51,40,8,31,20,656,61,Matches,,,,,,
162,Enzo Fernández,ar ARG,MF,Chelsea,24-013,2001,17.8,1283,21,211,650,425,44,1283,28,15,53.6,8,28.6,672,2765,1322,26,25,3,16,20,941,64,Matches,,,,,,
163,Mark Flekken,nl NED,GK,Brentford,31-231,1993,22.4,1180,921,1146,39,0,0,1180,1,1,100.0,0,0.0,734,3676,2022,0,0,0,2,0,679,0,Matches,,,,,,
164,Phil Foden,eng ENG,"MF,FW",Manchester City,24-247,2000,14.4,844,12,63,291,497,70,844,28,10,35.7,13,46.4,522,2650,1269,33,20,11,26,22,652,97,Matches,,,,,,
165,Wesley Fofana,fr FRA,DF,Chelsea,24-044,2000,11.3,821,76,341,451,43,9,821,13,7,53.8,3,23.1,502,2681,1353,14,10,1,15,4,581,4,Matches,,,,,,
166,Carlos Forbs,pt POR,"MF,FW",Wolves,20-317,2004,2.6,117,3,20,38,60,13,117,12,7,58.3,5,41.7,72,435,297,9,3,8,7,4,82,28,Matches,,,,,,
167,Fraser Forster,eng ENG,GK,Tottenham,36-319,1988,7.0,228,212,228,0,0,0,228,1,1,100.0,0,0.0,113,501,264,0,0,0,1,0,94,0,Matches,,,,,,
168,Ryan Fraser,sct SCO,"FW,DF",Southampton,30-341,1994,3.4,131,12,45,50,37,3,131,3,2,66.7,1,33.3,74,492,252,10,5,2,4,2,94,18,Matches,,,,,,
169,Niclas Füllkrug,de GER,FW,West Ham,31-356,1993,4.1,111,7,8,60,43,20,111,3,0,0.0,3,100.0,40,146,74,3,2,2,10,2,78,8,Matches,,,,,,
170,Cody Gakpo,nl NED,FW,Liverpool,25-268,1999,13.7,603,18,54,171,391,72,603,41,24,58.5,13,31.7,410,2849,1422,36,21,17,25,13,461,195,Matches,,,,,,
171,Idrissa Gana Gueye,sn SEN,MF,Everton,35-126,1989,18.5,991,45,239,564,193,14,991,23,11,47.8,11,47.8,465,2203,981,15,17,3,18,23,583,13,Matches,,,,,,
172,Alejandro Garnacho,ar ARG,"FW,MF",Manchester Utd,20-213,2004,13.7,651,8,78,228,356,89,651,53,14,26.4,34,64.2,460,3361,1601,76,38,38,35,28,497,160,Matches,,,,,,
173,James Garner,eng ENG,"DF,MF",Everton,23-323,2001,3.0,136,13,47,63,27,1,136,6,3,50.0,3,50.0,57,218,68,1,1,0,2,1,63,4,Matches,,,,,,
174,Tyrique George,eng ENG,FW,Chelsea,18-361,2006,0.1,4,0,1,1,2,0,4,0,0,,0,,3,29,11,1,0,0,0,0,4,0,Matches,,,,,,
175,Morgan Gibbs-White,eng ENG,MF,Nott'ham Forest,25-003,2000,16.7,906,19,108,432,381,60,906,53,22,41.5,24,45.3,528,2921,1526,43,30,8,36,27,691,77,Matches,,,,,,
Rk,Player,Nation,Pos,Squad,Age,Born,90s,Touches,Def Pen,Def 3rd,Mid 3rd,Att 3rd,Att Pen,Live,Att,Succ,Succ%,Tkld,Tkld%,Carries,TotDist,PrgDist,PrgC,1/3,CPA,Mis,Dis,Rec,PrgR,Matches,,,,,,
176,Billy Gilmour,sct SCO,MF,Brighton,23-233,2001,1.1,73,2,14,46,13,0,73,2,1,50.0,1,50.0,44,210,117,2,0,0,0,0,58,2,Matches,,,,,,
177,Ben Godfrey,eng ENG,DF,Ipswich Town,27-015,1998,0.7,49,2,19,24,6,1,49,0,0,,0,,29,170,53,1,2,0,2,1,34,0,Matches,,,,,,
178,Martial Godo,eng ENG,FW,Fulham,21-322,2003,0.2,11,0,1,4,6,3,11,2,0,0.0,2,100.0,8,48,18,0,0,0,0,0,6,3,Matches,,,,,,
179,João Gomes,br BRA,MF,Wolves,23-353,2001,20.6,1192,47,279,660,266,19,1192,27,14,51.9,10,37.0,608,3669,1796,35,31,4,22,33,772,43,Matches,,,,,,
180,Rodrigo Gomes,pt POR,"DF,FW",Wolves,21-207,2003,6.1,288,19,67,102,122,22,288,10,3,30.0,5,50.0,145,980,586,17,11,7,13,6,171,56,Matches,,,,,,
181,Toti Gomes,pt POR,DF,Wolves,26-014,1999,14.0,926,128,473,417,48,8,926,16,11,68.8,3,18.8,515,2600,1351,5,9,0,12,8,615,7,Matches,,,,,,
182,Diego Gómez,py PAR,MF,Brighton,21-309,2003,0.0,2,0,1,0,1,0,2,0,0,,0,,0,0,0,0,0,0,0,0,0,0,Matches,,,,,,
183,Joe Gomez,eng ENG,DF,Liverpool,27-252,1997,5.8,481,54,183,264,37,5,481,0,0,,0,,303,1638,947,5,2,1,1,2,335,2,Matches,,,,,,
184,Anthony Gordon,eng ENG,FW,Newcastle Utd,23-341,2001,19.6,928,15,101,338,506,105,926,82,33,40.2,34,41.5,617,4461,2396,90,44,45,22,29,655,164,Matches,,,,,,
185,Ryan Gravenberch,nl NED,MF,Liverpool,22-259,2002,21.1,1455,65,287,855,331,17,1455,42,21,50.0,14,33.3,892,4617,2409,43,48,5,29,12,1055,34,Matches,,,,,,
186,Archie Gray,eng ENG,DF,Tottenham,18-324,2006,9.7,755,96,372,342,50,1,755,7,4,57.1,2,28.6,516,2298,946,3,5,0,3,7,562,7,Matches,,,,,,
187,Jack Grealish,eng ENG,"FW,MF",Manchester City,29-142,1995,6.8,438,12,34,132,276,65,438,25,13,52.0,8,32.0,323,2560,1591,66,18,45,8,12,358,111,Matches,,,,,,
188,Jacob Greaves,eng ENG,DF,Ipswich Town,24-140,2000,13.0,721,161,413,277,32,12,721,2,1,50.0,1,50.0,327,1179,484,2,1,0,6,2,445,4,Matches,,,,,,
189,Brajan Gruda,de GER,"FW,MF",Brighton,20-244,2004,4.1,192,4,26,64,103,22,192,17,6,35.3,7,41.2,115,808,399,14,16,8,6,16,125,39,Matches,,,,,,
190,Gonçalo Guedes,pt POR,"MF,FW",Wolves,28-062,1996,6.9,323,3,36,140,159,21,323,19,5,26.3,11,57.9,193,1461,721,25,17,2,32,13,218,46,Matches,,,,,,
191,Marc Guéhi,eng ENG,DF,Crystal Palace,24-201,2000,22.0,1418,228,766,582,79,18,1418,11,9,81.8,2,18.2,768,3791,1948,9,12,1,13,10,880,3,Matches,,,,,,
192,Luis Guilherme,br BRA,"MF,FW",West Ham,18-356,2006,0.6,31,3,9,9,13,1,31,3,0,0.0,1,33.3,12,73,20,0,1,0,1,0,19,4,Matches,,,,,,
193,Bruno Guimarães,br BRA,MF,Newcastle Utd,27-075,1997,22.2,1398,49,302,735,375,37,1398,54,23,42.6,17,31.5,949,5146,2171,31,28,5,34,60,1054,53,Matches,,,,,,
194,Marc Guiu,es ESP,FW,Chelsea,19-026,2006,0.4,9,0,1,3,5,0,9,1,0,0.0,1,100.0,3,3,1,0,0,0,0,0,4,1,Matches,,,,,,
195,İlkay Gündoğan,de GER,MF,Manchester City,34-098,1990,14.9,1188,28,181,567,457,43,1188,23,13,56.5,6,26.1,702,3949,1861,37,37,7,18,15,932,59,Matches,,,,,,
196,Malo Gusto,fr FRA,DF,Chelsea,21-256,2003,14.1,1076,33,272,515,298,33,1076,10,3,30.0,7,70.0,572,2701,1376,31,25,3,8,11,718,62,Matches,,,,,,
197,Joško Gvardiol,hr CRO,DF,Manchester City,23-007,2002,21.5,1821,74,414,839,584,68,1821,29,18,62.1,9,31.0,1166,6093,3455,56,71,12,16,12,1342,74,Matches,,,,,,
198,Erling Haaland,no NOR,FW,Manchester City,24-193,2000,22.6,483,20,34,154,298,149,481,25,10,40.0,13,52.0,231,1149,439,16,13,15,36,19,369,92,Matches,,,,,,
199,Lewis Hall,eng ENG,DF,Newcastle Utd,20-144,2004,20.4,1556,78,539,670,364,44,1556,16,8,50.0,6,37.5,857,3955,2149,37,22,11,28,17,958,68,Matches,,,,,,
200,Ali Al Hamadi,iq IRQ,FW,Ipswich Town,22-335,2002,1.5,53,2,6,20,30,9,53,7,4,57.1,3,42.9,29,187,111,4,3,4,7,4,36,14,Matches,,,,,,
Rk,Player,Nation,Pos,Squad,Age,Born,90s,Touches,Def Pen,Def 3rd,Mid 3rd,Att 3rd,Att Pen,Live,Att,Succ,Succ%,Tkld,Tkld%,Carries,TotDist,PrgDist,PrgC,1/3,CPA,Mis,Dis,Rec,PrgR,Matches,,,,,,
201,Marcus Harness,eng ENG,MF,Ipswich Town,28-341,1996,0.5,22,4,7,2,13,3,22,1,0,0.0,1,100.0,9,49,14,0,0,0,0,0,9,1,Matches,,,,,,
202,Jack Harrison,eng ENG,FW,Everton,28-071,1996,11.1,424,19,85,145,197,38,424,38,11,28.9,23,60.5,245,1307,641,24,10,8,26,26,293,59,Matches,,,,,,
203,Taylor Harwood-Bellis,eng ENG,DF,Southampton,23-000,2002,20.6,1734,235,812,800,128,28,1734,2,2,100.0,0,0.0,982,4355,2545,19,21,0,10,5,1272,7,Matches,,,,,,
204,Kai Havertz,de GER,"FW,MF",Arsenal,25-233,1999,19.4,733,30,84,267,387,99,733,38,9,23.7,24,63.2,389,1839,846,30,21,16,41,22,548,103,Matches,,,,,,
205,Jan Paul van Hecke,nl NED,DF,Brighton,24-236,2000,19.9,1654,165,700,845,122,21,1654,8,3,37.5,4,50.0,1119,6852,4680,34,35,0,9,4,1189,5,Matches,,,,,,
206,Hwang Hee-chan,kr KOR,"MF,FW",Wolves,29-004,1996,6.8,243,9,38,93,114,22,243,11,1,9.1,10,90.9,138,874,414,14,5,7,12,7,158,37,Matches,,,,,,
207,Dean Henderson,eng ENG,GK,Crystal Palace,27-324,1997,23.0,812,655,810,1,1,1,812,0,0,,0,,474,2819,1263,0,0,0,1,0,364,0,Matches,,,,,,
208,Rico Henry,eng ENG,DF,Brentford,27-206,1997,0.0,6,0,4,1,1,0,6,0,0,,0,,2,5,0,0,0,0,0,0,2,1,Matches,,,,,,
209,Mads Hermansen,dk DEN,GK,Leicester City,24-203,2000,15.5,644,487,619,26,0,0,644,1,1,100.0,0,0.0,413,2064,1073,0,0,0,0,0,329,0,Matches,,,,,,
210,Son Heung-min,kr KOR,FW,Tottenham,32-206,1992,16.6,809,9,73,257,486,85,808,57,24,42.1,27,47.4,541,3251,1672,64,36,26,21,20,632,189,Matches,,,,,,
211,James Hill,eng ENG,"DF,MF",Bournemouth,23-020,2002,2.0,116,7,29,60,27,0,116,2,1,50.0,1,50.0,53,140,75,0,2,0,2,0,59,5,Matches,,,,,,
212,Jack Hinshelwood,eng ENG,"MF,DF",Brighton,19-294,2005,9.5,585,27,173,278,139,12,585,6,1,16.7,5,83.3,277,1171,581,10,6,1,11,1,381,28,Matches,,,,,,
213,George Hirst,eng ENG,FW,Ipswich Town,25-350,1999,2.4,76,4,11,23,42,11,76,1,0,0.0,1,100.0,42,218,66,3,1,3,10,7,67,15,Matches,,,,,,
214,Mason Holgate,eng ENG,"FW,DF",Everton,28-100,1996,0.1,3,0,0,2,1,0,3,0,0,,0,,1,0,0,0,0,0,1,0,1,0,Matches,,,,,,
215,Callum Hudson-Odoi,eng ENG,"FW,MF",Nott'ham Forest,24-084,2000,16.9,725,10,76,231,435,52,725,46,27,58.7,13,28.3,453,3718,2448,92,45,32,33,19,555,133,Matches,,,,,,
216,Will Hughes,eng ENG,MF,Crystal Palace,29-288,1995,14.7,772,24,160,410,212,12,772,10,3,30.0,5,50.0,356,1930,863,16,16,1,16,16,439,20,Matches,,,,,,
217,Dean Huijsen,es ESP,DF,Bournemouth,19-291,2005,12.8,883,122,411,426,54,19,883,2,1,50.0,1,50.0,481,2856,1861,21,8,0,5,0,533,3,Matches,,,,,,
218,Omari Hutchinson,eng ENG,"MF,FW",Ipswich Town,21-092,2003,19.7,812,11,130,345,352,59,812,94,38,40.4,42,44.7,503,3865,1799,53,30,25,55,46,578,90,Matches,,,,,,
219,Rasmus Højlund,dk DEN,FW,Manchester Utd,21-361,2003,12.1,290,3,15,147,132,31,290,21,6,28.6,14,66.7,182,888,357,17,10,8,44,17,233,54,Matches,,,,,,
220,Igor,br BRA,DF,Brighton,26-358,1998,10.0,764,109,377,353,38,1,764,4,3,75.0,1,25.0,497,2837,1782,9,14,0,1,0,568,0,Matches,,,,,,
221,Danny Ings,eng ENG,"FW,MF",West Ham,32-191,1992,2.9,128,2,14,48,66,25,128,7,4,57.1,2,28.6,56,311,115,6,0,2,5,6,90,26,Matches,,,,,,
222,Tim Iroegbunam,eng ENG,MF,Everton,21-214,2003,4.3,158,9,43,79,41,11,158,12,5,41.7,5,41.7,80,470,232,5,7,2,6,9,72,7,Matches,,,,,,
223,Andy Irving,sct SCO,MF,West Ham,24-262,2000,1.0,113,2,23,74,16,0,113,1,1,100.0,0,0.0,61,223,105,0,1,0,1,3,83,2,Matches,,,,,,
224,Alexander Isak,se SWE,FW,Newcastle Utd,25-131,1999,19.0,675,13,38,253,393,122,674,68,33,48.5,34,50.0,414,2501,1304,58,29,32,43,34,474,135,Matches,,,,,,
225,Alex Iwobi,ng NGA,"FW,MF",Fulham,28-272,1996,21.5,1210,23,167,478,585,81,1210,65,35,53.8,27,41.5,874,5203,2900,94,74,28,40,29,964,158,Matches,,,,,,
Rk,Player,Nation,Pos,Squad,Age,Born,90s,Touches,Def Pen,Def 3rd,Mid 3rd,Att 3rd,Att Pen,Live,Att,Succ,Succ%,Tkld,Tkld%,Carries,TotDist,PrgDist,PrgC,1/3,CPA,Mis,Dis,Rec,PrgR,Matches,,,,,,
226,Nicolas Jackson,sn SEN,FW,Chelsea,23-224,2001,18.7,531,19,41,222,276,113,531,50,17,34.0,25,50.0,312,1992,1077,40,21,26,51,30,384,91,Matches,,,,,,
227,Reece James,eng ENG,DF,Chelsea,25-053,1999,4.7,405,18,135,208,64,2,405,8,5,62.5,2,25.0,198,760,333,0,0,0,4,1,240,2,Matches,,,,,,
228,Vitaly Janelt,de GER,MF,Brentford,26-265,1998,18.4,954,91,318,431,213,24,954,11,3,27.3,6,54.5,502,2338,954,11,14,2,15,10,612,29,Matches,,,,,,
229,Vitezslav Jaros,cz CZE,GK,Liverpool,23-191,2001,0.1,8,5,8,0,0,0,8,0,0,,0,,7,29,8,0,0,0,0,0,5,0,Matches,,,,,,
230,Daniel Jebbison,eng ENG,"FW,MF",Bournemouth,21-170,2003,0.5,26,2,3,9,14,5,26,3,2,66.7,1,33.3,20,135,74,2,1,2,3,2,22,7,Matches,,,,,,
231,Mathias Jensen,dk DEN,MF,Brentford,29-029,1996,7.5,422,19,97,176,150,7,422,13,7,53.8,4,30.8,227,1006,488,6,7,0,6,6,260,20,Matches,,,,,,
232,Gabriel Jesus,br BRA,FW,Arsenal,27-302,1997,6.8,299,9,28,108,165,48,299,22,9,40.9,10,45.5,179,953,432,15,6,11,13,13,217,57,Matches,,,,,,
233,Raúl Jiménez,mx MEX,FW,Fulham,33-270,1991,16.1,568,18,61,252,262,98,565,30,10,33.3,17,56.7,316,1335,578,19,11,8,38,24,415,72,Matches,,,,,,
234,Kim Jisoo,kr KOR,DF,Brentford,20-037,2004,0.3,29,1,14,12,3,0,29,0,0,,0,,15,57,22,0,0,0,0,1,22,0,Matches,,,,,,
235,João Pedro,br BRA,"FW,MF",Brighton,23-126,2001,14.4,608,8,39,252,325,81,607,51,21,41.2,25,49.0,416,2648,1246,48,26,23,47,25,494,93,Matches,,,,,,
236,Joelinton,br BRA,"MF,FW",Newcastle Utd,28-169,1996,20.6,1072,55,205,521,355,69,1072,40,12,30.0,25,62.5,584,2909,1395,32,18,7,31,44,729,94,Matches,,,,,,
237,Ben Johnson,eng ENG,"DF,FW",Ipswich Town,25-006,2000,9.2,406,37,166,144,98,6,406,17,7,41.2,8,47.1,173,948,378,10,9,2,14,9,194,18,Matches,,,,,,
238,Brennan Johnson,wls WAL,FW,Tottenham,23-252,2001,16.6,606,10,56,188,369,100,606,28,14,50.0,11,39.3,371,2051,1048,46,14,27,18,9,437,153,Matches,,,,,,
239,Sam Johnstone,eng ENG,GK,Wolves,31-311,1993,7.0,306,229,304,2,0,0,306,0,0,,0,,196,1221,756,0,0,0,0,0,179,0,Matches,,,,,,
240,Curtis Jones,eng ENG,MF,Liverpool,24-000,2001,10.0,660,15,94,355,215,35,660,12,8,66.7,3,25.0,408,1928,850,11,8,3,15,25,518,48,Matches,,,,,,
241,Jorginho,it ITA,MF,Arsenal,33-041,1991,5.1,338,5,67,202,73,1,338,2,1,50.0,0,0.0,195,990,572,8,7,0,8,7,249,2,Matches,,,,,,
242,Diogo Jota,pt POR,FW,Liverpool,28-057,1996,7.0,273,4,22,109,148,53,273,21,8,38.1,12,57.1,147,993,498,24,17,13,22,13,191,54,Matches,,,,,,
243,James Justin,eng ENG,DF,Leicester City,26-342,1998,21.1,1264,101,456,548,267,32,1264,24,7,29.2,10,41.7,564,2357,1177,31,19,4,21,8,695,60,Matches,,,,,,
244,Filip Jørgensen,dk DEN,GK,Chelsea,22-289,2002,2.0,55,47,55,0,0,0,55,0,0,,0,,38,172,110,0,0,0,0,0,35,0,Matches,,,,,,
245,Ferdi Kadioglu,tr TUR,"DF,MF",Brighton,25-115,1999,4.3,231,13,71,91,72,9,231,7,3,42.9,3,42.9,124,479,183,1,0,0,6,2,144,27,Matches,,,,,,
246,Daichi Kamada,jp JPN,MF,Crystal Palace,28-178,1996,9.7,534,13,100,291,146,17,534,8,4,50.0,4,50.0,265,1314,655,16,11,3,8,14,341,35,Matches,,,,,,
247,Boubacar Kamara,fr FRA,MF,Aston Villa,25-068,1999,10.5,619,49,182,358,84,6,619,19,7,36.8,7,36.8,308,1486,687,10,7,1,5,7,398,3,Matches,,,,,,
248,Michael Keane,eng ENG,DF,Everton,32-019,1993,9.0,409,78,226,167,18,14,409,1,0,0.0,1,100.0,187,736,234,1,1,0,0,2,236,3,Matches,,,,,,
249,Caoimhín Kelleher,ie IRL,GK,Liverpool,26-068,1998,8.0,309,230,308,1,0,0,309,1,1,100.0,0,0.0,232,851,453,0,0,0,1,0,209,0,Matches,,,,,,
250,Lloyd Kelly,eng ENG,DF,Newcastle Utd,26-116,1998,3.3,203,26,103,90,13,2,203,3,2,66.7,1,33.3,116,465,201,0,1,0,3,2,121,2,Matches,,,,,,
Rk,Player,Nation,Pos,Squad,Age,Born,90s,Touches,Def Pen,Def 3rd,Mid 3rd,Att 3rd,Att Pen,Live,Att,Succ,Succ%,Tkld,Tkld%,Carries,TotDist,PrgDist,PrgC,1/3,CPA,Mis,Dis,Rec,PrgR,Matches,,,,,,
251,Milos Kerkez,hu HUN,DF,Bournemouth,21-084,2003,22.2,1192,72,299,499,405,35,1192,25,12,48.0,7,28.0,602,3388,2014,54,34,8,29,11,642,107,Matches,,,,,,
252,Bilal El Khannouss,ma MAR,MF,Leicester City,20-265,2004,11.2,610,5,71,336,209,12,610,27,19,70.4,8,29.6,351,1913,866,26,18,3,17,15,404,34,Matches,,,,,,
253,Abdukodir Khusanov,uz UZB,DF,Manchester City,20-336,2004,0.6,52,8,33,19,1,0,52,1,0,0.0,1,100.0,41,163,44,0,0,0,0,0,43,0,Matches,,,,,,
254,Max Kilman,eng ENG,DF,West Ham,27-252,1997,22.2,1412,276,787,574,63,21,1412,16,11,68.8,1,6.3,758,3359,1963,20,6,2,10,1,934,3,Matches,,,,,,
255,Joshua King,eng ENG,"MF,FW",Fulham,18-027,2007,0.9,54,2,8,19,28,7,54,7,4,57.1,3,42.9,22,176,70,1,3,0,1,3,36,9,Matches,,,,,,
256,Antonín Kinský,cz CZE,GK,Tottenham,21-323,2003,3.0,122,102,120,2,0,0,122,0,0,,0,,70,309,166,1,0,0,0,0,74,0,Matches,,,,,,
257,Jakub Kiwior,pl POL,DF,Arsenal,24-350,2000,3.6,202,31,91,103,8,0,202,2,1,50.0,1,50.0,94,333,153,1,0,0,0,0,138,0,Matches,,,,,,
258,Justin Kluivert,nl NED,"MF,FW",Bournemouth,25-270,1999,16.0,625,18,70,204,368,89,619,46,16,34.8,23,50.0,359,2365,1343,46,33,26,34,15,395,99,Matches,,,,,,
259,Ibrahima Konaté,fr FRA,DF,Liverpool,25-250,1999,14.5,1167,117,472,612,87,13,1167,2,1,50.0,1,50.0,701,3312,1946,16,8,0,4,1,832,1,Matches,,,,,,
260,Ezri Konsa,eng ENG,DF,Aston Villa,27-099,1997,20.1,1176,128,546,547,89,15,1176,13,7,53.8,5,38.5,681,3492,1705,14,8,2,11,5,810,11,Matches,,,,,,
261,Mateo Kovačić,hr CRO,MF,Manchester City,30-269,1994,16.2,1401,31,191,780,447,14,1401,30,17,56.7,9,30.0,937,5450,2593,41,50,2,13,18,1140,14,Matches,,,,,,
262,Caleb Kporha,eng ENG,DF,Crystal Palace,18-199,2006,0.1,11,1,4,2,5,0,11,0,0,,0,,4,46,36,1,1,0,0,2,3,0,Matches,,,,,,
263,Emil Krafth,se SWE,DF,Newcastle Utd,30-181,1994,2.7,100,23,64,30,6,3,100,0,0,,0,,49,167,35,0,1,0,2,1,51,0,Matches,,,,,,
264,Mohammed Kudus,gh GHA,"MF,FW",West Ham,24-181,2000,16.4,736,8,96,302,359,79,736,123,57,46.3,53,43.1,482,3152,1494,61,34,30,42,54,573,139,Matches,,,,,,
265,Dejan Kulusevski,se SWE,"MF,FW",Tottenham,24-280,2000,20.7,1025,18,106,339,602,128,1025,93,31,33.3,54,58.1,658,5175,2802,104,60,32,59,58,722,178,Matches,,,,,,
266,Maxence Lacroix,fr FRA,DF,Crystal Palace,24-299,2000,20.0,1181,197,710,431,47,21,1181,11,8,72.7,1,9.1,648,3066,1449,7,4,0,14,2,706,2,Matches,,,,,,
267,Adam Lallana,eng ENG,MF,Southampton,36-265,1988,3.7,298,18,85,145,69,6,298,12,5,41.7,5,41.7,170,798,350,5,7,0,9,6,234,10,Matches,,,,,,
268,Tariq Lamptey,gh GHA,DF,Brighton,24-122,2000,4.8,277,14,69,125,85,5,277,17,6,35.3,10,58.8,157,1199,579,17,8,1,6,3,156,27,Matches,,,,,,
269,Will Lankshear,eng ENG,"FW,MF",Tottenham,19-285,2005,0.1,3,0,0,2,1,0,3,0,0,,0,,3,3,0,0,0,0,2,0,3,1,Matches,,,,,,
270,Roméo Lavia,be BEL,MF,Chelsea,21-024,2004,5.9,336,12,86,201,53,1,336,12,7,58.3,5,41.7,199,919,395,3,8,0,1,6,241,6,Matches,,,,,,
271,Mario Lemina,ga GAB,"MF,DF",Wolves,31-151,1993,15.2,809,92,324,378,119,18,809,16,10,62.5,4,25.0,382,2068,1038,8,12,2,21,11,482,21,Matches,,,,,,
272,Bernd Leno,de GER,GK,Fulham,32-332,1992,23.0,902,708,896,6,0,0,902,0,0,,0,,604,2225,1247,0,0,0,0,0,538,0,Matches,,,,,,
273,Jefferson Lerma,co COL,MF,Crystal Palace,30-097,1994,13.4,748,50,210,412,134,18,748,8,4,50.0,3,37.5,350,1316,610,7,6,0,6,11,441,22,Matches,,,,,,
274,Rico Lewis,eng ENG,"DF,MF",Manchester City,20-070,2004,15.6,1029,37,186,520,331,41,1029,14,6,42.9,8,57.1,607,3060,1637,32,26,8,17,16,745,57,Matches,,,,,,
275,Keane Lewis-Potter,eng ENG,"DF,FW",Brentford,23-343,2001,20.3,869,63,252,316,310,49,869,62,20,32.3,35,56.5,473,3604,1878,61,39,25,31,14,537,101,Matches,,,,,,
Rk,Player,Nation,Pos,Squad,Age,Born,90s,Touches,Def Pen,Def 3rd,Mid 3rd,Att 3rd,Att Pen,Live,Att,Succ,Succ%,Tkld,Tkld%,Carries,TotDist,PrgDist,PrgC,1/3,CPA,Mis,Dis,Rec,PrgR,Matches,,,,,,
276,Myles Lewis-Skelly,eng ENG,DF,Arsenal,18-126,2006,5.1,332,8,57,184,97,6,332,11,6,54.5,3,27.3,182,772,433,9,4,1,2,3,220,14,Matches,,,,,,
277,Matthijs de Ligt,nl NED,DF,Manchester Utd,25-171,1999,17.1,1200,129,617,553,34,20,1200,2,1,50.0,1,50.0,832,3566,1601,4,1,0,3,2,894,4,Matches,,,,,,
278,Pedro Lima,br BRA,DF,Wolves,18-213,2006,0.6,33,0,6,6,21,2,33,1,0,0.0,1,100.0,13,74,47,3,2,1,1,0,20,8,Matches,,,,,,
279,Victor Lindelöf,se SWE,"DF,MF",Manchester Utd,30-197,1994,0.7,51,6,26,19,6,2,51,0,0,,0,,19,121,73,0,0,0,0,0,29,1,Matches,,,,,,
280,Jesper Lindstrøm,dk DEN,FW,Everton,24-336,2000,8.9,427,12,83,131,222,26,427,31,7,22.6,20,64.5,200,1161,598,24,13,6,21,16,235,54,Matches,,,,,,
281,Valentino Livramento,eng ENG,DF,Newcastle Utd,22-079,2002,17.6,1126,75,385,504,257,13,1126,31,14,45.2,12,38.7,600,3487,1727,42,25,5,13,25,627,59,Matches,,,,,,
282,Sean Longstaff,eng ENG,MF,Newcastle Utd,27-092,1997,8.0,385,19,98,176,114,21,385,6,2,33.3,3,50.0,222,1080,408,4,10,2,7,7,276,20,Matches,,,,,,
283,Saša Lukić,rs SRB,MF,Fulham,28-170,1996,15.7,939,36,211,561,176,7,939,10,5,50.0,3,30.0,540,3000,1499,28,30,3,11,4,624,12,Matches,,,,,,
284,Joe Lumley,eng ENG,GK,Southampton,29-350,1995,3.0,164,116,161,3,0,0,164,0,0,,0,,103,476,296,0,0,0,0,0,108,0,Matches,,,,,,
285,Massimo Luongo,au AUS,MF,Ipswich Town,32-127,1992,1.9,72,9,32,24,16,1,72,0,0,,0,,38,140,25,0,0,0,2,3,41,1,Matches,,,,,,
286,Ian Maatsen,nl NED,DF,Aston Villa,22-326,2002,4.6,357,23,102,141,117,20,357,12,5,41.7,7,58.3,180,1086,509,10,7,6,10,11,207,37,Matches,,,,,,
287,Alexis Mac Allister,ar ARG,MF,Liverpool,26-037,1998,17.4,1167,31,178,614,385,42,1167,30,12,40.0,15,50.0,597,2486,1286,22,28,2,16,17,804,49,Matches,,,,,,
288,James Maddison,eng ENG,MF,Tottenham,28-068,1996,14.4,1068,19,151,478,450,61,1068,53,25,47.2,22,41.5,738,3653,1673,34,30,14,17,17,822,69,Matches,,,,,,
289,Noni Madueke,eng ENG,FW,Chelsea,22-326,2002,15.3,657,10,65,177,426,133,657,64,26,40.6,33,51.6,436,3717,2351,102,37,62,36,21,502,164,Matches,,,,,,
290,Gabriel Magalhães,br BRA,DF,Arsenal,27-042,1997,20.1,1436,157,535,743,165,34,1436,4,4,100.0,0,0.0,856,3229,1917,5,15,0,8,2,1060,9,Matches,,,,,,
291,Edmond-Paris Maghoma,eng ENG,MF,Brentford,23-267,2001,0.9,61,1,8,37,17,2,61,3,2,66.7,1,33.3,41,240,153,3,2,1,2,0,46,2,Matches,,,,,,
292,Harry Maguire,eng ENG,DF,Manchester Utd,31-331,1993,11.1,769,85,386,359,34,17,769,3,2,66.7,1,33.3,472,3004,1250,4,3,3,5,2,508,1,Matches,,,,,,
293,Kobbie Mainoo,eng ENG,MF,Manchester Utd,19-286,2005,13.5,816,17,161,467,195,26,816,37,20,54.1,15,40.5,502,2229,991,18,11,8,23,27,572,31,Matches,,,,,,
294,Tyrell Malacia,nl NED,DF,Manchester Utd,25-166,1999,1.1,62,2,20,27,15,0,62,1,1,100.0,0,0.0,37,190,118,3,2,0,1,2,43,6,Matches,,,,,,
295,Donyell Malen,nl NED,FW,Aston Villa,26-021,1999,0.3,10,0,1,1,8,0,10,2,0,0.0,2,100.0,4,68,15,1,1,0,1,1,4,1,Matches,,,,,,
296,Orel Mangala,be BEL,MF,Everton,26-318,1998,14.0,621,22,133,335,157,13,621,24,14,58.3,9,37.5,298,1574,576,6,6,3,12,12,406,19,Matches,,,,,,
297,Ryan Manning,ie IRL,DF,Southampton,28-230,1996,8.5,488,40,132,195,167,18,488,22,8,36.4,10,45.5,244,1103,519,10,8,3,13,5,303,51,Matches,,,,,,
298,Solly March,eng ENG,"MF,DF",Brighton,30-194,1994,0.3,22,0,4,8,10,1,22,1,1,100.0,0,0.0,5,23,3,0,0,0,0,0,8,1,Matches,,,,,,
299,Omar Marmoush,eg EGY,FW,Manchester City,25-358,1999,0.8,26,1,2,9,15,1,26,2,0,0.0,2,100.0,17,100,57,2,0,0,4,0,19,4,Matches,,,,,,
300,Gabriel Martinelli,br BRA,"FW,MF",Arsenal,23-226,2001,15.2,614,11,62,172,388,111,614,84,24,28.6,46,54.8,391,2922,1549,74,22,32,31,26,449,175,Matches,,,,,,
Rk,Player,Nation,Pos,Squad,Age,Born,90s,Touches,Def Pen,Def 3rd,Mid 3rd,Att 3rd,Att Pen,Live,Att,Succ,Succ%,Tkld,Tkld%,Carries,TotDist,PrgDist,PrgC,1/3,CPA,Mis,Dis,Rec,PrgR,Matches,,,,,,
301,Emiliano Martínez,ar ARG,GK,Aston Villa,32-150,1992,22.5,899,675,891,8,0,0,899,1,1,100.0,0,0.0,535,2733,1701,0,0,0,1,0,498,0,Matches,,,,,,
302,Lisandro Martínez,ar ARG,DF,Manchester Utd,27-012,1998,18.6,1447,151,684,658,116,16,1447,6,5,83.3,1,16.7,957,4906,3000,23,22,2,1,2,1013,7,Matches,,,,,,
303,Pape Matar Sarr,sn SEN,MF,Tottenham,22-138,2002,13.7,890,26,196,496,214,14,890,19,8,42.1,9,47.4,566,3293,1370,22,23,4,22,15,636,35,Matches,,,,,,
304,Jean-Philippe Mateta,fr FRA,FW,Crystal Palace,27-216,1997,19.7,489,18,39,231,229,62,487,29,9,31.0,17,58.6,256,1345,651,27,16,6,43,29,361,87,Matches,,,,,,
305,Stephy Mavididi,eng ENG,FW,Leicester City,26-244,1998,14.2,675,19,99,263,326,48,675,76,28,36.8,42,55.3,454,3323,1778,66,31,20,33,30,485,99,Matches,,,,,,
306,Konstantinos Mavropanos,gr GRE,DF,West Ham,27-050,1997,15.4,1024,149,524,460,47,18,1024,13,7,53.8,4,30.8,563,2861,1580,12,8,1,9,0,657,2,Matches,,,,,,
307,Noussair Mazraoui,ma MAR,DF,Manchester Utd,27-077,1997,19.6,1382,85,506,672,224,20,1382,34,21,61.8,11,32.4,761,3616,1793,24,19,2,13,13,842,39,Matches,,,,,,
308,Bryan Mbeumo,cm CMR,FW,Brentford,25-176,1999,22.9,1063,38,164,336,581,89,1059,61,29,47.5,25,41.0,627,4072,2112,79,44,46,65,27,711,222,Matches,,,,,,
309,James Mcatee,eng ENG,"MF,FW",Manchester City,22-104,2002,0.8,59,0,5,25,29,6,59,3,1,33.3,2,66.7,34,213,97,3,1,0,0,1,47,8,Matches,,,,,,
310,Kasey McAteer,ie IRL,"FW,MF",Leicester City,23-069,2001,4.3,189,15,45,74,76,15,189,9,1,11.1,5,55.6,111,749,364,13,7,6,5,4,123,36,Matches,,,,,,
311,Alex McCarthy,eng ENG,GK,Southampton,35-058,1989,5.0,173,141,173,0,0,0,173,0,0,,0,,100,452,276,0,0,0,0,0,88,0,Matches,,,,,,
312,John McGinn,sct SCO,"FW,MF",Aston Villa,30-104,1994,14.1,526,8,74,257,200,35,526,27,10,37.0,9,33.3,288,1560,700,22,12,4,24,16,374,62,Matches,,,,,,
313,Dwight McNeil,eng ENG,"MF,FW",Everton,25-069,1999,12.7,619,2,61,267,305,18,619,37,20,54.1,16,43.2,358,2224,930,31,28,4,22,24,416,65,Matches,,,,,,
314,Scott McTominay,sct SCO,MF,Manchester Utd,28-053,1996,0.2,14,1,3,8,3,1,14,1,0,0.0,1,100.0,10,68,44,0,0,0,1,1,9,2,Matches,,,,,,
315,Ben Mee,eng ENG,DF,Brentford,35-131,1989,2.0,138,18,66,62,11,3,138,0,0,,0,,78,404,274,3,1,1,0,0,86,2,Matches,,,,,,
316,Jayden Meghoma,eng ENG,DF,Brentford,18-216,2006,0.1,3,1,2,0,1,0,3,0,0,,0,,1,1,0,0,0,0,0,0,2,0,Matches,,,,,,
317,Mikel Merino,es ESP,MF,Arsenal,28-222,1996,8.4,451,24,95,188,175,39,451,8,4,50.0,2,25.0,232,804,323,4,6,3,12,9,297,47,Matches,,,,,,
318,Nikola Milenković,rs SRB,DF,Nott'ham Forest,27-110,1997,22.0,804,148,430,322,55,44,804,1,1,100.0,0,0.0,318,1307,621,2,1,1,1,2,407,4,Matches,,,,,,
319,Lewis Miley,eng ENG,MF,Newcastle Utd,18-274,2006,0.3,50,1,12,32,7,0,50,0,0,,0,,28,120,62,0,0,0,2,0,34,1,Matches,,,,,,
320,James Milner,eng ENG,MF,Brighton,39-026,1986,1.9,92,3,13,48,31,4,92,1,1,100.0,0,0.0,46,223,97,1,1,0,0,0,58,10,Matches,,,,,,
321,Tyrone Mings,eng ENG,DF,Aston Villa,31-323,1993,5.2,360,60,202,147,14,5,360,0,0,,0,,214,1242,600,1,3,0,1,0,263,0,Matches,,,,,,
322,Yankuba Minteh,gm GAM,"FW,MF",Brighton,20-192,2004,8.3,338,9,42,96,211,58,338,51,23,45.1,24,47.1,195,1576,965,39,13,30,20,6,196,86,Matches,,,,,,
323,Tyrick Mitchell,eng ENG,DF,Crystal Palace,25-151,1999,22.3,1190,75,403,462,336,27,1190,23,10,43.5,10,43.5,562,2651,1243,44,27,5,26,21,627,119,Matches,,,,,,
324,Kaoru Mitoma,jp JPN,"FW,MF",Brighton,27-255,1997,20.5,964,9,104,338,542,123,964,92,38,41.3,51,55.4,602,4825,2850,109,58,46,38,18,701,223,Matches,,,,,,
325,Jakub Moder,pl POL,MF,Brighton,25-298,1999,0.1,27,2,7,12,9,1,27,0,0,,0,,13,93,62,2,3,0,0,0,14,0,Matches,,,,,,
Rk,Player,Nation,Pos,Squad,Age,Born,90s,Touches,Def Pen,Def 3rd,Mid 3rd,Att 3rd,Att Pen,Live,Att,Succ,Succ%,Tkld,Tkld%,Carries,TotDist,PrgDist,PrgC,1/3,CPA,Mis,Dis,Rec,PrgR,Matches,,,,,,
326,Mikey Moore,eng ENG,"FW,MF",Tottenham,17-172,2007,1.6,73,0,5,13,55,9,73,9,1,11.1,7,77.8,51,402,210,9,3,4,2,4,56,26,Matches,,,,,,
327,Morato,br BRA,DF,Nott'ham Forest,23-214,2001,4.9,216,50,138,65,14,1,216,1,1,100.0,0,0.0,65,308,157,0,2,0,4,1,71,0,Matches,,,,,,
328,Álex Moreno,es ESP,DF,Nott'ham Forest,31-236,1993,9.0,474,50,175,175,135,7,474,19,7,36.8,7,36.8,202,1329,793,24,16,3,11,5,221,28,Matches,,,,,,
329,Sam Morsy,eg EGY,MF,Ipswich Town,33-142,1991,20.1,1150,59,332,655,173,4,1150,16,11,68.8,4,25.0,602,3173,1316,8,18,1,12,7,781,8,Matches,,,,,,
330,Yerson Mosquera,co COL,DF,Wolves,23-273,2001,4.9,294,43,170,115,12,7,294,0,0,,0,,168,683,322,0,1,0,4,1,182,0,Matches,,,,,,
331,Mason Mount,eng ENG,"MF,FW",Manchester Utd,26-020,1999,2.7,119,1,18,65,36,6,119,4,0,0.0,3,75.0,74,323,102,2,2,0,4,4,86,5,Matches,,,,,,
332,Divin Mubama,eng ENG,FW,Manchester City,20-097,2004,0.3,5,0,0,2,3,1,5,0,0,,0,,2,14,0,0,0,0,0,1,3,0,Matches,,,,,,
333,Mykhailo Mudryk,ua UKR,FW,Chelsea,24-025,2001,1.7,62,3,12,15,38,6,62,8,3,37.5,5,62.5,39,468,227,7,8,0,3,7,42,12,Matches,,,,,,
334,Rodrigo Muniz,br BRA,FW,Fulham,23-271,2001,7.3,204,8,16,106,86,36,204,13,4,30.8,6,46.2,101,444,135,4,3,1,26,16,155,24,Matches,,,,,,
335,Daniel Muñoz,co COL,DF,Crystal Palace,28-249,1996,21.0,1198,74,321,500,390,65,1198,36,12,33.3,22,61.1,471,2302,910,29,19,9,35,11,583,134,Matches,,,,,,
336,Arijanet Muric,xk KVX,GK,Ipswich Town,26-084,1998,17.0,649,526,632,18,0,0,649,0,0,,0,,381,1917,1076,0,0,0,2,1,291,0,Matches,,,,,,
337,Murillo,br BRA,DF,Nott'ham Forest,22-210,2002,21.7,1118,264,589,470,71,15,1118,21,17,81.0,4,19.0,486,2499,1506,11,20,1,12,7,555,3,Matches,,,,,,
338,Jacob Murphy,eng ENG,FW,Newcastle Utd,29-341,1995,13.9,675,10,94,265,323,48,675,30,12,40.0,17,56.7,425,2519,1337,46,19,17,20,22,487,119,Matches,,,,,,
339,Vitaliy Mykolenko,ua UKR,DF,Everton,25-246,1999,19.3,930,77,306,399,231,14,930,11,4,36.4,6,54.5,360,1452,817,19,12,0,10,5,450,48,Matches,,,,,,
340,Iliman Ndiaye,sn SEN,FW,Everton,24-330,2000,19.6,792,28,170,326,343,58,791,119,54,45.4,56,47.1,454,3777,1874,67,37,25,40,35,478,91,Matches,,,,,,
341,Wilfred Ndidi,ng NGA,MF,Leicester City,28-045,1996,13.5,735,69,262,339,141,36,735,23,11,47.8,11,47.8,370,1517,579,9,11,2,21,21,436,49,Matches,,,,,,
342,Kosta Nedeljković,rs SRB,DF,Aston Villa,19-045,2005,1.3,55,4,13,26,16,0,55,2,1,50.0,1,50.0,22,85,28,1,0,0,1,0,26,0,Matches,,,,,,
343,Reiss Nelson,eng ENG,FW,Arsenal,25-051,1999,0.0,2,0,1,1,0,0,2,0,0,,0,,1,4,4,0,0,0,0,0,1,0,Matches,,,,,,
344,Reiss Nelson,eng ENG,FW,Fulham,25-051,1999,5.4,347,5,30,110,212,35,347,35,13,37.1,13,37.1,259,1956,960,45,25,21,14,8,274,63,Matches,,,,,,
345,Neto,br BRA,GK,Bournemouth,35-195,1989,2.0,70,60,70,0,0,0,70,0,0,,0,,35,148,99,0,0,0,0,0,28,0,Matches,,,,,,
346,Pedro Neto,pt POR,FW,Chelsea,24-327,2000,12.1,547,5,56,176,323,55,547,59,21,35.6,23,39.0,365,3174,1727,70,32,26,22,12,411,107,Matches,,,,,,
347,Eddie Nketiah,eng ENG,"MF,FW",Crystal Palace,25-245,1999,7.0,262,5,27,106,133,39,262,14,7,50.0,5,35.7,155,1202,662,30,16,11,18,12,189,51,Matches,,,,,,
348,Christopher Nkunku,fr FRA,FW,Chelsea,27-077,1997,4.8,207,6,27,73,107,27,207,16,6,37.5,8,50.0,126,584,232,7,4,8,7,5,157,36,Matches,,,,,,
349,Matheus Nunes,pt POR,"DF,MF",Manchester City,26-156,1998,8.9,650,19,110,219,323,46,650,25,11,44.0,10,40.0,402,2285,1211,38,12,21,16,6,468,106,Matches,,,,,,
350,Darwin Núñez,uy URU,FW,Liverpool,25-220,1999,8.9,241,8,32,77,140,50,241,15,8,53.3,6,40.0,135,794,460,19,15,9,13,13,164,58,Matches,,,,,,
Rk,Player,Nation,Pos,Squad,Age,Born,90s,Touches,Def Pen,Def 3rd,Mid 3rd,Att 3rd,Att Pen,Live,Att,Succ,Succ%,Tkld,Tkld%,Carries,TotDist,PrgDist,PrgC,1/3,CPA,Mis,Dis,Rec,PrgR,Matches,,,,,,
351,Ethan Nwaneri,eng ENG,"MF,FW",Arsenal,17-315,2007,3.2,159,2,19,62,80,9,159,13,7,53.8,4,30.8,111,887,464,14,10,5,8,5,117,22,Matches,,,,,,
352,Christian Nørgaard,dk DEN,MF,Brentford,30-326,1994,17.9,1052,108,375,494,191,34,1052,11,5,45.5,4,36.4,507,1905,840,9,9,3,21,14,638,28,Matches,,,,,,
353,Jake O'Brien,ie IRL,DF,Everton,23-260,2001,2.5,137,14,71,51,16,2,137,5,1,20.0,4,80.0,57,253,102,1,1,1,1,0,66,3,Matches,,,,,,
354,Matt O'Riley,dk DEN,MF,Brighton,24-070,2000,4.7,232,11,39,102,91,23,232,5,2,40.0,3,60.0,104,434,201,8,4,2,7,1,128,24,Matches,,,,,,
355,Dara O'Shea,ie IRL,DF,Ipswich Town,25-332,1999,19.7,1207,229,695,435,79,33,1207,2,1,50.0,1,50.0,568,2340,1114,3,1,0,8,3,704,1,Matches,,,,,,
356,Wilson Odobert,fr FRA,FW,Tottenham,20-063,2004,1.8,105,2,11,29,65,13,105,10,3,30.0,6,60.0,76,626,410,13,10,6,4,4,80,18,Matches,,,,,,
357,Chiedozie Ogbene,ie IRL,FW,Ipswich Town,27-274,1997,2.6,70,3,11,19,40,6,70,7,1,14.3,3,42.9,41,330,139,7,2,2,4,2,43,15,Matches,,,,,,
358,Caleb Okoli,it ITA,DF,Leicester City,23-201,2001,8.9,587,117,327,242,21,7,587,0,0,,0,,335,1631,750,3,1,0,7,0,346,2,Matches,,,,,,
359,Robin Olsen,se SWE,GK,Aston Villa,35-022,1990,0.5,25,20,25,0,0,0,25,0,0,,0,,11,45,33,0,0,0,0,0,16,0,Matches,,,,,,
360,Amadou Onana,be BEL,MF,Aston Villa,23-167,2001,11.5,615,49,182,349,97,15,615,14,9,64.3,3,21.4,337,1563,756,12,15,0,7,7,397,10,Matches,,,,,,
361,André Onana,cm CMR,GK,Manchester Utd,28-303,1996,23.0,966,706,947,19,0,0,966,0,0,,0,,704,3627,2020,0,0,0,1,0,621,0,Matches,,,,,,
362,Paul Onuachu,ng NGA,FW,Southampton,30-247,1994,5.0,194,8,21,113,62,28,194,17,7,41.2,6,35.3,95,412,149,4,1,1,21,17,155,14,Matches,,,,,,
363,Frank Onyeka,ng NGA,MF,Brentford,27-029,1998,0.3,10,0,1,5,4,0,10,0,0,,0,,6,55,14,0,0,0,2,1,6,0,Matches,,,,,,
364,Lewis Orford,eng ENG,MF,West Ham,18-347,2006,0.4,34,0,5,25,5,2,34,0,0,,0,,19,85,25,0,0,0,0,0,29,1,Matches,,,,,,
365,Stefan Ortega,de GER,GK,Manchester City,32-085,1992,8.0,324,246,322,2,0,0,324,0,0,,0,,209,984,539,0,0,0,0,0,195,0,Matches,,,,,,
366,William Osula,dk DEN,"FW,MF",Newcastle Utd,21-179,2003,0.5,15,0,0,7,8,2,15,1,1,100.0,0,0.0,8,51,14,1,1,0,3,3,9,5,Matches,,,,,,
367,Dango Ouattara,bf BFA,FW,Bournemouth,22-354,2002,12.8,572,41,109,175,298,77,572,45,22,48.9,21,46.7,277,2063,1035,46,19,24,33,20,334,124,Matches,,,,,,
368,Nico O’Reilly,eng ENG,MF,Manchester City,19-315,2005,0.2,17,1,1,12,4,0,17,1,0,0.0,1,100.0,13,83,26,1,1,0,1,0,14,0,Matches,,,,,,
369,Cole Palmer,eng ENG,MF,Chelsea,22-269,2002,22.3,1170,9,86,537,562,84,1167,71,29,40.8,31,43.7,734,4810,2373,73,49,22,43,21,855,122,Matches,,,,,,
370,Emerson Palmieri,it ITA,DF,West Ham,30-180,1994,17.3,992,59,311,423,269,21,992,21,7,33.3,13,61.9,412,2269,1244,31,20,8,18,7,544,61,Matches,,,,,,
371,Lucas Paquetá,br BRA,"MF,FW",West Ham,27-156,1997,17.9,1125,37,224,615,296,43,1123,26,11,42.3,14,53.8,547,1891,733,13,20,2,35,41,775,56,Matches,,,,,,
372,Thomas Partey,gh GHA,"MF,DF",Arsenal,31-231,1993,19.6,1380,49,295,731,360,21,1380,17,8,47.1,7,41.2,739,3568,1787,17,21,1,17,11,956,26,Matches,,,,,,
373,Nathan Patterson,sct SCO,"DF,FW",Everton,23-106,2001,1.4,97,4,20,43,36,3,97,7,6,85.7,0,0.0,38,174,105,4,2,2,3,1,50,6,Matches,,,,,,
374,Andreas Pereira,br BRA,MF,Fulham,29-029,1996,13.9,774,12,106,325,352,21,773,16,6,37.5,5,31.3,401,1803,881,13,24,3,17,13,472,47,Matches,,,,,,
375,Ricardo Pereira,pt POR,DF,Leicester City,31-116,1993,1.6,97,3,28,56,13,1,97,0,0,,0,,57,123,33,1,0,1,1,0,55,3,Matches,,,,,,
Rk,Player,Nation,Pos,Squad,Age,Born,90s,Touches,Def Pen,Def 3rd,Mid 3rd,Att 3rd,Att Pen,Live,Att,Succ,Succ%,Tkld,Tkld%,Carries,TotDist,PrgDist,PrgC,1/3,CPA,Mis,Dis,Rec,PrgR,Matches,,,,,,
376,Kalvin Phillips,eng ENG,MF,Ipswich Town,29-059,1995,9.6,527,40,162,276,91,4,527,8,4,50.0,4,50.0,243,1190,468,4,5,0,17,7,293,2,Matches,,,,,,
377,Jaden Philogene Bidace,eng ENG,"FW,MF",Aston Villa,22-357,2002,3.7,145,4,27,54,66,14,145,15,4,26.7,8,53.3,75,520,239,7,5,7,7,3,83,17,Matches,,,,,,
378,Jaden Philogene Bidace,eng ENG,"FW,MF",Ipswich Town,22-357,2002,1.2,38,0,13,14,12,2,38,2,0,0.0,2,100.0,22,185,58,4,2,2,2,3,24,3,Matches,,,,,,
379,Jordan Pickford,eng ENG,GK,Everton,30-329,1994,22.0,993,643,943,51,0,0,993,0,0,,0,,513,3297,1938,0,0,0,1,0,460,0,Matches,,,,,,
380,Ethan Pinnock,jm JAM,DF,Brentford,31-246,1993,16.0,1055,239,610,347,99,21,1055,9,3,33.3,6,66.7,511,2460,1197,2,3,0,1,4,593,8,Matches,,,,,,
381,Daniel Podence,pt POR,"MF,FW",Wolves,29-101,1995,0.5,20,0,2,11,7,0,20,2,2,100.0,0,0.0,13,77,43,1,1,0,0,0,17,3,Matches,,,,,,
382,Alfie Pond,eng ENG,DF,Wolves,20-335,2004,0.0,1,0,0,1,0,0,1,0,0,,0,,1,2,2,0,0,0,0,0,1,0,Matches,,,,,,
383,Nick Pope,eng ENG,GK,Newcastle Utd,32-286,1992,15.0,492,399,485,7,0,0,492,0,0,,0,,268,1444,943,0,0,0,0,1,170,0,Matches,,,,,,
384,Pedro Porro,es ESP,DF,Tottenham,25-139,1999,21.1,1611,94,470,562,591,24,1611,24,9,37.5,13,54.2,843,3920,2039,52,35,4,18,15,936,79,Matches,,,,,,
385,Jarell Quansah,eng ENG,DF,Liverpool,22-001,2003,2.5,200,23,100,82,18,2,200,2,1,50.0,1,50.0,124,732,411,2,3,1,3,2,136,2,Matches,,,,,,
386,Hákon Rafn Valdimarsson,is ISL,GK,Brentford,23-109,2001,0.6,33,31,33,0,0,0,33,0,0,,0,,18,97,24,0,0,0,0,0,11,0,Matches,,,,,,
387,Aaron Ramsdale,eng ENG,GK,Southampton,26-261,1998,15.0,679,490,668,12,0,0,679,0,0,,0,,445,2255,1382,0,0,0,0,0,400,0,Matches,,,,,,
388,Jacob Ramsey,eng ENG,"FW,MF",Aston Villa,23-247,2001,10.6,458,9,87,166,212,41,458,26,17,65.4,7,26.9,309,2096,980,35,19,12,21,13,348,64,Matches,,,,,,
389,Marcus Rashford,eng ENG,"FW,MF",Manchester Utd,27-091,1997,10.9,440,3,35,189,222,34,440,39,9,23.1,26,66.7,293,1694,728,20,19,12,14,6,341,79,Matches,,,,,,
390,David Raya,es ESP,GK,Arsenal,29-137,1995,23.0,873,547,829,44,0,0,873,0,0,,0,,544,2743,1669,0,0,0,1,0,493,0,Matches,,,,,,
391,Harrison Reed,eng ENG,MF,Fulham,30-003,1995,0.7,56,1,7,19,31,4,56,1,0,0.0,0,0.0,22,70,17,1,1,0,2,2,27,7,Matches,,,,,,
392,Remy Rees-Dottin,eng ENG,FW,Bournemouth,18-330,2006,0.0,0,0,0,0,0,0,0,0,0,,0,,0,0,0,0,0,0,0,0,0,0,Matches,,,,,,
393,Sergio Reguilón,es ESP,DF,Tottenham,28-045,1996,1.4,121,2,28,61,33,3,121,4,2,50.0,0,0.0,64,293,180,4,2,1,1,1,74,10,Matches,,,,,,
394,Bobby Reid,jm JAM,"FW,MF",Leicester City,31-363,1993,4.1,159,9,29,69,61,12,159,6,0,0.0,4,66.7,98,478,250,8,4,4,6,4,105,21,Matches,,,,,,
395,Chadi Riad,ma MAR,DF,Crystal Palace,21-227,2003,1.0,90,5,41,49,1,0,90,0,0,,0,,58,318,232,2,0,0,1,0,69,0,Matches,,,,,,
396,Declan Rice,eng ENG,MF,Arsenal,26-016,1999,18.3,1196,39,199,573,432,40,1196,18,7,38.9,10,55.6,631,4097,2200,60,39,10,21,15,777,53,Matches,,,,,,
397,Chris Richards,us USA,DF,Crystal Palace,24-308,2000,9.9,556,55,284,248,27,7,556,3,0,0.0,3,100.0,272,1189,566,3,2,0,3,2,339,1,Matches,,,,,,
398,Richarlison,br BRA,FW,Tottenham,27-265,1997,2.2,84,4,11,44,29,10,84,7,1,14.3,5,71.4,43,221,100,6,5,1,3,3,63,15,Matches,,,,,,
399,Andrew Robertson,sct SCO,DF,Liverpool,30-325,1994,17.3,1398,57,342,636,429,31,1398,7,2,28.6,4,57.1,751,3344,1932,42,37,3,16,6,945,66,Matches,,,,,,
400,Antonee Robinson,us USA,DF,Fulham,27-175,1997,23.0,1685,87,537,642,531,50,1685,56,25,44.6,21,37.5,899,4859,2847,81,36,22,27,13,1005,186,Matches,,,,,,
Rk,Player,Nation,Pos,Squad,Age,Born,90s,Touches,Def Pen,Def 3rd,Mid 3rd,Att 3rd,Att Pen,Live,Att,Succ,Succ%,Tkld,Tkld%,Carries,TotDist,PrgDist,PrgC,1/3,CPA,Mis,Dis,Rec,PrgR,Matches,,,,,,
401,Rodri,es ESP,MF,Manchester City,28-222,1996,0.7,65,1,12,30,24,0,65,1,0,0.0,0,0.0,34,125,42,0,2,0,0,0,49,1,Matches,,,,,,
402,Guido Rodríguez,ar ARG,MF,West Ham,30-293,1994,11.3,615,42,196,365,55,2,615,3,2,66.7,0,0.0,284,988,392,2,5,0,1,6,354,5,Matches,,,,,,
403,Mads Roerslev,dk DEN,DF,Brentford,25-220,1999,12.2,645,49,234,268,146,20,645,19,7,36.8,8,42.1,352,1630,858,17,13,0,9,6,407,54,Matches,,,,,,
404,Morgan Rogers,eng ENG,"MF,FW",Aston Villa,22-188,2002,20.1,798,24,130,352,335,88,798,95,42,44.2,42,44.2,454,3364,2015,70,44,20,66,45,547,108,Matches,,,,,,
405,Cristian Romero,ar ARG,DF,Tottenham,26-278,1998,10.8,981,112,402,531,54,16,981,3,1,33.3,1,33.3,656,3423,2136,10,16,0,4,3,672,2,Matches,,,,,,
406,Georginio Rutter,fr FRA,"FW,MF",Brighton,22-285,2002,13.1,465,17,62,174,241,59,465,45,15,33.3,24,53.3,263,1905,1153,35,28,12,32,23,304,63,Matches,,,,,,
407,José Sá,pt POR,GK,Wolves,32-013,1993,16.0,565,448,558,8,0,0,565,6,6,100.0,0,0.0,352,2213,1359,0,0,0,1,0,270,0,Matches,,,,,,
408,Bukayo Saka,eng ENG,"FW,MF",Arsenal,23-147,2001,14.1,733,6,40,163,536,115,732,73,33,45.2,29,39.7,463,3196,1846,72,19,37,24,35,526,195,Matches,,,,,,
409,Mohamed Salah,eg EGY,FW,Liverpool,32-229,1992,21.6,959,9,47,276,646,221,954,77,37,48.1,38,49.4,683,4125,2099,93,34,81,64,44,826,286,Matches,,,,,,
410,William Saliba,fr FRA,DF,Arsenal,23-312,2001,20.3,1644,117,672,909,70,11,1644,12,8,66.7,4,33.3,999,4301,2166,9,7,0,11,4,1223,2,Matches,,,,,,
411,Robert Sánchez,es ESP,GK,Chelsea,27-073,1997,21.0,910,661,900,10,0,0,910,0,0,,0,,614,2822,1789,0,0,0,0,0,578,0,Matches,,,,,,
412,Jadon Sancho,eng ENG,FW,Chelsea,24-311,2000,11.8,590,9,77,178,341,73,590,65,34,52.3,26,40.0,399,2829,1588,63,23,33,19,12,466,131,Matches,,,,,,
413,Ibrahim Sangaré,ci CIV,MF,Nott'ham Forest,27-059,1997,2.4,146,4,36,92,20,6,146,0,0,,0,,60,231,67,0,2,0,2,1,76,2,Matches,,,,,,
414,Pablo Sarabia,es ESP,"MF,FW",Wolves,32-264,1992,3.9,213,2,23,104,86,13,213,8,4,50.0,3,37.5,121,573,315,8,9,0,7,4,144,27,Matches,,,,,,
415,Jeremy Sarmiento,ec ECU,MF,Brighton,22-228,2002,0.1,8,0,0,6,2,0,8,0,0,,0,,6,61,10,0,0,0,1,0,7,2,Matches,,,,,,
416,Ismaila Sarr,sn SEN,"MF,FW",Crystal Palace,26-340,1998,16.7,606,24,94,226,294,79,606,31,9,29.0,16,51.6,341,2030,1117,41,27,21,44,27,417,108,Matches,,,,,,
417,Sávio,br BRA,"FW,MF",Manchester City,20-295,2004,12.0,686,6,27,158,513,100,686,78,39,50.0,23,29.5,490,4060,2379,91,30,50,32,22,532,144,Matches,,,,,,
418,Oliver Scarles,eng ENG,"DF,FW",West Ham,19-049,2005,1.1,67,3,22,25,22,2,67,4,1,25.0,3,75.0,28,154,83,2,0,1,1,0,34,12,Matches,,,,,,
419,Kevin Schade,de GER,FW,Brentford,23-064,2001,11.9,390,15,58,116,222,57,390,37,10,27.0,23,62.2,213,1595,693,31,15,15,26,20,263,82,Matches,,,,,,
420,Fabian Schär,ch SUI,DF,Newcastle Utd,33-041,1991,17.8,1312,158,684,555,82,15,1312,10,7,70.0,1,10.0,866,3929,2270,10,16,1,6,2,918,11,Matches,,,,,,
421,Jeffrey Schlupp,gh GHA,"MF,DF",Crystal Palace,32-038,1992,1.1,79,2,9,31,41,6,79,1,1,100.0,0,0.0,30,150,67,4,1,1,7,0,41,9,Matches,,,,,,
422,Alex Scott,eng ENG,MF,Bournemouth,21-162,2003,2.9,191,10,38,97,58,5,191,13,2,15.4,7,53.8,112,628,290,5,3,1,5,3,117,14,Matches,,,,,,
423,Matz Sels,be BEL,GK,Nott'ham Forest,32-339,1992,23.0,659,494,646,13,0,0,659,0,0,,0,,339,1966,1001,0,0,0,0,0,267,0,Matches,,,,,,
424,Nélson Semedo,pt POR,DF,Wolves,31-075,1993,17.9,966,90,316,441,220,14,966,41,21,51.2,15,36.6,490,3015,1647,38,23,8,21,9,552,66,Matches,,,,,,
425,Antoine Semenyo,gh GHA,FW,Bournemouth,25-023,2000,21.4,999,30,130,345,550,123,999,87,47,54.0,33,37.9,613,4702,2266,87,45,45,54,45,695,186,Matches,,,,,,
Rk,Player,Nation,Pos,Squad,Age,Born,90s,Touches,Def Pen,Def 3rd,Mid 3rd,Att 3rd,Att Pen,Live,Att,Succ,Succ%,Tkld,Tkld%,Carries,TotDist,PrgDist,PrgC,1/3,CPA,Mis,Dis,Rec,PrgR,Matches,,,,,,
426,Marcos Senesi,ar ARG,DF,Bournemouth,27-265,1997,10.2,698,59,305,339,63,12,698,8,5,62.5,3,37.5,432,2287,1306,11,14,0,5,5,437,3,Matches,,,,,,
427,Ryan Sessegnon,eng ENG,MF,Fulham,24-257,2000,0.1,8,0,3,4,1,0,8,0,0,,0,,4,15,4,0,0,0,0,2,4,0,Matches,,,,,,
428,Luke Shaw,eng ENG,DF,Manchester Utd,29-202,1995,0.8,107,3,46,56,5,0,107,0,0,,0,,86,335,143,1,2,0,1,0,93,0,Matches,,,,,,
429,Zain Silcott-Duberry,ms MSR,FW,Bournemouth,19-205,2005,0.0,3,0,1,0,2,0,3,0,0,,0,,1,6,6,0,0,0,0,0,2,0,Matches,,,,,,
430,Bernardo Silva,pt POR,"MF,FW",Manchester City,30-173,1994,20.3,1330,30,218,510,613,120,1330,46,22,47.8,20,43.5,838,5508,2745,74,47,26,14,26,994,156,Matches,,,,,,
431,Jota Silva,pt POR,"FW,MF",Nott'ham Forest,25-182,1999,7.7,287,18,74,79,145,36,287,27,8,29.6,11,40.7,140,930,522,16,10,6,23,8,158,42,Matches,,,,,,
432,Eric da Silva Moreira,de GER,"MF,DF",Nott'ham Forest,18-272,2006,0.3,13,3,7,4,2,0,13,1,0,0.0,1,100.0,4,26,11,1,0,0,1,0,3,1,Matches,,,,,,
433,Jahmai Simpson-Pusey,eng ENG,DF,Manchester City,19-087,2005,1.1,123,9,61,59,3,1,123,1,0,0.0,0,0.0,79,376,190,1,0,0,1,0,101,0,Matches,,,,,,
434,Luis Sinisterra,co COL,"FW,MF",Bournemouth,25-227,1999,2.3,118,5,10,29,79,18,118,16,7,43.8,7,43.8,73,551,278,14,4,7,4,2,78,29,Matches,,,,,,
435,Oliver Skipp,eng ENG,MF,Leicester City,24-136,2000,8.5,424,21,99,270,59,5,424,9,4,44.4,5,55.6,243,987,492,13,7,1,10,5,290,13,Matches,,,,,,
436,William Smallbone,ie IRL,MF,Southampton,24-344,2000,3.2,181,6,21,84,77,11,181,1,1,100.0,0,0.0,72,262,135,2,5,0,8,3,112,15,Matches,,,,,,
437,Adam Smith,eng ENG,DF,Bournemouth,33-276,1991,11.5,507,29,173,222,115,3,507,11,4,36.4,4,36.4,217,783,370,7,12,0,10,5,224,16,Matches,,,,,,
438,Emile Smith Rowe,eng ENG,MF,Fulham,24-186,2000,15.1,819,16,111,376,340,41,819,25,13,52.0,10,40.0,548,2770,1471,43,28,10,23,12,643,79,Matches,,,,,,
439,Dominic Solanke,eng ENG,FW,Tottenham,27-138,1997,17.8,502,25,49,229,230,93,502,42,14,33.3,26,61.9,281,1584,658,27,20,13,44,35,338,71,Matches,,,,,,
440,Carlos Soler,es ESP,"MF,FW",West Ham,28-028,1997,10.2,521,12,114,271,140,15,521,13,5,38.5,7,53.8,241,1125,437,9,12,4,7,10,355,20,Matches,,,,,,
441,Ramón Sosa,py PAR,"FW,MF",Nott'ham Forest,25-152,1999,2.7,124,4,28,35,64,11,124,10,7,70.0,3,30.0,62,505,269,10,6,4,5,5,66,14,Matches,,,,,,
442,Tomáš Souček,cz CZE,MF,West Ham,29-338,1995,17.9,808,71,214,418,179,72,808,7,4,57.1,3,42.9,320,979,349,4,8,2,13,8,488,42,Matches,,,,,,
443,Boubakary Soumaré,fr FRA,MF,Leicester City,25-338,1999,12.3,795,35,208,504,91,7,795,29,17,58.6,8,27.6,487,2143,1099,16,7,2,13,12,564,10,Matches,,,,,,
444,Djed Spence,eng ENG,DF,Tottenham,24-174,2000,6.6,531,25,181,241,115,10,531,31,16,51.6,13,41.9,301,1720,919,20,13,3,9,11,343,30,Matches,,,,,,
445,Jay Stansfield,eng ENG,MF,Fulham,22-067,2002,0.0,0,0,0,0,0,0,0,0,0,,0,,0,0,0,0,0,0,0,0,0,0,Matches,,,,,,
446,Jason Steele,eng ENG,GK,Brighton,34-165,1990,2.0,114,107,114,0,0,0,114,0,0,,0,,91,361,151,0,0,0,0,0,83,0,Matches,,,,,,
447,Jack Stephens,eng ENG,DF,Southampton,31-003,1994,8.8,690,70,280,339,75,5,690,3,0,0.0,3,100.0,386,1846,929,11,9,0,1,1,509,1,Matches,,,,,,
448,Raheem Sterling,eng ENG,"FW,MF",Arsenal,30-053,1994,2.4,128,1,3,27,99,23,128,16,8,50.0,3,18.8,96,715,415,13,5,11,5,9,98,36,Matches,,,,,,
449,Ross Stewart,sct SCO,"FW,MF",Southampton,28-203,1996,1.5,61,5,13,30,18,2,61,2,1,50.0,1,50.0,34,144,54,1,0,0,1,5,46,5,Matches,,,,,,
450,Jakub Stolarczyk,pl POL,GK,Leicester City,24-042,2000,6.0,241,179,236,6,0,0,241,0,0,,0,,130,592,396,0,0,0,1,0,131,0,Matches,,,,,,
Rk,Player,Nation,Pos,Squad,Age,Born,90s,Touches,Def Pen,Def 3rd,Mid 3rd,Att 3rd,Att Pen,Live,Att,Succ,Succ%,Tkld,Tkld%,Carries,TotDist,PrgDist,PrgC,1/3,CPA,Mis,Dis,Rec,PrgR,Matches,,,,,,
451,John Stones,eng ENG,"DF,MF",Manchester City,30-247,1994,4.1,306,19,85,163,60,4,306,0,0,,0,,198,1429,803,8,11,0,1,0,228,1,Matches,,,,,,
452,Jørgen Strand Larsen,no NOR,FW,Wolves,24-359,2000,20.4,475,27,65,229,182,71,475,10,4,40.0,6,60.0,215,771,279,9,7,6,57,21,337,63,Matches,,,,,,
453,Yukinari Sugawara,jp JPN,DF,Southampton,24-216,2000,12.8,831,50,250,335,249,21,831,14,8,57.1,5,35.7,441,2136,1169,25,14,5,13,3,560,57,Matches,,,,,,
454,Kamaldeen Sulemana,gh GHA,"FW,MF",Southampton,22-350,2002,3.2,143,6,21,44,79,12,143,22,8,36.4,12,54.5,98,687,344,11,7,6,11,9,105,21,Matches,,,,,,
455,Crysencio Summerville,nl NED,"FW,MF",West Ham,23-092,2001,8.7,372,9,47,147,181,38,372,39,13,33.3,18,46.2,207,1463,762,29,15,13,20,16,259,71,Matches,,,,,,
456,Sammie Szmodics,ie IRL,"FW,MF",Ipswich Town,29-128,1995,10.9,307,16,79,118,116,33,307,12,4,33.3,6,50.0,173,986,399,16,8,7,24,17,188,46,Matches,,,,,,
457,Dominik Szoboszlai,hu HUN,MF,Liverpool,24-097,2000,15.2,944,12,108,468,381,61,944,23,13,56.5,9,39.1,501,2646,1522,48,27,13,21,8,654,76,Matches,,,,,,
458,Matt Targett,eng ENG,DF,Newcastle Utd,29-134,1995,0.1,8,0,1,4,3,0,8,0,0,,0,,2,5,1,0,0,0,0,0,5,0,Matches,,,,,,
459,James Tarkowski,eng ENG,DF,Everton,32-072,1992,21.9,1130,242,629,435,75,38,1130,7,5,71.4,2,28.6,453,2089,1128,4,7,0,8,7,607,3,Matches,,,,,,
460,Marcus Tavernier,eng ENG,"FW,MF",Bournemouth,25-314,1999,12.8,672,10,71,255,360,32,672,35,14,40.0,20,57.1,381,2338,1081,28,26,4,22,33,427,83,Matches,,,,,,
461,Charlie Taylor,eng ENG,DF,Southampton,31-134,1993,3.0,219,21,93,91,36,1,219,2,2,100.0,0,0.0,91,386,155,3,3,0,1,1,133,6,Matches,,,,,,
462,Jack Taylor,ie IRL,MF,Ipswich Town,26-221,1998,4.5,287,18,81,157,56,4,287,5,2,40.0,2,40.0,150,879,519,8,6,1,3,5,195,12,Matches,,,,,,
463,Kenny Tete,nl NED,DF,Fulham,29-113,1995,14.0,879,48,271,382,232,26,879,16,7,43.8,4,25.0,459,2287,1114,33,17,7,16,10,511,39,Matches,,,,,,
464,Thiago,br BRA,FW,Brentford,23-218,2001,1.5,56,6,11,23,23,2,56,3,2,66.7,1,33.3,34,119,42,3,2,1,5,1,35,4,Matches,,,,,,
465,Luke Thomas,eng ENG,DF,Leicester City,23-234,2001,2.0,130,6,58,51,21,4,130,0,0,,0,,61,159,79,1,0,1,1,0,66,5,Matches,,,,,,
466,Youri Tielemans,be BEL,MF,Aston Villa,27-268,1997,21.7,1458,58,310,816,349,23,1457,40,20,50.0,13,32.5,785,3260,1518,26,15,7,23,19,1012,25,Matches,,,,,,
467,Kieran Tierney,sct SCO,"FW,DF",Arsenal,27-239,1997,0.2,7,0,0,3,4,1,7,0,0,,0,,2,22,18,1,0,1,0,0,4,0,Matches,,,,,,
468,Jurriën Timber,nl NED,DF,Arsenal,23-227,2001,18.5,1097,39,208,565,329,40,1097,38,17,44.7,17,44.7,580,2563,1323,32,16,5,18,15,676,57,Matches,,,,,,
469,Jean-Clair Todibo,fr FRA,DF,West Ham,25-031,1999,9.6,571,103,339,222,15,6,571,10,6,60.0,4,40.0,327,1484,785,3,3,0,4,6,375,1,Matches,,,,,,
470,Harry Toffolo,eng ENG,DF,Nott'ham Forest,29-164,1995,0.5,44,3,13,10,21,2,44,0,0,,0,,10,21,11,0,0,0,0,0,18,4,Matches,,,,,,
471,Takehiro Tomiyasu,jp JPN,DF,Arsenal,26-086,1998,0.1,7,1,4,1,2,1,7,0,0,,0,,1,7,5,0,0,0,0,0,2,0,Matches,,,,,,
472,Sandro Tonali,it ITA,MF,Newcastle Utd,24-267,2000,15.2,935,33,213,534,206,24,935,19,9,47.4,7,36.8,532,2774,1146,19,23,3,17,18,653,31,Matches,,,,,,
473,Pau Torres,es ESP,DF,Aston Villa,28-014,1997,17.2,1165,176,542,555,74,13,1165,14,13,92.9,1,7.1,734,4934,3293,31,19,0,3,3,836,4,Matches,,,,,,
474,Conor Townsend,eng ENG,"DF,MF",Ipswich Town,31-332,1993,0.5,37,5,17,12,8,1,37,0,0,,0,,14,72,46,0,0,0,2,0,20,2,Matches,,,,,,
475,Adama Traoré,es ESP,"FW,MF",Fulham,29-005,1996,11.6,494,1,48,169,291,64,494,59,30,50.8,21,35.6,341,2784,1554,60,26,25,22,11,386,99,Matches,,,,,,
Rk,Player,Nation,Pos,Squad,Age,Born,90s,Touches,Def Pen,Def 3rd,Mid 3rd,Att 3rd,Att Pen,Live,Att,Succ,Succ%,Tkld,Tkld%,Carries,TotDist,PrgDist,PrgC,1/3,CPA,Mis,Dis,Rec,PrgR,Matches,,,,,,
476,Mark Travers,ie IRL,GK,Bournemouth,25-257,1999,5.0,162,144,159,3,0,0,162,0,0,,0,,85,426,188,0,0,0,0,0,68,0,Matches,,,,,,
477,Ryan Trevitt,eng ENG,MF,Brentford,21-324,2003,0.0,7,1,2,4,1,0,7,0,0,,0,,4,7,2,0,0,0,0,0,4,1,Matches,,,,,,
478,Kieran Trippier,eng ENG,DF,Newcastle Utd,34-133,1990,5.7,588,20,182,252,157,5,588,2,1,50.0,1,50.0,302,1023,560,10,2,3,2,4,384,26,Matches,,,,,,
479,Leandro Trossard,be BEL,FW,Arsenal,30-057,1994,15.2,683,12,88,203,406,84,683,49,20,40.8,25,51.0,428,2824,1299,50,32,18,26,27,493,119,Matches,,,,,,
480,Kostas Tsimikas,gr GRE,DF,Liverpool,28-263,1996,3.8,339,19,90,150,100,3,339,2,2,100.0,0,0.0,153,694,433,9,4,1,3,2,207,15,Matches,,,,,,
481,Axel Tuanzebe,cd COD,DF,Ipswich Town,27-077,1997,9.9,475,50,200,211,67,6,475,4,2,50.0,2,50.0,213,889,388,4,4,1,6,1,253,3,Matches,,,,,,
482,Destiny Udogie,it ITA,DF,Tottenham,22-063,2002,15.9,1057,42,270,467,330,41,1057,25,10,40.0,12,48.0,575,3156,1789,39,29,8,24,16,636,79,Matches,,,,,,
483,Manuel Ugarte Ribeiro,uy URU,MF,Manchester Utd,23-294,2001,11.0,657,33,197,368,100,5,657,16,8,50.0,5,31.3,369,1593,668,7,8,0,19,16,408,10,Matches,,,,,,
484,Lesley Ugochukwu,fr FRA,MF,Southampton,20-310,2004,7.4,393,22,79,241,76,9,393,14,10,71.4,3,21.4,213,1232,554,14,7,3,3,6,268,10,Matches,,,,,,
485,Enes Ünal,tr TUR,"FW,MF",Bournemouth,27-265,1997,3.8,172,6,14,63,95,26,172,12,1,8.3,10,83.3,91,261,95,4,3,1,17,13,133,22,Matches,,,,,,
486,Virgil van Dijk,nl NED,DF,Liverpool,33-206,1991,22.0,1930,257,771,1057,109,32,1930,4,3,75.0,1,25.0,1107,5268,2851,8,10,1,3,2,1349,4,Matches,,,,,,
487,Jamie Vardy,eng ENG,FW,Leicester City,38-019,1987,19.1,369,18,34,161,177,79,368,16,7,43.8,8,50.0,175,814,367,18,6,10,23,9,243,76,Matches,,,,,,
488,Renato Veiga,pt POR,"DF,MF",Chelsea,21-185,2003,2.0,167,2,61,82,27,3,167,5,3,60.0,2,40.0,85,414,141,4,5,1,1,0,110,3,Matches,,,,,,
489,Joël Veltman,nl NED,DF,Brighton,33-015,1992,16.3,990,55,298,478,223,9,990,15,4,26.7,5,33.3,467,2364,1202,26,20,3,16,7,540,25,Matches,,,,,,
490,Micky van de Ven,nl NED,DF,Tottenham,23-286,2001,8.8,716,79,373,319,32,8,716,6,4,66.7,2,33.3,504,2357,1129,8,10,1,4,4,520,1,Matches,,,,,,
491,Bart Verbruggen,nl NED,GK,Brighton,22-165,2002,21.0,851,692,842,9,0,0,851,2,2,100.0,0,0.0,563,2074,1034,0,1,1,2,0,538,0,Matches,,,,,,
492,Jannik Vestergaard,dk DEN,DF,Leicester City,32-180,1992,13.3,931,173,506,404,26,8,931,4,4,100.0,0,0.0,570,2419,1197,2,3,0,2,0,649,2,Matches,,,,,,
493,Guglielmo Vicario,it ITA,GK,Tottenham,28-115,1996,12.0,487,311,477,10,0,0,487,1,1,100.0,0,0.0,355,1725,929,0,0,0,0,0,322,0,Matches,,,,,,
494,Carlos Vinícius,br BRA,MF,Fulham,29-311,1995,0.0,3,0,0,1,2,2,3,1,1,100.0,0,0.0,3,10,9,1,0,1,0,0,2,1,Matches,,,,,,
495,Kyle Walker,eng ENG,DF,Manchester City,34-247,1990,10.8,892,26,197,473,228,5,892,6,3,50.0,2,33.3,499,2284,1106,12,13,0,9,2,630,11,Matches,,,,,,
496,Kyle Walker-Peters,eng ENG,DF,Southampton,27-292,1997,20.8,1389,105,425,597,376,44,1389,59,22,37.3,28,47.5,864,5435,2977,79,46,20,18,28,997,88,Matches,,,,,,
497,Christian Walton,eng ENG,GK,Ipswich Town,29-082,1995,6.0,242,224,241,1,0,0,242,0,0,,0,,122,572,305,0,0,0,0,0,117,0,Matches,,,,,,
498,Aaron Wan-Bissaka,eng ENG,DF,West Ham,27-065,1997,21.0,1304,93,414,566,348,28,1304,70,37,52.9,24,34.3,608,4121,2366,66,37,8,19,15,753,85,Matches,,,,,,
499,Danny Ward,wls WAL,GK,Leicester City,31-222,1993,1.5,55,40,55,0,0,0,55,1,0,0.0,1,100.0,44,176,107,0,0,0,0,0,35,0,Matches,,,,,,
500,James Ward-Prowse,eng ENG,MF,West Ham,30-090,1994,0.2,16,0,3,11,2,0,16,0,0,,0,,6,38,30,1,0,0,0,0,8,0,Matches,,,,,,
Rk,Player,Nation,Pos,Squad,Age,Born,90s,Touches,Def Pen,Def 3rd,Mid 3rd,Att 3rd,Att Pen,Live,Att,Succ,Succ%,Tkld,Tkld%,Carries,TotDist,PrgDist,PrgC,1/3,CPA,Mis,Dis,Rec,PrgR,Matches,,,,,,
501,James Ward-Prowse,eng ENG,MF,Nott'ham Forest,30-090,1994,4.4,205,13,49,115,45,1,205,0,0,,0,,92,407,170,1,3,0,3,3,115,3,Matches,,,,,,
502,Ollie Watkins,eng ENG,FW,Aston Villa,29-031,1995,17.7,422,9,25,153,250,114,420,31,6,19.4,22,71.0,261,1379,662,31,14,24,33,33,342,102,Matches,,,,,,
503,Adam Webster,eng ENG,DF,Brighton,30-026,1995,1.9,199,17,86,104,9,3,199,2,1,50.0,1,50.0,134,778,457,1,2,0,1,0,145,2,Matches,,,,,,
504,Danny Welbeck,eng ENG,FW,Brighton,34-065,1990,14.3,445,9,37,207,205,57,445,24,8,33.3,14,58.3,259,1264,530,13,17,4,27,19,329,51,Matches,,,,,,
505,Timo Werner,de GER,"FW,MF",Tottenham,28-330,1996,5.6,294,8,23,78,200,33,294,19,10,52.6,8,42.1,211,1750,1050,42,24,18,14,6,223,87,Matches,,,,,,
506,Adam Wharton,eng ENG,MF,Crystal Palace,20-242,2004,6.9,434,13,96,232,109,6,434,7,1,14.3,6,85.7,225,961,504,6,10,2,5,10,268,6,Matches,,,,,,
507,Ben White,eng ENG,DF,Arsenal,27-114,1997,7.7,419,37,137,191,93,7,419,2,0,0.0,1,50.0,193,672,332,4,7,1,7,3,245,15,Matches,,,,,,
508,Mats Wieffer,nl NED,MF,Brighton,25-075,1999,5.2,411,23,97,247,73,9,411,9,4,44.4,5,55.6,237,1035,433,5,6,0,7,7,270,8,Matches,,,,,,
509,Neco Williams,wls WAL,DF,Nott'ham Forest,23-292,2001,13.8,704,82,277,249,188,18,704,25,9,36.0,10,40.0,306,1867,938,35,17,9,10,9,328,37,Matches,,,,,,
510,Joe Willock,eng ENG,"MF,FW",Newcastle Utd,25-163,1999,6.6,302,8,40,122,144,28,302,20,8,40.0,9,45.0,195,1140,534,20,15,7,24,16,222,47,Matches,,,,,,
511,Callum Wilson,eng ENG,"FW,MF",Newcastle Utd,32-338,1992,0.7,15,0,0,10,5,3,15,2,0,0.0,1,50.0,12,42,7,0,0,0,1,5,9,3,Matches,,,,,,
512,Harry Wilson,wls WAL,"FW,MF",Fulham,27-314,1997,9.3,436,7,58,160,226,44,436,23,9,39.1,9,39.1,263,1376,610,16,17,8,13,4,295,71,Matches,,,,,,
513,Harry Winks,eng ENG,MF,Leicester City,28-363,1996,15.2,993,44,247,624,136,1,993,9,2,22.2,6,66.7,605,2776,1257,14,12,0,12,8,707,10,Matches,,,,,,
514,Ben Winterburn,eng ENG,MF,Bournemouth,20-148,2004,0.1,2,0,0,1,1,0,2,0,0,,0,,1,1,0,0,0,0,0,0,1,0,Matches,,,,,,
515,Yoane Wissa,cd COD,FW,Brentford,28-149,1996,17.5,528,19,84,227,229,83,528,27,9,33.3,12,44.4,323,1983,963,36,14,19,39,15,381,89,Matches,,,,,,
516,Chris Wood,nz NZL,FW,Nott'ham Forest,33-054,1991,20.4,477,21,54,233,191,61,475,9,3,33.3,5,55.6,243,916,361,12,7,4,43,12,367,56,Matches,,,,,,
517,Nathan Wood-Gordon,eng ENG,DF,Southampton,22-244,2002,6.4,434,53,209,199,27,2,434,5,3,60.0,1,20.0,243,1105,429,2,6,0,4,1,325,0,Matches,,,,,,
518,Luke Woolfenden,eng ENG,DF,Ipswich Town,26-101,1998,8.2,441,103,263,171,7,2,441,0,0,,0,,236,1167,604,4,3,0,1,0,282,0,Matches,,,,,,
519,Yehor Yarmoliuk,ua UKR,"MF,FW",Brentford,20-335,2004,6.9,446,35,135,211,109,11,446,17,9,52.9,6,35.3,228,1357,484,11,11,2,13,11,264,33,Matches,,,,,,
520,Ryan Yates,eng ENG,MF,Nott'ham Forest,27-070,1997,16.2,791,56,203,381,214,31,791,15,7,46.7,5,33.3,331,1530,650,12,14,1,18,17,421,11,Matches,,,,,,
521,Leny Yoro,fr FRA,DF,Manchester Utd,19-078,2005,5.1,342,30,164,163,16,6,342,0,0,,0,,224,899,404,2,1,0,1,0,248,2,Matches,,,,,,
522,Ashley Young,eng ENG,DF,Everton,39-205,1985,16.4,952,47,298,405,254,5,952,11,4,36.4,6,54.5,374,1957,1159,17,24,1,5,1,484,20,Matches,,,,,,
523,Illia Zabarnyi,ua UKR,DF,Bournemouth,22-151,2002,23.0,1340,163,641,667,47,10,1340,7,4,57.1,2,28.6,821,5176,2951,17,12,0,10,3,821,3,Matches,,,,,,
524,Oleksandr Zinchenko,ua UKR,"DF,MF",Arsenal,28-046,1996,2.7,226,8,52,126,49,9,226,1,1,100.0,0,0.0,126,664,282,5,3,2,2,2,144,6,Matches,,,,,,
525,Joshua Zirkzee,nl NED,"FW,MF",Manchester Utd,23-253,2001,9.6,354,9,36,178,142,41,354,19,6,31.6,13,68.4,196,832,275,5,7,3,21,20,260,42,Matches,,,,,,
Rk,Player,Nation,Pos,Squad,Age,Born,90s,Touches,Def Pen,Def 3rd,Mid 3rd,Att 3rd,Att Pen,Live,Att,Succ,Succ%,Tkld,Tkld%,Carries,TotDist,PrgDist,PrgC,1/3,CPA,Mis,Dis,Rec,PrgR,Matches,,,,,,
526,Martin Ødegaard,no NOR,MF,Arsenal,26-044,1998,13.3,829,3,44,349,444,64,828,32,15,46.9,16,50.0,574,3310,1633,39,36,13,18,28,658,76,Matches,,,,,,
