,Touches,Take-Ons,Carries,Receiving,,Rk,Player,Nation,Pos,Squad,Age,Born,90s,Touches,Def Pen,Def 3rd,Mid 3rd,Att 3rd,Att Pen,Live,Att,Succ,Succ%,Tkld,Tkld%,Carries,TotDist,PrgDist,PrgC
Max Aarons,engENG,DF,Bournemouth,25-039,2000,1.0,73,2,19,40,15,0,73,2,0,0.0,1,50.0,41,152,68,1,0,0,1,0,40,3,Matches
Joshua Acheampong,engENG,DF,Chelsea,18-283,2006,1.8,124,7,43,75,6,3,124,2,1,50.0,0,0.0,96,650,377,0,2,0,2,0,100,0,Matches
Tyler Adams,usUSA,MF,Bournemouth,25-364,1999,9.6,541,24,142,304,101,8,541,9,2,22.2,5,55.6,262,1163,513,7,11,1,12,7,278,4,Matches
Tosin Adarabioyo,engENG,DF,Chelsea,27-141,1997,9.1,820,105,408,400,13,9,820,2,2,100.0,0,0.0,521,2152,1241,5,1,0,1,0,641,1,Matches
Simon Adingra,ciCIV,"FW,MF",Brighton,23-042,2002,6.6,305,5,50,93,167,36,305,31,13,41.9,18,58.1,203,1351,627,22,14,11,26,6,206,76,Matches
Emmanuel Agbadou,ciCIV,DF,Wolves,27-240,1997,4.0,250,44,146,99,8,0,250,6,5,83.3,1,16.7,134,693,300,1,2,0,2,1,134,0,Matches
Asher Agbinone,engENG,MF,Crystal Palace,19-137,2005,0.1,8,0,0,2,6,0,8,2,0,0.0,1,50.0,5,53,23,2,0,0,0,1,5,1,Matches
Ola Aina,ngNGA,DF,Nott'ham Forest,28-127,1996,23.1,1213,105,445,500,290,18,1213,50,24,48.0,17,34.0,529,3472,2033,47,30,9,29,16,573,45,Matches
Rayan Aït-Nouri,dzALG,DF,Wolves,23-251,2001,21.7,1288,66,366,566,375,49,1288,73,36,49.3,24,32.9,680,3958,2166,54,38,16,22,26,783,104,Matches
Kristoffer Ajer,noNOR,DF,Brentford,26-301,1998,8.8,466,32,168,214,89,21,466,10,5,50.0,5,50.0,253,1460,859,17,7,1,11,9,306,22,Matches
Manuel Akanji,chSUI,DF,Manchester City,29-208,1995,19.0,1591,108,472,773,348,11,1591,2,2,100.0,0,0.0,1041,5502,3286,38,52,0,4,5,1258,6,Matches
Nathan Aké,nlNED,DF,Manchester City,29-360,1995,6.7,519,47,186,277,57,4,519,1,1,100.0,0,0.0,344,1912,1263,11,11,1,2,3,383,2,Matches
Carlos Alcaraz,arARG,MF,Southampton,22-074,2002,0.1,17,0,1,8,9,2,17,2,0,0.0,2,100.0,12,112,98,4,1,0,0,0,12,1,Matches
Trent Alexander-Arnold,engENG,DF,Liverpool,26-128,1998,19.3,1615,64,403,689,531,33,1615,21,9,42.9,11,52.4,844,4045,2123,41,30,7,17,15,1026,76,Matches
Alisson,brBRA,GK,Liverpool,32-133,1992,14.9,485,339,474,11,0,0,485,1,1,100.0,0,0.0,316,1219,723,0,0,0,0,0,295,0,Matches
Miguel Almirón,pyPAR,FW,Newcastle Utd,31-002,1994,1.7,81,1,10,35,36,9,81,2,1,50.0,1,50.0,54,284,93,3,3,2,0,2,59,18,Matches
Edson Álvarez,mxMEX,MF,West Ham,27-111,1997,13.7,835,52,257,457,128,8,835,24,11,45.8,9,37.5,460,2500,1149,14,13,2,19,11,554,14,Matches
Will Alves,engENG,FW,Leicester City,20-009,2005,0.0,1,0,0,0,1,0,1,0,0,,0,,1,5,5,0,0,0,0,0,1,1,Matches
Samuel Amo-Ameyaw,engENG,"FW,DF",Southampton,18-209,2006,0.3,16,0,5,5,7,1,16,4,0,0.0,3,75.0,11,98,68,1,0,1,0,2,11,3,Matches
Joachim Andersen,dkDEN,DF,Crystal Palace,28-257,1996,1.0,93,14,38,50,5,0,93,0,0,,0,,49,189,103,1,1,0,0,1,67,1,Matches
Joachim Andersen,dkDEN,DF,Fulham,28-257,1996,14.7,1197,160,617,539,50,12,1197,3,3,100.0,0,0.0,708,3055,1493,8,6,1,2,1,841,1,Matches
Elliot Anderson,engENG,MF,Nott'ham Forest,22-098,2002,17.2,1010,56,247,445,336,46,1010,53,27,50.9,20,37.7,518,2838,1372,32,23,12,38,22,587,59,Matches
André,brBRA,MF,Wolves,23-211,2001,14.6,777,65,239,473,69,1,777,15,7,46.7,5,33.3,397,1653,737,5,8,0,14,11,507,4,Matches
Michail Antonio,jmJAM,FW,West Ham,34-321,1990,9.3,296,3,26,124,151,36,296,27,9,33.3,13,48.1,173,1177,695,29,13,9,35,19,221,59,Matches
Antony,brBRA,"DF,MF",Manchester Utd,24-354,2000,1.6,101,2,22,26,54,8,101,11,4,36.4,6,54.5,60,317,182,5,6,1,5,1,69,7,Matches
Julian Araujo,mxMEX,DF,Bournemouth,23-183,2001,3.9,200,15,68,103,32,1,200,0,0,,0,,84,290,138,2,0,0,4,2,100,11,Matches
Cameron Archer,engENG,FW,Southampton,23-206,2001,11.6,275,11,44,121,113,43,274,25,11,44.0,13,52.0,153,796,359,15,4,12,27,18,189,46,Matches
Alphonse Areola,frFRA,GK,West Ham,31-351,1993,12.1,511,416,506,5,0,0,511,0,0,,0,,279,1154,587,0,0,0,0,0,260,0,Matches
Joe Aribo,ngNGA,MF,Southampton,28-206,1996,16.3,893,30,191,475,236,37,893,40,14,35.0,21,52.5,504,2747,1437,29,20,10,19,13,649,54,Matches
Adam Armstrong,engENG,"FW,MF",Southampton,28-002,1997,13.9,377,11,44,143,192,49,376,14,6,42.9,8,57.1,235,1324,599,25,13,6,11,18,286,79,Matches
Harrison Armstrong,engENG,MF,Everton,18-024,2007,0.5,20,0,3,12,7,2,20,1,1,100.0,0,0.0,15,110,43,1,2,0,2,3,14,0,Matches
Kepa Arrizabalaga,esESP,GK,Bournemouth,30-132,1994,17.0,576,449,568,8,0,0,576,0,0,,0,,324,1654,939,0,0,0,0,0,238,0,Matches
Brandon Austin,engENG,GK,Tottenham,26-035,1999,1.0,36,30,36,0,0,0,36,0,0,,0,,22,104,46,0,0,0,0,0,16,0,Matches
Taiwo Awoniyi,ngNGA,FW,Nott'ham Forest,27-184,1997,2.9,116,3,11,51,55,20,116,5,2,40.0,3,60.0,61,280,137,5,4,2,16,10,75,13,Matches
Yasin Ayari,seSWE,MF,Brighton,21-129,2003,14.1,795,39,182,400,226,34,795,35,14,40.0,13,37.1,412,2042,895,19,12,5,26,18,513,51,Matches
Jordan Ayew,ghGHA,"FW,MF",Crystal Palace,33-154,1991,0.2,12,0,0,7,5,1,12,0,0,,0,,6,25,12,0,0,0,0,1,9,1,Matches
Jordan Ayew,ghGHA,"FW,MF",Leicester City,33-154,1991,13.0,565,14,80,288,214,40,564,46,17,37.0,25,54.3,337,2209,934,25,25,4,42,29,382,61,Matches
Benoît Badiashile,frFRA,DF,Chelsea,23-323,2001,2.8,245,16,99,136,11,0,245,1,0,0.0,1,100.0,140,514,288,3,4,0,1,0,178,2,Matches
Leon Bailey,jmJAM,"FW,MF",Aston Villa,27-187,1997,11.5,492,14,68,142,292,62,492,53,19,35.8,23,43.4,317,2340,1199,51,22,28,30,24,354,107,Matches
Carlos Baleba,cmCMR,MF,Brighton,21-040,2004,16.9,921,43,206,542,200,7,921,37,20,54.1,15,40.5,511,3015,1535,27,24,2,23,23,553,17,Matches
Ross Barkley,engENG,MF,Aston Villa,31-069,1993,6.2,429,16,68,255,112,17,429,10,8,80.0,2,20.0,254,1377,640,14,13,2,5,8,302,8,Matches
Harvey Barnes,engENG,FW,Newcastle Utd,27-065,1997,8.7,374,8,49,128,197,57,374,28,12,42.9,11,39.3,274,2011,1088,42,21,23,16,10,305,82,Matches
Calvin Bassey,ngNGA,DF,Fulham,25-043,1999,23.0,1680,231,829,776,91,12,1680,20,8,40.0,7,35.0,1066,5146,2767,19,13,3,22,6,1168,11,Matches
Jan Bednarek,plPOL,DF,Southampton,28-306,1996,19.8,1610,285,836,745,36,13,1610,3,3,100.0,0,0.0,834,3020,1445,4,4,1,8,2,1068,1,Matches
Jean-Ricner Bellegarde,frFRA,"MF,FW",Wolves,26-230,1998,10.5,420,17,82,177,170,27,420,38,7,18.4,20,52.6,264,1714,772,25,19,7,16,15,287,48,Matches
Rodrigo Bentancur,uyURU,MF,Tottenham,27-232,1997,9.6,714,37,167,431,122,10,714,10,5,50.0,4,40.0,420,1852,795,13,10,3,8,13,474,12,Matches
Sander Berge,noNOR,MF,Fulham,26-364,1998,13.6,777,55,216,456,109,7,777,10,5,50.0,4,40.0,428,2191,909,14,12,2,3,9,468,1,Matches
Lucas Bergvall,seSWE,MF,Tottenham,19-010,2006,6.7,508,24,116,272,129,6,508,22,11,50.0,7,31.8,301,1867,874,15,8,1,13,10,349,13,Matches
Victor Bernth Kristiansen,dkDEN,DF,Leicester City,22-058,2002,20.5,1294,96,489,578,236,11,1294,15,6,40.0,8,53.3,659,3068,1437,29,15,4,8,12,714,51,Matches
Beto,gwGNB,FW,Everton,27-012,1998,4.5,135,6,14,55,67,27,135,16,9,56.3,6,37.5,75,444,186,7,4,3,19,9,100,22,Matches
Philip Billing,dkDEN,MF,Bournemouth,28-246,1996,2.0,148,5,20,72,57,12,148,3,1,33.3,0,0.0,58,254,163,3,1,1,7,4,75,13,Matches
Yves Bissouma,mlMLI,MF,Tottenham,28-166,1996,11.5,787,52,218,447,128,4,787,18,6,33.3,12,66.7,468,2857,1332,15,17,0,20,9,539,3,Matches
Lamare Bogarde,nlNED,"DF,MF",Aston Villa,21-038,2004,3.9,233,9,55,145,34,2,233,4,2,50.0,1,25.0,133,754,447,10,6,1,4,7,155,8,Matches
Willy Boly,ciCIV,DF,Nott'ham Forest,34-009,1991,1.5,86,20,58,26,2,1,86,0,0,,0,,33,115,35,0,0,0,1,0,41,0,Matches
Sven Botman,nlNED,DF,Newcastle Utd,25-031,2000,2.5,156,24,63,89,5,5,156,3,1,33.3,1,33.3,82,350,171,0,0,0,1,0,101,0,Matches
Jarrod Bowen,engENG,"FW,MF",West Ham,28-054,1996,19.4,756,19,94,264,415,108,755,83,34,41.0,42,50.6,432,3305,1621,68,29,37,41,43,465,116,Matches
Conor Bradley,nirNIR,DF,Liverpool,21-218,2003,2.9,253,12,77,103,76,18,253,5,3,60.0,2,40.0,129,761,412,12,6,5,4,1,146,15,Matches
Jarrad Branthwaite,engENG,DF,Everton,22-230,2002,14.1,745,93,383,330,36,14,745,4,2,50.0,1,25.0,350,1852,1130,6,11,2,5,2,447,1,Matches
James Bree,engENG,DF,Southampton,27-124,1997,7.4,480,35,149,210,125,10,480,6,3,50.0,1,16.7,257,1166,609,9,9,0,5,3,314,29,Matches
Ben Brereton,clCHI,FW,Southampton,25-300,1999,5.0,206,4,19,76,112,20,206,4,1,25.0,2,50.0,136,791,394,12,13,4,9,4,171,42,Matches
Nathan Broadhead,wlsWAL,"FW,MF",Ipswich Town,26-313,1998,4.2,175,6,28,86,69,13,175,23,13,56.5,9,39.1,92,742,389,12,9,2,8,8,121,19,Matches
Armando Broja,alALB,FW,Everton,23-155,2001,1.8,65,3,9,19,41,11,65,11,5,45.5,5,45.5,32,403,202,8,5,3,7,7,46,15,Matches
David Brooks,wlsWAL,FW,Bournemouth,27-219,1997,6.4,294,9,35,106,159,26,294,21,8,38.1,10,47.6,183,1284,586,21,14,8,18,6,196,54,Matches
Emi Buendía,arARG,"MF,FW",Aston Villa,28-049,1996,1.1,82,0,17,35,31,3,82,2,0,0.0,2,100.0,53,185,119,3,5,0,4,3,64,6,Matches
Santiago Bueno,uyURU,DF,Wolves,26-095,1998,14.8,803,128,407,382,17,6,803,2,0,0.0,2,100.0,430,2153,1102,1,2,0,2,2,521,1,Matches
Facundo Buonanotte,arARG,"FW,MF",Leicester City,20-051,2004,12.7,652,20,100,329,235,27,652,66,22,33.3,40,60.6,362,2219,1043,33,22,7,38,29,399,54,Matches
Cameron Burgess,auAUS,DF,Ipswich Town,29-114,1995,10.0,618,136,360,222,36,19,618,0,0,,0,,307,1454,756,2,3,0,2,0,372,3,Matches
Dan Burn,engENG,DF,Newcastle Utd,32-279,1992,23.0,1447,252,846,536,67,32,1447,2,2,100.0,0,0.0,859,3781,1556,3,2,0,9,2,988,6,Matches
Wes Burns,wlsWAL,"FW,DF",Ipswich Town,30-081,1994,10.3,350,21,69,129,160,18,350,24,9,37.5,14,58.3,216,1458,696,38,13,10,17,13,220,65,Matches
Moisés Caicedo,ecECU,MF,Chelsea,23-102,2001,23.6,1679,57,363,1015,316,10,1679,34,14,41.2,12,35.3,961,4286,2095,25,19,2,23,15,1186,26,Matches
Tom Cairney,sctSCO,MF,Fulham,34-023,1991,4.4,477,5,62,258,164,7,477,11,4,36.4,3,27.3,329,1591,766,12,15,3,3,3,397,20,Matches
Jens Cajuste,seSWE,MF,Ipswich Town,25-186,1999,11.6,549,30,156,287,114,6,549,21,12,57.1,5,23.8,249,1358,744,16,15,3,11,5,321,8,Matches
Riccardo Calafiori,itITA,DF,Arsenal,22-269,2002,8.4,511,28,150,196,169,20,511,11,8,72.7,2,18.2,233,1236,622,13,8,3,10,4,297,21,Matches
Dominic Calvert-Lewin,engENG,FW,Everton,27-333,1997,17.5,491,21,38,204,254,82,491,25,10,40.0,13,52.0,268,1397,444,22,8,16,71,32,402,105,Matches
Diego Carlos,brBRA,DF,Aston Villa,31-334,1993,9.2,674,86,331,330,15,6,674,2,2,100.0,0,0.0,419,2133,1162,3,3,0,1,2,481,0,Matches
Fabio Carvalho,ptPOR,"FW,MF",Brentford,22-166,2002,4.8,237,4,42,85,111,21,237,14,2,14.3,10,71.4,132,679,353,9,3,0,13,8,138,22,Matches
Casemiro,brBRA,MF,Manchester Utd,32-355,1992,9.3,727,47,200,386,145,25,727,5,3,60.0,2,40.0,394,1267,588,3,7,0,6,8,490,19,Matches
Kaelan Casey,engENG,DF,West Ham,20-107,2004,0.0,1,1,1,0,0,0,1,0,0,,0,,0,0,0,0,0,0,0,0,0,0,Matches
Matty Cash,plPOL,DF,Aston Villa,27-189,1997,14.0,712,48,259,295,168,28,712,26,13,50.0,11,42.3,350,2308,1143,32,30,4,10,4,407,46,Matches
Timothy Castagne,beBEL,DF,Fulham,29-069,1995,10.0,680,52,273,267,141,19,680,7,4,57.1,1,14.3,328,1333,653,12,6,1,6,4,403,35,Matches
Trevoh Chalobah,engENG,DF,Crystal Palace,25-222,1999,11.8,594,66,275,276,51,14,594,10,6,60.0,2,20.0,278,1213,661,11,9,1,4,7,317,6,Matches
Trevoh Chalobah,engENG,DF,Chelsea,25-222,1999,2.0,164,12,72,80,15,3,164,1,1,100.0,0,0.0,88,337,180,2,2,0,0,0,121,0,Matches
Conor Chaplin,engENG,"MF,FW",Ipswich Town,27-362,1997,6.8,281,6,46,141,99,12,281,6,3,50.0,3,50.0,138,697,380,10,7,0,9,3,192,20,Matches
Federico Chiesa,itITA,FW,Liverpool,27-110,1997,0.3,23,0,2,11,10,3,23,1,0,0.0,1,100.0,18,67,34,2,0,1,1,3,18,4,Matches
Chiquinho,ptPOR,MF,Wolves,25-007,2000,0.1,3,0,0,1,2,1,3,0,0,,0,,1,13,5,0,0,0,0,0,2,0,Matches
Hamza Choudhury,engENG,"MF,DF",Leicester City,27-134,1997,1.5,100,4,19,61,20,3,100,4,3,75.0,1,25.0,63,246,130,4,2,2,1,0,71,6,Matches
Ryan Christie,sctSCO,MF,Bournemouth,29-356,1995,19.5,1114,63,211,625,299,36,1114,41,18,43.9,20,48.8,588,3090,1429,28,34,5,39,20,630,40,Matches
Harry Clarke,engENG,DF,Ipswich Town,23-347,2001,4.2,268,18,100,122,47,2,268,2,1,50.0,1,50.0,118,555,222,5,7,0,4,2,163,2,Matches
Jack Clarke,engENG,"FW,MF",Ipswich Town,24-081,2000,6.8,285,7,63,128,104,18,285,26,17,65.4,6,23.1,160,1213,596,16,9,4,15,11,178,29,Matches
Nathaniel Clyne,engENG,"DF,MF",Crystal Palace,33-313,1991,4.4,201,16,77,91,33,2,201,1,0,0.0,1,100.0,107,463,249,5,2,2,4,2,122,7,Matches
Conor Coady,engENG,DF,Leicester City,31-353,1993,8.0,503,84,267,227,9,3,503,1,1,100.0,0,0.0,348,1318,677,0,2,1,4,0,375,0,Matches
Séamus Coleman,ieIRL,DF,Everton,36-124,1988,2.2,100,11,39,43,19,2,100,5,4,80.0,1,20.0,43,225,109,1,1,0,1,1,51,2,Matches
Nathan Collins,ieIRL,DF,Brentford,23-288,2001,24.0,1618,249,856,648,123,49,1618,9,5,55.6,3,33.3,866,4684,2735,20,8,0,10,7,1007,16,Matches
Toby Collyer,engENG,MF,Manchester Utd,21-040,2004,1.4,84,3,26,40,18,1,84,1,1,100.0,0,0.0,46,183,48,0,0,0,6,1,53,2,Matches
Levi Colwill,engENG,DF,Chelsea,21-352,2003,22.0,1861,229,845,945,77,19,1861,6,3,50.0,3,50.0,1093,5151,3025,9,9,0,9,5,1363,5,Matches
Lewis Cook,engENG,"MF,DF",Bournemouth,28-009,1997,21.6,1264,56,281,684,316,14,1264,11,6,54.5,5,45.5,563,2903,1575,26,20,3,22,13,633,32,Matches
Maxwel Cornet,ciCIV,FW,Southampton,28-138,1996,0.8,34,1,8,14,13,2,34,1,0,0.0,1,100.0,16,73,26,1,0,1,3,0,23,5,Matches
Vladimír Coufal,czCZE,DF,West Ham,32-174,1992,8.2,484,48,188,191,106,8,484,7,2,28.6,2,28.6,190,932,425,11,4,1,8,5,252,21,Matches
Woyo Coulibaly,frFRA,DF,Leicester City,25-268,1999,0.2,17,1,7,9,2,0,17,0,0,,0,,11,75,44,1,1,0,3,0,7,1,Matches
Aaron Cresswell,engENG,DF,West Ham,35-059,1989,3.3,209,15,76,97,39,1,209,0,0,,0,,89,330,140,3,5,0,1,0,121,2,Matches
Marc Cucurella,esESP,DF,Chelsea,26-205,1998,20.0,1334,68,395,649,296,43,1334,9,3,33.3,6,66.7,569,2421,1453,23,11,1,18,4,834,72,Matches
Jorge Cuenca,esESP,DF,Fulham,25-087,1999,1.0,52,15,35,17,1,0,52,0,0,,0,,13,47,29,0,0,0,0,0,22,0,Matches
Matheus Cunha,brBRA,"MF,FW",Wolves,25-261,1999,20.8,1075,19,145,498,473,94,1074,99,42,42.4,46,46.5,610,4885,2429,83,64,29,59,35,708,122,Matches
Patson Daka,zmZAM,"FW,MF",Leicester City,26-126,1998,3.4,103,6,15,43,48,15,103,5,1,20.0,2,40.0,55,251,107,3,4,1,4,7,64,17,Matches
Diogo Dalot,ptPOR,DF,Manchester Utd,25-331,1999,22.6,1456,88,491,591,386,43,1456,31,14,45.2,15,48.4,807,3552,1921,41,31,10,27,10,870,110,Matches
Mikkel Damsgaard,dkDEN,"MF,FW",Brentford,24-224,2000,19.9,1165,27,221,533,429,42,1165,65,33,50.8,24,36.9,675,3847,1945,46,33,5,37,33,769,79,Matches
Danilo,brBRA,MF,Nott'ham Forest,23-289,2001,0.9,43,3,17,25,1,0,43,4,1,25.0,3,75.0,15,73,15,0,0,0,3,0,24,0,Matches
Jayden Danns,engENG,MF,Liverpool,19-027,2006,0.1,2,0,0,0,2,0,2,0,0,,0,,1,2,1,0,0,0,0,1,1,0,Matches
Ben Davies,wlsWAL,DF,Tottenham,31-294,1993,6.0,502,87,270,212,20,3,502,0,0,,0,,285,1481,893,5,5,0,1,0,342,4,Matches
Leif Davis,engENG,DF,Ipswich Town,25-031,2000,23.5,1190,98,431,381,395,35,1190,34,11,32.4,17,50.0,535,2919,1563,39,21,10,31,10,617,99,Matches
Craig Dawson,engENG,DF,Wolves,34-282,1990,10.8,671,130,396,249,28,14,671,5,1,20.0,2,40.0,390,1819,938,6,1,0,2,0,443,5,Matches
Kevin De Bruyne,beBEL,MF,Manchester City,33-229,1991,11.2,874,9,51,295,534,50,874,21,9,42.9,10,47.6,497,2481,1340,35,34,14,16,20,662,99,Matches
Liam Delap,engENG,FW,Ipswich Town,22-004,2003,19.6,431,20,49,180,213,60,429,58,26,44.8,26,44.8,287,2240,1067,41,31,19,72,45,343,74,Matches
Sepp van den Berg,nlNED,DF,Brentford,23-054,2001,18.9,1050,191,528,398,126,28,1050,7,4,57.1,3,42.9,445,2050,1000,6,9,0,11,4,588,23,Matches
Justin Devenny,nirNIR,MF,Crystal Palace,21-124,2003,3.0,152,4,30,72,53,4,152,2,1,50.0,1,50.0,68,376,182,3,4,1,7,2,89,7,Matches
Kiernan Dewsbury-Hall,engENG,MF,Chelsea,26-159,1998,1.5,99,2,17,50,32,5,99,3,1,33.3,2,66.7,53,281,130,3,0,0,1,3,77,7,Matches
Amad Diallo,ciCIV,"FW,MF",Manchester Utd,22-216,2002,17.7,1012,13,150,374,504,109,1012,72,36,50.0,32,44.4,656,4482,2294,92,46,52,35,32,714,159,Matches
Rúben Dias,ptPOR,DF,Manchester City,27-274,1997,13.1,1313,121,425,686,204,15,1313,1,0,0.0,1,100.0,920,5230,3094,19,38,1,3,1,1068,5,Matches
Luis Díaz,coCOL,FW,Liverpool,28-030,1997,15.9,697,10,52,254,405,98,697,72,29,40.3,34,47.2,452,3343,1691,61,33,32,34,31,547,147,Matches
Tyler Dibling,engENG,"FW,MF",Southampton,18-337,2006,13.7,573,15,65,261,260,31,573,76,28,36.8,31,40.8,376,3174,1655,51,38,20,31,35,436,70,Matches
Lucas Digne,frFRA,DF,Aston Villa,31-207,1993,19.7,1213,76,422,364,437,24,1213,17,9,52.9,7,41.2,559,2547,1162,19,12,3,13,12,663,116,Matches
Issa Diop,frFRA,DF,Fulham,28-034,1997,11.9,735,107,400,318,18,11,735,1,1,100.0,0,0.0,441,2002,1020,4,2,0,7,1,509,1,Matches
Axel Disasi,frFRA,DF,Chelsea,26-338,1998,4.0,323,17,110,175,40,2,323,1,1,100.0,0,0.0,196,953,519,6,3,0,1,3,242,2,Matches
Roman Dixon,engENG,DF,Everton,20-048,2004,1.0,36,8,19,14,4,0,36,3,0,0.0,3,100.0,16,107,48,0,0,0,2,0,13,1,Matches
Matt Doherty,ieIRL,DF,Wolves,33-027,1992,12.9,833,68,320,386,135,21,833,10,6,60.0,3,30.0,419,1876,1023,16,9,3,9,3,511,31,Matches
Jeremy Doku,beBEL,"FW,MF",Manchester City,22-261,2002,8.8,536,3,28,115,404,77,536,89,45,50.6,27,30.3,403,3701,2353,104,48,48,30,30,440,147,Matches
Nicolás Domínguez,arARG,"MF,FW",Nott'ham Forest,26-229,1998,12.5,733,40,177,379,182,16,733,5,1,20.0,3,60.0,291,1076,490,9,7,2,11,8,413,16,Matches
Alfie Dorrington,engENG,DF,Tottenham,19-298,2005,0.2,16,0,11,5,0,0,16,0,0,,0,,12,61,26,0,0,0,0,0,13,0,Matches
Abdoulaye Doucouré,mlMLI,MF,Everton,32-042,1993,18.7,785,25,169,368,259,31,785,25,14,56.0,11,44.0,415,2104,991,29,18,3,22,25,521,61,Matches
Cheick Doucouré,mlMLI,MF,Crystal Palace,25-035,2000,5.0,263,11,56,165,45,4,263,5,2,40.0,2,40.0,133,581,280,2,7,1,4,7,160,7,Matches
Flynn Downes,engENG,MF,Southampton,26-023,1999,15.9,948,67,292,494,166,18,948,11,3,27.3,7,63.6,439,2379,1251,18,14,4,12,14,680,23,Matches
Tommy Doyle,engENG,MF,Wolves,23-118,2001,5.1,422,20,122,234,69,2,422,8,4,50.0,1,12.5,236,1284,542,6,3,0,7,4,277,2,Matches
Radu Drăgușin,roROU,DF,Tottenham,23-009,2002,13.9,961,148,510,430,30,12,961,2,0,0.0,0,0.0,623,3349,1666,7,3,0,8,2,669,2,Matches
Martin Dúbravka,skSVK,GK,Newcastle Utd,36-028,1989,9.0,311,233,299,12,0,0,311,0,0,,0,,176,877,556,0,0,0,0,0,156,0,Matches
Lewis Dunk,engENG,DF,Brighton,33-083,1991,17.4,1600,205,778,748,84,15,1600,1,0,0.0,1,100.0,988,4693,2575,17,15,0,4,3,1163,2,Matches
Jáder Durán,coCOL,FW,Aston Villa,21-061,2003,7.1,263,13,36,110,122,47,263,14,3,21.4,9,64.3,133,535,267,7,7,2,16,15,192,44,Matches
Ederson,brBRA,GK,Manchester City,31-179,1993,15.0,594,406,585,9,0,0,594,0,0,,0,,386,1685,1035,0,0,0,1,0,386,0,Matches
George Edmundson,engENG,DF,Ipswich Town,27-165,1997,0.0,3,1,3,0,0,0,3,0,0,,0,,1,2,0,0,0,0,0,0,1,0,Matches
Odsonne Édouard,frFRA,"MF,FW",Crystal Palace,27-027,1998,1.3,45,1,4,23,18,8,45,1,0,0.0,1,100.0,23,107,50,2,1,2,4,1,26,7,Matches
Odsonne Édouard,frFRA,FW,Leicester City,27-027,1998,0.3,20,1,2,7,11,6,20,2,1,50.0,1,50.0,11,25,2,0,0,1,7,2,13,2,Matches
Samuel Edozie,engENG,"DF,FW",Southampton,22-015,2003,0.7,43,0,0,7,36,10,43,4,2,50.0,2,50.0,34,336,197,6,2,4,4,0,39,23,Matches
Ronnie Edwards,engENG,DF,Southampton,21-321,2003,0.1,6,3,4,2,0,0,6,0,0,,0,,3,10,0,0,0,0,0,0,5,0,Matches
Anthony Elanga,seSWE,"FW,MF",Nott'ham Forest,22-291,2002,16.2,658,26,100,186,383,64,658,47,13,27.7,19,40.4,345,2705,1551,60,30,29,45,27,430,117,Matches
Harvey Elliott,engENG,"MF,FW",Liverpool,21-314,2003,0.9,110,1,11,37,62,5,110,2,0,0.0,2,100.0,63,307,154,3,2,2,1,1,78,8,Matches
Yunus Emre Konak,trTUR,"MF,FW",Brentford,19-033,2006,0.2,23,0,5,10,8,0,23,1,0,0.0,1,100.0,9,51,34,1,0,1,2,3,13,1,Matches
Julio Enciso,pyPAR,MF,Ipswich Town,21-020,2004,1.1,78,0,10,38,32,2,78,9,6,66.7,3,33.3,39,314,167,3,7,1,1,6,62,7,Matches
Julio Enciso,pyPAR,"MF,FW",Brighton,21-020,2004,3.3,202,2,17,72,116,20,202,21,10,47.6,8,38.1,114,678,386,11,10,4,7,9,141,17,Matches
Wataru Endo,jpJPN,MF,Liverpool,32-003,1993,1.0,74,2,11,48,16,2,74,1,1,100.0,0,0.0,38,144,44,0,0,1,5,2,51,1,Matches
Christian Eriksen,dkDEN,MF,Manchester Utd,32-364,1992,7.1,504,17,103,261,144,9,504,1,0,0.0,1,100.0,277,962,366,5,6,0,3,3,330,19,Matches
Romain Esse,engENG,MF,Crystal Palace,19-275,2005,0.1,6,0,1,2,3,2,6,0,0,,0,,3,17,1,0,0,0,0,0,4,2,Matches
Pervis Estupiñán,ecECU,DF,Brighton,27-022,1998,15.7,1139,47,278,568,305,19,1139,21,10,47.6,10,47.6,611,3025,1651,39,29,7,21,20,698,76,Matches
Evanilson,brBRA,FW,Bournemouth,25-129,1999,15.2,336,13,23,131,184,79,335,19,6,31.6,7,36.8,206,1087,503,19,10,11,28,18,244,61,Matches
Jonny Evans,nirNIR,DF,Manchester Utd,37-040,1988,3.2,223,30,125,91,11,2,223,1,1,100.0,0,0.0,128,498,183,1,0,0,1,0,137,2,Matches
Eberechi Eze,engENG,"MF,FW",Crystal Palace,26-228,1998,17.9,945,11,125,452,393,62,945,87,39,44.8,44,50.6,565,3327,1526,46,28,16,30,31,628,108,Matches
Łukasz Fabiański,plPOL,GK,West Ham,39-300,1985,11.9,488,382,483,5,0,0,488,2,2,100.0,0,0.0,258,1371,845,0,0,0,0,0,227,0,Matches
Wout Faes,beBEL,DF,Leicester City,26-315,1998,18.3,1129,188,539,550,45,17,1129,4,3,75.0,1,25.0,647,3043,1828,8,8,1,10,3,741,1,Matches
Abdul Fatawu Issahaku,ghGHA,FW,Leicester City,20-341,2004,6.4,326,19,73,114,157,26,326,69,29,42.0,28,40.6,217,1869,1055,42,24,15,18,12,216,60,Matches
João Félix,ptPOR,"FW,MF",Chelsea,25-094,1999,4.1,271,2,26,128,124,29,271,31,10,32.3,14,45.2,192,1240,710,21,13,5,6,4,217,29,Matches
Evan Ferguson,ieIRL,FW,Brighton,20-116,2004,2.7,88,7,13,50,26,9,88,2,1,50.0,1,50.0,42,183,56,2,1,2,5,6,52,9,Matches
Bruno Fernandes,ptPOR,MF,Manchester Utd,30-157,1994,21.4,1613,34,224,777,629,61,1610,42,16,38.1,21,50.0,952,4531,2418,51,40,8,28,24,1170,100,Matches
Mateus Fernandes,ptPOR,MF,Southampton,20-217,2004,19.3,1090,43,231,532,348,38,1090,73,32,43.8,34,46.6,549,3414,1793,51,40,8,32,20,673,64,Matches
Enzo Fernández,arARG,MF,Chelsea,24-026,2001,18.8,1352,23,218,685,453,46,1352,30,16,53.3,9,30.0,719,2978,1424,26,27,3,16,20,985,66,Matches
Mark Flekken,nlNED,GK,Brentford,31-244,1993,22.4,1180,921,1146,39,0,0,1180,1,1,100.0,0,0.0,734,3676,2022,0,0,0,2,0,679,0,Matches
Phil Foden,engENG,"MF,FW",Manchester City,24-260,2000,15.2,891,12,65,310,525,70,891,29,10,34.5,14,48.3,557,2886,1393,37,23,11,28,23,694,98,Matches
Wesley Fofana,frFRA,DF,Chelsea,24-057,2000,11.3,821,76,341,451,43,9,821,13,7,53.8,3,23.1,502,2681,1353,14,10,1,15,4,581,4,Matches
Carlos Forbs,ptPOR,"MF,FW",Wolves,20-330,2004,2.6,117,3,20,38,60,13,117,12,7,58.3,5,41.7,72,435,297,9,3,8,7,4,82,28,Matches
Fraser Forster,engENG,GK,Tottenham,36-332,1988,7.0,228,212,228,0,0,0,228,1,1,100.0,0,0.0,113,501,264,0,0,0,1,0,94,0,Matches
Ryan Fraser,sctSCO,"FW,DF",Southampton,30-354,1994,3.4,131,12,45,50,37,3,131,3,2,66.7,1,33.3,74,492,252,10,5,2,4,2,94,18,Matches
Niclas Füllkrug,deGER,FW,West Ham,32-003,1993,4.1,111,7,8,60,43,20,111,3,0,0.0,3,100.0,40,146,74,3,2,2,10,2,78,8,Matches
Cody Gakpo,nlNED,FW,Liverpool,25-281,1999,14.5,626,18,57,179,403,73,626,42,25,59.5,13,31.0,421,2955,1471,37,22,17,29,13,477,199,Matches
Idrissa Gana Gueye,snSEN,MF,Everton,35-139,1989,19.5,1043,46,253,596,199,14,1043,23,11,47.8,11,47.8,494,2361,1011,15,17,3,18,26,620,14,Matches
Andrés García,esESP,DF,Aston Villa,22-005,2003,0.5,29,3,5,11,13,0,29,3,1,33.3,2,66.7,10,107,35,1,2,0,2,1,16,3,Matches
Alejandro Garnacho,arARG,"FW,MF",Manchester Utd,20-226,2004,14.7,696,8,78,235,395,102,696,57,15,26.3,37,64.9,492,3548,1678,78,38,42,37,31,530,183,Matches
James Garner,engENG,"DF,MF",Everton,23-336,2001,3.9,193,15,58,94,44,4,193,6,3,50.0,3,50.0,91,349,118,2,3,0,4,1,94,6,Matches
Tyrique George,engENG,FW,Chelsea,19-008,2006,0.1,4,0,1,1,2,0,4,0,0,,0,,3,29,11,1,0,0,0,0,4,0,Matches
Morgan Gibbs-White,engENG,MF,Nott'ham Forest,25-016,2000,17.4,957,19,121,461,393,64,957,56,24,42.9,25,44.6,553,3089,1637,46,32,9,40,27,727,80,Matches
Billy Gilmour,sctSCO,MF,Brighton,23-246,2001,1.1,73,2,14,46,13,0,73,2,1,50.0,1,50.0,44,210,117,2,0,0,0,0,58,2,Matches
Ben Godfrey,engENG,DF,Ipswich Town,27-028,1998,0.7,49,2,19,24,6,1,49,0,0,,0,,29,170,53,1,2,0,2,1,34,0,Matches
Martial Godo,engENG,FW,Fulham,21-335,2003,0.2,11,0,1,4,6,3,11,2,0,0.0,2,100.0,8,48,18,0,0,0,0,0,6,3,Matches
João Gomes,brBRA,MF,Wolves,24-000,2001,20.6,1192,47,279,660,266,19,1192,27,14,51.9,10,37.0,608,3669,1796,35,31,4,22,33,772,43,Matches
Rodrigo Gomes,ptPOR,"DF,FW",Wolves,21-220,2003,6.3,297,22,70,105,125,22,297,11,3,27.3,6,54.5,147,982,586,17,11,7,14,6,173,57,Matches
Toti Gomes,ptPOR,DF,Wolves,26-027,1999,15.0,975,136,501,439,50,8,975,17,12,70.6,3,17.6,540,2722,1425,6,10,0,12,9,642,7,Matches
Diego Gómez,pyPAR,MF,Brighton,21-322,2003,0.5,51,1,8,32,11,0,51,1,1,100.0,0,0.0,30,94,26,0,0,0,0,1,28,0,Matches
Joe Gomez,engENG,DF,Liverpool,27-265,1997,5.8,481,54,183,264,37,5,481,0,0,,0,,303,1638,947,5,2,1,1,2,335,2,Matches
Anthony Gordon,engENG,FW,Newcastle Utd,23-354,2001,20.6,977,15,103,358,533,112,975,85,33,38.8,36,42.4,645,4768,2577,96,49,50,25,29,693,174,Matches
Ryan Gravenberch,nlNED,MF,Liverpool,22-272,2002,22.1,1521,71,308,895,338,18,1521,44,22,50.0,15,34.1,922,4840,2517,47,50,6,30,12,1090,36,Matches
Archie Gray,engENG,DF,Tottenham,18-337,2006,10.7,816,107,405,370,50,1,816,7,4,57.1,2,28.6,560,2490,1026,3,5,0,3,7,607,7,Matches
Jack Grealish,engENG,"FW,MF",Manchester City,29-155,1995,6.8,438,12,34,132,276,65,438,25,13,52.0,8,32.0,323,2560,1591,66,18,45,8,12,358,111,Matches
Jacob Greaves,engENG,DF,Ipswich Town,24-153,2000,14.0,799,173,450,318,33,13,799,2,1,50.0,1,50.0,362,1364,540,2,1,0,6,2,498,4,Matches
Brajan Gruda,deGER,"FW,MF",Brighton,20-257,2004,4.1,192,4,26,64,103,22,192,17,6,35.3,7,41.2,115,808,399,14,16,8,6,16,125,39,Matches
Albert Grønbaek,dkDEN,MF,Southampton,23-265,2001,0.8,22,0,3,8,11,2,22,2,0,0.0,2,100.0,11,34,7,1,0,1,2,1,12,1,Matches
Gonçalo Guedes,ptPOR,"MF,FW",Wolves,28-075,1996,7.7,340,4,39,147,166,24,340,20,5,25.0,11,55.0,202,1502,740,26,17,3,33,13,227,50,Matches
Marc Guéhi,engENG,DF,Crystal Palace,24-214,2000,23.0,1463,239,788,601,83,20,1463,12,10,83.3,2,16.7,787,3882,1973,10,13,1,13,10,903,5,Matches
Luis Guilherme,brBRA,"MF,FW",West Ham,19-003,2006,0.6,42,3,11,10,21,2,42,4,0,0.0,2,50.0,18,148,69,1,2,1,1,0,25,6,Matches
Bruno Guimarães,brBRA,MF,Newcastle Utd,27-088,1997,23.2,1443,56,319,752,387,38,1443,57,24,42.1,17,29.8,973,5325,2235,32,28,5,36,63,1082,55,Matches
Marc Guiu,esESP,FW,Chelsea,19-039,2006,0.8,22,0,2,8,12,3,22,1,0,0.0,1,100.0,12,30,8,0,0,0,2,0,12,3,Matches
İlkay Gündoğan,deGER,MF,Manchester City,34-111,1990,14.9,1188,28,181,567,457,43,1188,23,13,56.5,6,26.1,702,3949,1861,37,37,7,18,15,932,59,Matches
Malo Gusto,frFRA,DF,Chelsea,21-269,2003,14.5,1111,33,279,528,313,34,1111,10,3,30.0,7,70.0,595,2838,1465,33,26,3,8,11,740,64,Matches
Joško Gvardiol,hrCRO,DF,Manchester City,23-020,2002,22.5,1907,80,447,875,602,71,1907,30,19,63.3,9,30.0,1211,6245,3514,56,72,12,17,13,1392,79,Matches
Erling Haaland,noNOR,FW,Manchester City,24-206,2000,23.6,492,20,34,158,303,151,490,25,10,40.0,13,52.0,232,1152,439,16,13,15,36,20,375,95,Matches
Lewis Hall,engENG,DF,Newcastle Utd,20-157,2004,21.3,1611,81,555,700,374,45,1611,16,8,50.0,6,37.5,877,4023,2161,37,22,11,30,17,982,71,Matches
Ali Al Hamadi,iqIRQ,FW,Ipswich Town,22-348,2002,1.5,53,2,6,20,30,9,53,7,4,57.1,3,42.9,29,187,111,4,3,4,7,4,36,14,Matches
Marcus Harness,engENG,MF,Ipswich Town,28-354,1996,0.5,22,4,7,2,13,3,22,1,0,0.0,1,100.0,9,49,14,0,0,0,0,0,9,1,Matches
Jack Harrison,engENG,FW,Everton,28-084,1996,11.1,431,19,85,149,200,38,431,38,11,28.9,23,60.5,250,1325,646,24,10,8,27,28,300,59,Matches
Taylor Harwood-Bellis,engENG,DF,Southampton,23-013,2002,21.1,1775,240,829,822,131,28,1775,3,3,100.0,0,0.0,1003,4466,2576,19,23,0,10,5,1297,7,Matches
Kai Havertz,deGER,"FW,MF",Arsenal,25-246,1999,20.4,768,31,88,282,403,103,768,38,9,23.7,24,63.2,411,1957,922,34,23,18,42,22,575,110,Matches
Jan Paul van Hecke,nlNED,DF,Brighton,24-249,2000,20.9,1747,170,728,908,124,21,1747,8,3,37.5,4,50.0,1188,7326,5025,39,37,0,9,5,1254,5,Matches
Hwang Hee-chan,krKOR,"MF,FW",Wolves,29-017,1996,6.9,248,9,39,95,116,22,248,11,1,9.1,10,90.9,141,893,414,14,5,7,12,7,161,38,Matches
Dean Henderson,engENG,GK,Crystal Palace,27-337,1997,24.0,841,678,839,1,1,1,841,0,0,,0,,486,2876,1286,0,0,0,1,0,376,0,Matches
Rico Henry,engENG,DF,Brentford,27-219,1997,0.0,6,0,4,1,1,0,6,0,0,,0,,2,5,0,0,0,0,0,0,2,1,Matches
Mads Hermansen,dkDEN,GK,Leicester City,24-216,2000,16.5,688,514,661,28,0,0,688,1,1,100.0,0,0.0,436,2188,1146,0,0,0,0,0,357,0,Matches
Son Heung-min,krKOR,FW,Tottenham,32-219,1992,17.6,858,11,84,276,506,88,857,63,25,39.7,31,49.2,567,3432,1763,68,38,29,22,21,663,197,Matches
James Hill,engENG,"DF,MF",Bournemouth,23-033,2002,2.0,116,7,29,60,27,0,116,2,1,50.0,1,50.0,53,140,75,0,2,0,2,0,59,5,Matches
Jack Hinshelwood,engENG,"MF,DF",Brighton,19-307,2005,10.0,625,28,182,298,150,13,625,6,1,16.7,5,83.3,298,1303,653,10,7,1,12,1,404,28,Matches
George Hirst,engENG,FW,Ipswich Town,25-363,1999,2.4,79,4,11,25,43,12,79,1,0,0.0,1,100.0,44,218,66,3,1,3,13,7,70,17,Matches
Mason Holgate,engENG,"FW,DF",Everton,28-113,1996,0.1,3,0,0,2,1,0,3,0,0,,0,,1,0,0,0,0,0,1,0,1,0,Matches
Callum Hudson-Odoi,engENG,"FW,MF",Nott'ham Forest,24-097,2000,16.9,725,10,76,231,435,52,725,46,27,58.7,13,28.3,453,3718,2448,92,45,32,33,19,555,133,Matches
Will Hughes,engENG,MF,Crystal Palace,29-301,1995,15.7,807,27,168,428,222,12,807,10,3,30.0,5,50.0,368,1978,877,16,18,1,16,18,460,21,Matches
Dean Huijsen,esESP,DF,Bournemouth,19-304,2005,13.8,951,127,440,462,57,19,951,3,2,66.7,1,33.3,515,3062,1970,22,8,0,7,0,571,3,Matches
Omari Hutchinson,engENG,"MF,FW",Ipswich Town,21-105,2003,20.7,871,11,142,367,379,62,871,104,42,40.4,48,46.2,535,4073,1884,55,31,26,59,49,619,105,Matches
Rasmus Højlund,dkDEN,FW,Manchester Utd,22-008,2003,12.3,299,3,15,152,136,33,299,22,6,27.3,14,63.6,187,926,383,18,10,8,45,17,241,56,Matches
Igor,brBRA,DF,Brighton,27-005,1998,10.0,764,109,377,353,38,1,764,4,3,75.0,1,25.0,497,2837,1782,9,14,0,1,0,568,0,Matches
Danny Ings,engENG,"FW,MF",West Ham,32-204,1992,3.1,135,2,15,50,70,26,135,7,4,57.1,2,28.6,60,322,116,6,0,2,5,6,93,26,Matches
Tim Iroegbunam,engENG,MF,Everton,21-227,2003,4.4,170,10,48,86,41,11,170,14,6,42.9,5,35.7,85,496,243,5,7,2,6,9,78,7,Matches
Andy Irving,sctSCO,MF,West Ham,24-275,2000,1.8,147,7,37,87,23,0,147,1,1,100.0,0,0.0,72,304,137,0,1,0,1,3,103,4,Matches
Alexander Isak,seSWE,FW,Newcastle Utd,25-144,1999,20.0,704,13,39,266,408,127,703,71,33,46.5,37,52.1,429,2558,1310,58,30,32,44,38,498,142,Matches
Alex Iwobi,ngNGA,"FW,MF",Fulham,28-285,1996,22.4,1264,25,174,493,618,84,1264,66,35,53.0,28,42.4,910,5433,3033,101,78,30,43,30,1008,167,Matches
Nicolas Jackson,snSEN,FW,Chelsea,23-237,2001,19.3,544,19,41,226,285,115,544,50,17,34.0,25,50.0,324,2069,1116,41,21,26,52,33,396,94,Matches
Reece James,engENG,DF,Chelsea,25-066,1999,5.4,478,20,146,255,80,2,478,8,5,62.5,2,25.0,252,1037,501,3,1,0,4,1,294,5,Matches
Vitaly Janelt,deGER,MF,Brentford,26-278,1998,19.1,998,96,329,447,230,24,998,11,3,27.3,6,54.5,521,2420,969,11,14,2,15,10,634,29,Matches
Vitezslav Jaros,czCZE,GK,Liverpool,23-204,2001,0.1,8,5,8,0,0,0,8,0,0,,0,,7,29,8,0,0,0,0,0,5,0,Matches
Daniel Jebbison,engENG,"FW,MF",Bournemouth,21-183,2003,0.7,31,2,3,13,15,6,31,3,2,66.7,1,33.3,22,137,74,2,1,2,5,2,24,7,Matches
Mathias Jensen,dkDEN,MF,Brentford,29-042,1996,7.8,441,19,102,183,157,7,441,13,7,53.8,4,30.8,241,1053,506,6,8,0,6,6,275,21,Matches
Gabriel Jesus,brBRA,FW,Arsenal,27-315,1997,6.8,299,9,28,108,165,48,299,22,9,40.9,10,45.5,179,953,432,15,6,11,13,13,217,57,Matches
Raúl Jiménez,mxMEX,FW,Fulham,33-283,1991,16.9,612,18,64,268,288,109,609,34,14,41.2,17,50.0,341,1475,667,25,11,11,43,26,448,81,Matches
Kim Jisoo,krKOR,DF,Brentford,20-050,2004,0.3,29,1,14,12,3,0,29,0,0,,0,,15,57,22,0,0,0,0,1,22,0,Matches
João Pedro,brBRA,"FW,MF",Brighton,23-139,2001,14.9,634,8,40,263,341,82,633,51,21,41.2,25,49.0,433,2752,1315,51,29,24,49,25,511,94,Matches
Joelinton,brBRA,"MF,FW",Newcastle Utd,28-182,1996,21.3,1106,55,216,540,359,70,1106,41,12,29.3,26,63.4,608,3026,1457,33,18,7,31,47,758,96,Matches
Ben Johnson,engENG,"DF,FW",Ipswich Town,25-019,2000,9.2,406,37,166,144,98,6,406,17,7,41.2,8,47.1,173,948,378,10,9,2,14,9,194,18,Matches
Brennan Johnson,wlsWAL,FW,Tottenham,23-265,2001,16.6,606,10,56,188,369,100,606,28,14,50.0,11,39.3,371,2051,1048,46,14,27,18,9,437,153,Matches
Sam Johnstone,engENG,GK,Wolves,31-324,1993,7.0,306,229,304,2,0,0,306,0,0,,0,,196,1221,756,0,0,0,0,0,179,0,Matches
Curtis Jones,engENG,MF,Liverpool,24-013,2001,10.3,683,16,101,365,221,37,683,12,8,66.7,3,25.0,420,1991,877,12,8,3,15,25,530,49,Matches
Jorginho,itITA,MF,Arsenal,33-054,1991,5.1,338,5,67,202,73,1,338,2,1,50.0,0,0.0,195,990,572,8,7,0,8,7,249,2,Matches
Diogo Jota,ptPOR,FW,Liverpool,28-070,1996,7.0,273,4,22,109,148,53,273,21,8,38.1,12,57.1,147,993,498,24,17,13,22,13,191,54,Matches
James Justin,engENG,DF,Leicester City,26-355,1998,22.0,1316,101,463,582,278,33,1316,24,7,29.2,10,41.7,587,2418,1201,31,20,4,23,9,727,64,Matches
Filip Jørgensen,dkDEN,GK,Chelsea,22-302,2002,3.0,90,75,89,1,0,0,90,0,0,,0,,68,289,159,0,0,0,0,0,56,0,Matches
Ferdi Kadioglu,trTUR,"DF,MF",Brighton,25-128,1999,4.3,231,13,71,91,72,9,231,7,3,42.9,3,42.9,124,479,183,1,0,0,6,2,144,27,Matches
Daichi Kamada,jpJPN,MF,Crystal Palace,28-191,1996,10.4,558,13,103,304,154,18,558,8,4,50.0,4,50.0,275,1362,661,16,11,3,9,16,355,38,Matches
Boubacar Kamara,frFRA,MF,Aston Villa,25-081,1999,11.5,705,61,214,408,88,6,705,19,7,36.8,7,36.8,357,1747,826,11,8,1,5,7,466,3,Matches
Michael Kayode,itITA,DF,Brentford,20-217,2004,0.2,14,0,5,1,8,1,14,0,0,,0,,6,30,7,1,0,1,0,0,5,3,Matches
Michael Keane,engENG,DF,Everton,32-032,1993,9.0,409,78,226,167,18,14,409,1,0,0.0,1,100.0,187,736,234,1,1,0,0,2,236,3,Matches
Caoimhín Kelleher,ieIRL,GK,Liverpool,26-081,1998,8.0,309,230,308,1,0,0,309,1,1,100.0,0,0.0,232,851,453,0,0,0,1,0,209,0,Matches
Lloyd Kelly,engENG,DF,Newcastle Utd,26-129,1998,3.4,215,26,105,94,19,4,215,3,2,66.7,1,33.3,120,474,202,0,2,0,3,2,129,5,Matches
Milos Kerkez,huHUN,DF,Bournemouth,21-097,2003,23.2,1259,77,313,531,428,37,1259,29,12,41.4,9,31.0,635,3595,2158,60,37,8,32,11,676,115,Matches
Bilal El Khannouss,maMAR,MF,Leicester City,20-278,2004,12.2,657,6,79,362,222,15,657,28,20,71.4,8,28.6,371,2118,982,29,19,3,18,15,433,41,Matches
Abdukodir Khusanov,uzUZB,DF,Manchester City,20-349,2004,0.6,52,8,33,19,1,0,52,1,0,0.0,1,100.0,41,163,44,0,0,0,0,0,43,0,Matches
Max Kilman,engENG,DF,West Ham,27-265,1997,23.2,1449,285,812,585,64,22,1449,16,11,68.8,1,6.3,777,3430,1975,20,6,2,10,1,958,3,Matches
Joshua King,engENG,"MF,FW",Fulham,18-040,2007,0.9,54,2,8,19,28,7,54,7,4,57.1,3,42.9,22,176,70,1,3,0,1,3,36,9,Matches
Antonín Kinský,czCZE,GK,Tottenham,21-336,2003,4.0,156,134,154,2,0,0,156,0,0,,0,,97,444,267,1,0,0,0,0,98,0,Matches
Jakub Kiwior,plPOL,DF,Arsenal,24-363,2000,3.6,202,31,91,103,8,0,202,2,1,50.0,1,50.0,94,333,153,1,0,0,0,0,138,0,Matches
Justin Kluivert,nlNED,"MF,FW",Bournemouth,25-283,1999,17.0,660,18,72,218,387,95,654,53,20,37.7,26,49.1,373,2470,1384,47,33,26,35,15,415,104,Matches
Ibrahima Konaté,frFRA,DF,Liverpool,25-263,1999,15.5,1224,127,509,632,87,13,1224,2,1,50.0,1,50.0,728,3423,1985,16,8,0,5,1,868,1,Matches
Ezri Konsa,engENG,DF,Aston Villa,27-112,1997,21.1,1250,135,571,595,90,15,1250,13,7,53.8,5,38.5,727,3783,1904,14,8,2,12,5,870,11,Matches
Mateo Kovačić,hrCRO,MF,Manchester City,30-282,1994,17.2,1473,37,206,825,460,14,1473,32,17,53.1,9,28.1,987,5787,2726,43,52,2,15,21,1196,14,Matches
Caleb Kporha,engENG,DF,Crystal Palace,18-212,2006,0.1,11,1,4,2,5,0,11,0,0,,0,,4,46,36,1,1,0,0,2,3,0,Matches
Emil Krafth,seSWE,DF,Newcastle Utd,30-194,1994,2.7,100,23,64,30,6,3,100,0,0,,0,,49,167,35,0,1,0,2,1,51,0,Matches
Mohammed Kudus,ghGHA,"MF,FW",West Ham,24-194,2000,17.4,776,8,109,315,373,84,776,132,59,44.7,60,45.5,505,3235,1510,61,34,30,44,62,601,141,Matches
Dejan Kulusevski,seSWE,"MF,FW",Tottenham,24-293,2000,21.7,1066,19,114,353,622,134,1066,97,33,34.0,56,57.7,690,5384,2924,110,61,35,63,61,755,184,Matches
Maxence Lacroix,frFRA,DF,Crystal Palace,24-312,2000,21.0,1228,214,741,444,50,22,1228,13,8,61.5,3,23.1,665,3098,1455,7,4,0,14,3,724,2,Matches
Adam Lallana,engENG,MF,Southampton,36-278,1988,3.8,302,18,88,146,69,6,302,12,5,41.7,5,41.7,170,798,350,5,7,0,10,6,235,10,Matches
Tariq Lamptey,ghGHA,DF,Brighton,24-135,2000,5.8,351,16,88,161,104,5,351,19,6,31.6,12,63.2,203,1501,753,21,10,1,6,3,204,34,Matches
Will Lankshear,engENG,"FW,MF",Tottenham,19-298,2005,0.1,3,0,0,2,1,0,3,0,0,,0,,3,3,0,0,0,0,2,0,3,1,Matches
Roméo Lavia,beBEL,MF,Chelsea,21-037,2004,5.9,336,12,86,201,53,1,336,12,7,58.3,5,41.7,199,919,395,3,8,0,1,6,241,6,Matches
Mario Lemina,gaGAB,"MF,DF",Wolves,31-164,1993,15.2,809,92,324,378,119,18,809,16,10,62.5,4,25.0,382,2068,1038,8,12,2,21,11,482,21,Matches
Bernd Leno,deGER,GK,Fulham,32-345,1992,24.0,936,736,929,7,0,0,936,0,0,,0,,625,2320,1307,0,0,0,0,0,557,0,Matches
Jefferson Lerma,coCOL,MF,Crystal Palace,30-110,1994,14.4,801,54,224,439,148,20,801,8,4,50.0,3,37.5,364,1356,624,8,7,0,7,11,471,23,Matches
Rico Lewis,engENG,"DF,MF",Manchester City,20-083,2004,15.6,1029,37,186,520,331,41,1029,14,6,42.9,8,57.1,607,3060,1637,32,26,8,17,16,745,57,Matches
Keane Lewis-Potter,engENG,"DF,FW",Brentford,23-356,2001,21.3,938,65,274,341,334,51,938,65,22,33.8,36,55.4,515,3829,2009,66,41,26,32,15,577,108,Matches
Myles Lewis-Skelly,engENG,DF,Arsenal,18-139,2006,6.1,369,10,68,203,106,7,369,12,7,58.3,3,25.0,203,930,535,11,5,2,2,4,243,14,Matches
Matthijs de Ligt,nlNED,DF,Manchester Utd,25-184,1999,17.2,1214,129,621,560,37,20,1214,2,1,50.0,1,50.0,841,3603,1608,4,1,0,3,2,903,4,Matches
Pedro Lima,brBRA,DF,Wolves,18-226,2006,0.6,33,0,6,6,21,2,33,1,0,0.0,1,100.0,13,74,47,3,2,1,1,0,20,8,Matches
Victor Lindelöf,seSWE,"DF,MF",Manchester Utd,30-210,1994,0.7,51,6,26,19,6,2,51,0,0,,0,,19,121,73,0,0,0,0,0,29,1,Matches
Jesper Lindstrøm,dkDEN,FW,Everton,24-349,2000,9.7,466,13,91,149,235,30,466,34,7,20.6,23,67.6,227,1271,619,24,15,6,22,17,263,57,Matches
Valentino Livramento,engENG,DF,Newcastle Utd,22-092,2002,18.3,1156,78,396,522,259,14,1156,32,14,43.8,13,40.6,614,3592,1779,44,26,5,14,26,644,60,Matches
Sean Longstaff,engENG,MF,Newcastle Utd,27-105,1997,8.0,385,19,98,176,114,21,385,6,2,33.3,3,50.0,222,1080,408,4,10,2,7,7,276,20,Matches
Saša Lukić,rsSRB,MF,Fulham,28-183,1996,16.7,984,39,220,580,193,8,984,12,6,50.0,3,25.0,555,3038,1527,28,30,3,12,4,641,16,Matches
Joe Lumley,engENG,GK,Southampton,29-363,1995,3.0,164,116,161,3,0,0,164,0,0,,0,,103,476,296,0,0,0,0,0,108,0,Matches
Massimo Luongo,auAUS,MF,Ipswich Town,32-140,1992,1.9,72,9,32,24,16,1,72,0,0,,0,,38,140,25,0,0,0,2,3,41,1,Matches
Ian Maatsen,nlNED,DF,Aston Villa,22-339,2002,5.1,396,24,110,152,137,23,396,13,6,46.2,7,53.8,200,1175,557,13,8,7,10,11,238,45,Matches
Alexis Mac Allister,arARG,MF,Liverpool,26-050,1998,18.1,1214,31,182,642,400,44,1214,31,12,38.7,15,48.4,622,2572,1317,23,28,2,18,17,840,53,Matches
James Maddison,engENG,MF,Tottenham,28-081,1996,14.4,1068,19,151,478,450,61,1068,53,25,47.2,22,41.5,738,3653,1673,34,30,14,17,17,822,69,Matches
Noni Madueke,engENG,FW,Chelsea,22-339,2002,15.9,692,11,67,189,448,136,692,69,27,39.1,36,52.2,465,3926,2468,107,38,65,37,22,533,177,Matches
Gabriel Magalhães,brBRA,DF,Arsenal,27-055,1997,21.1,1506,163,563,774,176,35,1506,4,4,100.0,0,0.0,900,3376,1972,5,16,0,8,2,1106,9,Matches
Edmond-Paris Maghoma,engENG,MF,Brentford,23-280,2001,0.9,61,1,8,37,17,2,61,3,2,66.7,1,33.3,41,240,153,3,2,1,2,0,46,2,Matches
Harry Maguire,engENG,DF,Manchester Utd,31-344,1993,12.1,855,96,430,393,42,22,855,3,2,66.7,1,33.3,509,3152,1280,4,4,3,5,2,551,3,Matches
Kobbie Mainoo,engENG,MF,Manchester Utd,19-299,2005,14.3,845,17,165,477,210,30,845,41,20,48.8,19,46.3,526,2343,1032,19,12,9,23,29,598,35,Matches
Tyrell Malacia,nlNED,DF,Manchester Utd,25-179,1999,1.1,62,2,20,27,15,0,62,1,1,100.0,0,0.0,37,190,118,3,2,0,1,2,43,6,Matches
Donyell Malen,nlNED,FW,Aston Villa,26-034,1999,0.8,30,1,2,9,20,3,30,4,1,25.0,2,50.0,14,117,30,2,1,1,3,3,18,5,Matches
Orel Mangala,beBEL,MF,Everton,26-331,1998,14.0,621,22,133,335,157,13,621,24,14,58.3,9,37.5,298,1574,576,6,6,3,12,12,406,19,Matches
Ryan Manning,ieIRL,DF,Southampton,28-243,1996,8.5,488,40,132,195,167,18,488,22,8,36.4,10,45.5,244,1103,519,10,8,3,13,5,303,51,Matches
Solly March,engENG,"MF,DF",Brighton,30-207,1994,0.3,22,0,4,8,10,1,22,1,1,100.0,0,0.0,5,23,3,0,0,0,0,0,8,1,Matches
Omar Marmoush,egEGY,"FW,MF",Manchester City,26-005,1999,1.6,63,1,5,22,36,3,63,3,0,0.0,3,100.0,41,251,149,4,3,0,5,3,46,9,Matches
Gabriel Martinelli,brBRA,"FW,MF",Arsenal,23-239,2001,16.2,639,11,67,179,401,114,639,84,24,28.6,46,54.8,410,3046,1627,78,24,34,33,28,471,184,Matches
Emiliano Martínez,arARG,GK,Aston Villa,32-163,1992,23.5,930,700,921,9,0,0,930,1,1,100.0,0,0.0,549,2841,1795,0,0,0,1,0,512,0,Matches
Lisandro Martínez,arARG,DF,Manchester Utd,27-025,1998,19.5,1524,156,713,697,125,18,1524,7,6,85.7,1,14.3,1017,5141,3129,23,23,2,1,3,1069,7,Matches
Pape Matar Sarr,snSEN,MF,Tottenham,22-151,2002,13.9,907,28,202,505,216,15,907,20,9,45.0,9,45.0,579,3355,1398,22,24,4,22,16,649,37,Matches
Jean-Philippe Mateta,frFRA,FW,Crystal Palace,27-229,1997,20.7,510,21,43,236,242,66,508,30,9,30.0,17,56.7,263,1377,658,27,16,6,43,30,373,90,Matches
Stephy Mavididi,engENG,FW,Leicester City,26-257,1998,14.3,686,19,101,265,333,48,686,76,28,36.8,42,55.3,461,3362,1804,68,32,20,34,30,493,103,Matches
Konstantinos Mavropanos,grGRE,DF,West Ham,27-063,1997,15.6,1038,151,530,464,51,19,1038,14,8,57.1,4,28.6,570,2908,1617,12,8,1,9,0,665,2,Matches
Noussair Mazraoui,maMAR,DF,Manchester Utd,27-090,1997,20.4,1417,88,517,689,231,22,1417,34,21,61.8,11,32.4,784,3724,1884,26,20,3,16,14,863,41,Matches
Bryan Mbeumo,cmCMR,FW,Brentford,25-189,1999,23.9,1130,40,167,353,628,98,1126,65,30,46.2,27,41.5,667,4305,2243,84,49,50,69,29,754,233,Matches
James Mcatee,engENG,"MF,FW",Manchester City,22-117,2002,1.0,64,0,7,27,30,6,64,4,1,25.0,3,75.0,35,215,97,3,1,0,0,1,48,8,Matches
Kasey McAteer,ieIRL,"FW,MF",Leicester City,23-082,2001,4.3,189,15,45,74,76,15,189,9,1,11.1,5,55.6,111,749,364,13,7,6,5,4,123,36,Matches
Alex McCarthy,engENG,GK,Southampton,35-071,1989,5.0,173,141,173,0,0,0,173,0,0,,0,,100,452,276,0,0,0,0,0,88,0,Matches
John McGinn,sctSCO,"MF,FW",Aston Villa,30-117,1994,15.1,583,9,77,300,212,37,583,30,11,36.7,10,33.3,315,1669,733,22,12,4,25,17,418,62,Matches
Dwight McNeil,engENG,"MF,FW",Everton,25-082,1999,12.7,619,2,61,267,305,18,619,37,20,54.1,16,43.2,358,2224,930,31,28,4,22,24,416,65,Matches
Scott McTominay,sctSCO,MF,Manchester Utd,28-066,1996,0.2,14,1,3,8,3,1,14,1,0,0.0,1,100.0,10,68,44,0,0,0,1,1,9,2,Matches
Ben Mee,engENG,DF,Brentford,35-144,1989,2.0,138,18,66,62,11,3,138,0,0,,0,,78,404,274,3,1,1,0,0,86,2,Matches
Jayden Meghoma,engENG,DF,Brentford,18-229,2006,0.1,3,1,2,0,1,0,3,0,0,,0,,1,1,0,0,0,0,0,0,2,0,Matches
Mikel Merino,esESP,MF,Arsenal,28-235,1996,8.5,457,24,96,192,177,39,457,9,5,55.6,2,22.2,236,818,331,5,7,3,12,10,299,47,Matches
Nikola Milenković,rsSRB,DF,Nott'ham Forest,27-123,1997,23.0,835,159,451,331,56,45,835,1,1,100.0,0,0.0,325,1332,633,2,1,1,1,2,424,4,Matches
Lewis Miley,engENG,MF,Newcastle Utd,18-287,2006,0.4,53,1,12,34,8,0,53,0,0,,0,,29,125,62,0,0,0,2,0,36,1,Matches
James Milner,engENG,MF,Brighton,39-039,1986,1.9,92,3,13,48,31,4,92,1,1,100.0,0,0.0,46,223,97,1,1,0,0,0,58,10,Matches
Tyrone Mings,engENG,DF,Aston Villa,31-336,1993,5.2,360,60,202,147,14,5,360,0,0,,0,,214,1242,600,1,3,0,1,0,263,0,Matches
Yankuba Minteh,gmGAM,"FW,MF",Brighton,20-205,2004,9.3,397,11,51,108,250,69,397,62,28,45.2,30,48.4,234,1798,1078,41,14,32,22,9,236,106,Matches
Tyrick Mitchell,engENG,DF,Crystal Palace,25-164,1999,23.2,1225,82,415,474,347,32,1225,24,10,41.7,11,45.8,574,2725,1261,45,27,6,27,22,643,121,Matches
Kaoru Mitoma,jpJPN,"FW,MF",Brighton,27-268,1997,21.0,986,10,107,343,556,125,986,94,38,40.4,53,56.4,612,4926,2870,110,58,47,40,19,712,230,Matches
Jakub Moder,plPOL,MF,Brighton,25-311,1999,0.1,27,2,7,12,9,1,27,0,0,,0,,13,93,62,2,3,0,0,0,14,0,Matches
Mikey Moore,engENG,"FW,MF",Tottenham,17-185,2007,2.1,96,1,10,22,65,12,96,11,1,9.1,9,81.8,68,521,239,9,3,4,6,4,73,30,Matches
Morato,brBRA,DF,Nott'ham Forest,23-227,2001,5.9,269,63,174,81,15,1,269,1,1,100.0,0,0.0,84,423,206,0,2,0,5,2,100,1,Matches
Álex Moreno,esESP,DF,Nott'ham Forest,31-249,1993,9.0,474,50,175,175,135,7,474,19,7,36.8,7,36.8,202,1329,793,24,16,3,11,5,221,28,Matches
Sam Morsy,egEGY,MF,Ipswich Town,33-155,1991,21.1,1216,59,343,703,181,4,1216,17,11,64.7,5,29.4,629,3359,1410,10,18,1,12,8,832,9,Matches
Yerson Mosquera,coCOL,DF,Wolves,23-286,2001,4.9,294,43,170,115,12,7,294,0,0,,0,,168,683,322,0,1,0,4,1,182,0,Matches
Mason Mount,engENG,"MF,FW",Manchester Utd,26-033,1999,2.7,119,1,18,65,36,6,119,4,0,0.0,3,75.0,74,323,102,2,2,0,4,4,86,5,Matches
Divin Mubama,engENG,FW,Manchester City,20-110,2004,0.3,5,0,0,2,3,1,5,0,0,,0,,2,14,0,0,0,0,0,1,3,0,Matches
Mykhailo Mudryk,uaUKR,FW,Chelsea,24-038,2001,1.7,62,3,12,15,38,6,62,8,3,37.5,5,62.5,39,468,227,7,8,0,3,7,42,12,Matches
Rodrigo Muniz,brBRA,FW,Fulham,23-284,2001,7.5,213,9,18,108,91,37,213,13,4,30.8,6,46.2,106,447,136,4,3,1,28,16,161,25,Matches
Daniel Muñoz,coCOL,DF,Crystal Palace,28-262,1996,22.0,1255,81,345,524,399,67,1255,38,13,34.2,23,60.5,483,2361,940,30,19,10,36,11,600,135,Matches
Arijanet Muric,xkKVX,GK,Ipswich Town,26-097,1998,18.0,689,559,672,18,0,0,689,0,0,,0,,405,2088,1178,0,0,0,3,1,321,0,Matches
Murillo,brBRA,DF,Nott'ham Forest,22-223,2002,22.5,1162,272,609,494,71,15,1162,24,20,83.3,4,16.7,505,2627,1590,12,20,1,12,8,579,4,Matches
Jacob Murphy,engENG,FW,Newcastle Utd,29-354,1995,14.9,710,13,98,280,339,50,710,32,14,43.8,17,53.1,444,2616,1388,47,19,18,21,23,515,128,Matches
Vitaliy Mykolenko,uaUKR,DF,Everton,25-259,1999,20.2,980,79,321,422,243,17,980,13,4,30.8,6,46.2,380,1583,882,22,12,0,10,6,480,51,Matches
Iliman Ndiaye,snSEN,FW,Everton,24-343,2000,20.6,832,29,177,343,359,64,831,123,58,47.2,56,45.5,478,3898,1950,71,37,27,41,35,504,95,Matches
Wilfred Ndidi,ngNGA,MF,Leicester City,28-058,1996,13.5,735,69,262,339,141,36,735,23,11,47.8,11,47.8,370,1517,579,9,11,2,21,21,436,49,Matches
Kosta Nedeljković,rsSRB,DF,Aston Villa,19-058,2005,1.4,66,4,15,32,19,0,66,2,1,50.0,1,50.0,27,101,33,1,0,0,1,0,32,0,Matches
Reiss Nelson,engENG,FW,Arsenal,25-064,1999,0.0,2,0,1,1,0,0,2,0,0,,0,,1,4,4,0,0,0,0,0,1,0,Matches
Reiss Nelson,engENG,FW,Fulham,25-064,1999,5.4,347,5,30,110,212,35,347,35,13,37.1,13,37.1,259,1956,960,45,25,21,14,8,274,63,Matches
Neto,brBRA,GK,Bournemouth,35-208,1989,2.0,70,60,70,0,0,0,70,0,0,,0,,35,148,99,0,0,0,0,0,28,0,Matches
Pedro Neto,ptPOR,FW,Chelsea,24-340,2000,12.6,574,5,59,179,346,61,574,62,22,35.5,24,38.7,383,3354,1842,75,34,29,22,13,427,109,Matches
Eddie Nketiah,engENG,"MF,FW",Crystal Palace,25-258,1999,7.0,262,5,27,106,133,39,262,14,7,50.0,5,35.7,155,1202,662,30,16,11,18,12,189,51,Matches
Christopher Nkunku,frFRA,FW,Chelsea,27-090,1997,5.1,240,7,30,87,123,27,240,16,6,37.5,8,50.0,153,686,283,8,7,8,8,5,184,40,Matches
Matheus Nunes,ptPOR,"DF,MF",Manchester City,26-169,1998,9.9,705,20,119,230,359,47,705,25,11,44.0,10,40.0,439,2412,1271,39,14,21,16,8,508,121,Matches
Darwin Núñez,uyURU,FW,Liverpool,25-233,1999,9.2,252,8,33,84,143,50,252,17,8,47.1,8,47.1,140,807,461,19,15,9,14,15,170,59,Matches
Ethan Nwaneri,engENG,"MF,FW",Arsenal,17-328,2007,3.2,168,2,19,66,85,9,168,15,9,60.0,4,26.7,117,944,484,14,11,5,8,7,125,24,Matches
Christian Nørgaard,dkDEN,MF,Brentford,30-339,1994,18.8,1102,110,390,517,207,35,1102,11,5,45.5,4,36.4,530,2056,865,9,9,3,23,16,669,30,Matches
Jake O'Brien,ieIRL,DF,Everton,23-273,2001,3.5,200,17,100,73,28,2,200,7,2,28.6,4,57.1,87,334,133,1,1,1,2,0,99,4,Matches
Matt O'Riley,dkDEN,MF,Brighton,24-083,2000,5.2,288,12,49,136,103,23,288,6,3,50.0,3,50.0,143,582,284,9,6,2,8,1,169,25,Matches
Dara O'Shea,ieIRL,DF,Ipswich Town,25-345,1999,20.7,1289,246,743,468,80,34,1289,2,1,50.0,1,50.0,601,2539,1246,3,1,0,8,3,755,1,Matches
Wilson Odobert,frFRA,FW,Tottenham,20-076,2004,1.8,105,2,11,29,65,13,105,10,3,30.0,6,60.0,76,626,410,13,10,6,4,4,80,18,Matches
Chiedozie Ogbene,ieIRL,FW,Ipswich Town,27-287,1997,2.6,70,3,11,19,40,6,70,7,1,14.3,3,42.9,41,330,139,7,2,2,4,2,43,15,Matches
Caleb Okoli,itITA,DF,Leicester City,23-214,2001,9.2,616,121,343,255,21,7,616,0,0,,0,,353,1775,860,3,1,0,7,2,364,2,Matches
Robin Olsen,seSWE,GK,Aston Villa,35-035,1990,0.5,25,20,25,0,0,0,25,0,0,,0,,11,45,33,0,0,0,0,0,16,0,Matches
Amadou Onana,beBEL,MF,Aston Villa,23-180,2001,12.0,662,49,185,387,103,15,662,14,9,64.3,3,21.4,359,1697,802,13,15,0,7,7,435,10,Matches
André Onana,cmCMR,GK,Manchester Utd,28-316,1996,24.0,1002,734,982,20,0,0,1002,0,0,,0,,729,3705,2067,0,0,0,1,0,644,0,Matches
Paul Onuachu,ngNGA,FW,Southampton,30-260,1994,6.0,241,9,26,135,82,33,241,17,7,41.2,6,35.3,113,491,172,5,2,1,27,22,196,15,Matches
Frank Onyeka,ngNGA,MF,Brentford,27-042,1998,0.3,10,0,1,5,4,0,10,0,0,,0,,6,55,14,0,0,0,2,1,6,0,Matches
Lewis Orford,engENG,MF,West Ham,18-360,2006,0.5,42,1,8,28,7,2,42,0,0,,0,,22,98,27,0,0,0,1,0,31,1,Matches
Stefan Ortega,deGER,GK,Manchester City,32-098,1992,9.0,358,272,356,2,0,0,358,0,0,,0,,232,1079,598,0,0,0,0,0,220,0,Matches
William Osula,dkDEN,"FW,MF",Newcastle Utd,21-192,2003,0.5,15,0,0,7,8,2,15,1,1,100.0,0,0.0,8,51,14,1,1,0,3,3,9,5,Matches
Dango Ouattara,bfBFA,FW,Bournemouth,23-001,2002,13.8,604,43,113,188,314,78,604,48,23,47.9,22,45.8,294,2165,1087,48,19,24,34,20,354,132,Matches
Nico O’Reilly,engENG,MF,Manchester City,19-328,2005,0.2,17,1,1,12,4,0,17,1,0,0.0,1,100.0,13,83,26,1,1,0,1,0,14,0,Matches
Cole Palmer,engENG,MF,Chelsea,22-282,2002,23.3,1225,10,88,564,589,87,1222,72,29,40.3,31,43.1,778,5094,2544,80,52,23,43,22,899,124,Matches
Emerson Palmieri,itITA,DF,West Ham,30-193,1994,18.1,1015,60,322,428,277,22,1015,22,7,31.8,14,63.6,420,2283,1246,31,20,8,19,7,553,63,Matches
Lucas Paquetá,brBRA,"MF,FW",West Ham,27-169,1997,17.9,1125,37,224,615,296,43,1123,26,11,42.3,14,53.8,547,1891,733,13,20,2,35,41,775,56,Matches
Thomas Partey,ghGHA,"MF,DF",Arsenal,31-244,1993,20.6,1442,51,313,767,368,21,1442,18,9,50.0,7,38.9,782,3843,1932,18,21,1,17,11,1001,26,Matches
Nathan Patterson,sctSCO,"DF,FW",Everton,23-119,2001,1.4,99,4,20,45,36,3,99,7,6,85.7,0,0.0,40,186,105,4,2,2,3,1,52,7,Matches
Andreas Pereira,brBRA,MF,Fulham,29-042,1996,14.2,785,12,109,326,359,21,784,17,6,35.3,5,29.4,407,1827,887,13,24,3,18,13,479,48,Matches
Ricardo Pereira,ptPOR,DF,Leicester City,31-129,1993,1.6,97,3,28,56,13,1,97,0,0,,0,,57,123,33,1,0,1,1,0,55,3,Matches
Kalvin Phillips,engENG,MF,Ipswich Town,29-072,1995,9.6,527,40,162,276,91,4,527,8,4,50.0,4,50.0,243,1190,468,4,5,0,17,7,293,2,Matches
Jaden Philogene Bidace,engENG,"FW,MF",Aston Villa,23-004,2002,3.7,145,4,27,54,66,14,145,15,4,26.7,8,53.3,75,520,239,7,5,7,7,3,83,17,Matches
Jaden Philogene Bidace,engENG,"FW,MF",Ipswich Town,23-004,2002,1.5,58,0,18,19,22,4,58,4,2,50.0,2,50.0,38,354,111,7,3,2,4,7,40,9,Matches
Jordan Pickford,engENG,GK,Everton,30-342,1994,23.0,1026,668,976,51,0,0,1026,0,0,,0,,539,3401,1980,0,0,0,1,0,483,0,Matches
Ethan Pinnock,jmJAM,DF,Brentford,31-259,1993,16.0,1055,239,610,347,99,21,1055,9,3,33.3,6,66.7,511,2460,1197,2,3,0,1,4,593,8,Matches
Daniel Podence,ptPOR,"MF,FW",Wolves,29-114,1995,0.5,20,0,2,11,7,0,20,2,2,100.0,0,0.0,13,77,43,1,1,0,0,0,17,3,Matches
Alfie Pond,engENG,DF,Wolves,20-348,2004,0.0,1,0,0,1,0,0,1,0,0,,0,,1,2,2,0,0,0,0,0,1,0,Matches
Nick Pope,engENG,GK,Newcastle Utd,32-299,1992,15.0,492,399,485,7,0,0,492,0,0,,0,,268,1444,943,0,0,0,0,1,170,0,Matches
Pedro Porro,esESP,DF,Tottenham,25-152,1999,22.1,1683,101,503,595,597,25,1683,25,9,36.0,14,56.0,884,4132,2159,53,35,4,18,15,973,82,Matches
Jarell Quansah,engENG,DF,Liverpool,22-014,2003,2.5,200,23,100,82,18,2,200,2,1,50.0,1,50.0,124,732,411,2,3,1,3,2,136,2,Matches
Hákon Rafn Valdimarsson,isISL,GK,Brentford,23-122,2001,1.6,72,60,71,1,0,0,72,0,0,,0,,44,191,80,0,0,0,0,0,36,0,Matches
Aaron Ramsdale,engENG,GK,Southampton,26-274,1998,16.0,734,530,723,12,0,0,734,0,0,,0,,472,2421,1465,0,0,0,0,0,424,0,Matches
Jacob Ramsey,engENG,"FW,MF",Aston Villa,23-260,2001,11.1,476,9,88,177,218,41,476,30,18,60.0,9,30.0,316,2126,990,35,19,12,23,14,363,67,Matches
Marcus Rashford,engENG,"FW,MF",Manchester Utd,27-104,1997,10.9,440,3,35,189,222,34,440,39,9,23.1,26,66.7,293,1694,728,20,19,12,14,6,341,79,Matches
David Raya,esESP,GK,Arsenal,29-150,1995,24.0,916,566,871,45,0,0,916,0,0,,0,,571,2859,1708,0,0,0,1,0,518,0,Matches
Harrison Reed,engENG,MF,Fulham,30-016,1995,0.7,56,1,7,19,31,4,56,1,0,0.0,0,0.0,22,70,17,1,1,0,2,2,27,7,Matches
Remy Rees-Dottin,engENG,FW,Bournemouth,18-343,2006,0.0,0,0,0,0,0,0,0,0,0,,0,,0,0,0,0,0,0,0,0,0,0,Matches
Sergio Reguilón,esESP,DF,Tottenham,28-058,1996,1.4,121,2,28,61,33,3,121,4,2,50.0,0,0.0,64,293,180,4,2,1,1,1,74,10,Matches
Bobby Reid,jmJAM,"FW,MF",Leicester City,32-010,1993,4.9,186,9,31,80,75,13,186,7,0,0.0,5,71.4,114,530,270,8,4,4,7,5,129,27,Matches
Chadi Riad,maMAR,DF,Crystal Palace,21-240,2003,1.0,90,5,41,49,1,0,90,0,0,,0,,58,318,232,2,0,0,1,0,69,0,Matches
Declan Rice,engENG,MF,Arsenal,26-029,1999,19.3,1248,40,208,596,453,41,1248,19,8,42.1,10,52.6,660,4215,2261,61,39,10,22,15,812,55,Matches
Chris Richards,usUSA,DF,Crystal Palace,24-321,2000,10.9,601,67,312,263,29,8,601,3,0,0.0,3,100.0,282,1216,570,3,2,0,3,2,350,1,Matches
Richarlison,brBRA,FW,Tottenham,27-278,1997,3.1,116,8,19,62,36,12,116,9,1,11.1,7,77.8,56,310,138,8,7,3,4,5,79,17,Matches
Andrew Robertson,sctSCO,DF,Liverpool,30-338,1994,18.3,1452,60,360,664,438,31,1452,8,3,37.5,4,50.0,779,3480,1990,43,38,3,17,7,979,66,Matches
Antonee Robinson,usUSA,DF,Fulham,27-188,1997,24.0,1761,90,557,676,555,51,1761,56,25,44.6,21,37.5,944,5087,2997,84,40,22,27,13,1061,193,Matches
Rodri,esESP,MF,Manchester City,28-235,1996,0.7,65,1,12,30,24,0,65,1,0,0.0,0,0.0,34,125,42,0,2,0,0,0,49,1,Matches
Guido Rodríguez,arARG,MF,West Ham,30-306,1994,11.3,615,42,196,365,55,2,615,3,2,66.7,0,0.0,284,988,392,2,5,0,1,6,354,5,Matches
Mads Roerslev,dkDEN,DF,Brentford,25-233,1999,12.2,645,49,234,268,146,20,645,19,7,36.8,8,42.1,352,1630,858,17,13,0,9,6,407,54,Matches
Morgan Rogers,engENG,"MF,FW",Aston Villa,22-201,2002,21.1,836,25,131,367,357,92,836,99,42,42.4,45,45.5,477,3568,2135,76,49,22,68,47,577,112,Matches
Cristian Romero,arARG,DF,Tottenham,26-291,1998,10.8,981,112,402,531,54,16,981,3,1,33.3,1,33.3,656,3423,2136,10,16,0,4,3,672,2,Matches
Georginio Rutter,frFRA,"FW,MF",Brighton,22-298,2002,14.1,499,18,66,183,262,64,499,54,20,37.0,27,50.0,286,2082,1268,38,32,13,33,23,325,66,Matches
José Sá,ptPOR,GK,Wolves,32-026,1993,17.0,590,467,583,8,0,0,590,6,6,100.0,0,0.0,366,2303,1410,0,0,0,1,0,280,0,Matches
Bukayo Saka,engENG,"FW,MF",Arsenal,23-160,2001,14.1,733,6,40,163,536,115,732,73,33,45.2,29,39.7,463,3196,1846,72,19,37,24,35,526,195,Matches
Mohamed Salah,egEGY,FW,Liverpool,32-242,1992,22.5,1011,9,52,298,671,231,1005,81,39,48.1,39,48.1,709,4284,2186,98,35,86,64,46,865,298,Matches
William Saliba,frFRA,DF,Arsenal,23-325,2001,21.3,1693,120,689,940,73,11,1693,12,8,66.7,4,33.3,1038,4442,2202,9,7,0,12,4,1260,2,Matches
Robert Sánchez,esESP,GK,Chelsea,27-086,1997,21.0,910,661,900,10,0,0,910,0,0,,0,,614,2822,1789,0,0,0,0,0,578,0,Matches
Jadon Sancho,engENG,FW,Chelsea,24-324,2000,12.4,608,9,78,183,354,77,608,67,35,52.2,27,40.3,413,2905,1645,66,25,35,20,12,478,138,Matches
Ibrahim Sangaré,ciCIV,MF,Nott'ham Forest,27-072,1997,2.5,155,5,37,99,21,7,155,0,0,,0,,60,231,67,0,2,0,3,1,80,2,Matches
Pablo Sarabia,esESP,"MF,FW",Wolves,32-277,1992,4.7,247,2,31,121,95,13,247,9,4,44.4,3,33.3,140,681,366,9,9,0,8,6,164,32,Matches
Jeremy Sarmiento,ecECU,MF,Brighton,22-241,2002,0.1,8,0,0,6,2,0,8,0,0,,0,,6,61,10,0,0,0,1,0,7,2,Matches
Ismaila Sarr,snSEN,"MF,FW",Crystal Palace,26-353,1998,17.7,639,24,100,241,306,81,639,32,9,28.1,17,53.1,360,2156,1188,44,29,21,46,29,436,113,Matches
Sávio,brBRA,"FW,MF",Manchester City,20-308,2004,13.0,731,8,34,168,541,104,731,79,39,49.4,24,30.4,525,4309,2489,94,31,51,33,23,567,153,Matches
Oliver Scarles,engENG,DF,West Ham,19-062,2005,1.3,82,5,30,27,27,2,82,4,1,25.0,3,75.0,33,172,86,2,2,1,4,0,37,13,Matches
Dane Scarlett,engENG,FW,Tottenham,20-325,2004,0.1,2,0,0,2,0,0,2,0,0,,0,,1,24,21,1,0,0,0,0,0,0,Matches
Kevin Schade,deGER,FW,Brentford,23-077,2001,12.9,431,17,63,124,250,67,431,44,13,29.5,25,56.8,237,1760,790,34,16,17,28,21,291,89,Matches
Fabian Schär,chSUI,DF,Newcastle Utd,33-054,1991,18.8,1377,169,720,576,90,18,1377,10,7,70.0,1,10.0,901,4182,2439,12,18,1,6,2,961,14,Matches
Jeffrey Schlupp,ghGHA,"MF,DF",Crystal Palace,32-051,1992,1.1,79,2,9,31,41,6,79,1,1,100.0,0,0.0,30,150,67,4,1,1,7,0,41,9,Matches
Alex Scott,engENG,MF,Bournemouth,21-175,2003,2.9,191,10,38,97,58,5,191,13,2,15.4,7,53.8,112,628,290,5,3,1,5,3,117,14,Matches
Matz Sels,beBEL,GK,Nott'ham Forest,32-352,1992,24.0,690,518,676,14,0,0,690,0,0,,0,,352,2057,1043,0,0,0,0,0,274,0,Matches
Nélson Semedo,ptPOR,DF,Wolves,31-088,1993,18.9,997,91,324,458,226,15,997,41,21,51.2,15,36.6,501,3086,1696,40,24,8,22,9,565,66,Matches
Antoine Semenyo,ghGHA,FW,Bournemouth,25-036,2000,22.4,1064,31,138,360,593,135,1064,93,50,53.8,36,38.7,647,5011,2451,95,49,49,58,50,738,196,Matches
Marcos Senesi,arARG,DF,Bournemouth,27-278,1997,10.2,698,59,305,339,63,12,698,8,5,62.5,3,37.5,432,2287,1306,11,14,0,5,5,437,3,Matches
Ryan Sessegnon,engENG,"MF,FW",Fulham,24-270,2000,0.2,11,0,4,6,2,0,11,0,0,,0,,5,54,43,0,1,0,0,2,4,0,Matches
Luke Shaw,engENG,DF,Manchester Utd,29-215,1995,0.8,107,3,46,56,5,0,107,0,0,,0,,86,335,143,1,2,0,1,0,93,0,Matches
Zain Silcott-Duberry,msMSR,FW,Bournemouth,19-218,2005,0.0,3,0,1,0,2,0,3,0,0,,0,,1,6,6,0,0,0,0,0,2,0,Matches
Bernardo Silva,ptPOR,"MF,FW",Manchester City,30-186,1994,21.3,1380,31,232,537,623,121,1380,46,22,47.8,20,43.5,863,5659,2851,77,47,27,16,26,1025,156,Matches
Jota Silva,ptPOR,"FW,MF",Nott'ham Forest,25-195,1999,7.9,300,18,77,82,152,39,300,28,9,32.1,11,39.3,149,982,540,17,10,7,23,11,165,45,Matches
Eric da Silva Moreira,deGER,"MF,DF",Nott'ham Forest,18-285,2006,0.3,13,3,7,4,2,0,13,1,0,0.0,1,100.0,4,26,11,1,0,0,1,0,3,1,Matches
Jahmai Simpson-Pusey,engENG,DF,Manchester City,19-100,2005,1.1,123,9,61,59,3,1,123,1,0,0.0,0,0.0,79,376,190,1,0,0,1,0,101,0,Matches
Luis Sinisterra,coCOL,"FW,MF",Bournemouth,25-240,1999,2.3,118,5,10,29,79,18,118,16,7,43.8,7,43.8,73,551,278,14,4,7,4,2,78,29,Matches
Oliver Skipp,engENG,MF,Leicester City,24-149,2000,8.5,424,21,99,270,59,5,424,9,4,44.4,5,55.6,243,987,492,13,7,1,10,5,290,13,Matches
William Smallbone,ieIRL,MF,Southampton,24-357,2000,3.6,195,7,26,90,80,11,195,2,2,100.0,0,0.0,81,307,157,3,6,0,8,3,121,15,Matches
Adam Smith,engENG,DF,Bournemouth,33-289,1991,11.5,507,29,173,222,115,3,507,11,4,36.4,4,36.4,217,783,370,7,12,0,10,5,224,16,Matches
Emile Smith Rowe,engENG,MF,Fulham,24-199,2000,15.9,861,17,117,398,355,41,861,26,14,53.8,10,38.5,574,2882,1534,44,31,10,24,12,671,83,Matches
Dominic Solanke,engENG,FW,Tottenham,27-151,1997,17.8,502,25,49,229,230,93,502,42,14,33.3,26,61.9,281,1584,658,27,20,13,44,35,338,71,Matches
Carlos Soler,esESP,"MF,FW",West Ham,28-041,1997,11.0,552,14,126,285,145,16,552,15,6,40.0,8,53.3,252,1203,495,11,13,4,7,10,371,20,Matches
Ramón Sosa,pyPAR,"FW,MF",Nott'ham Forest,25-165,1999,2.7,124,4,28,35,64,11,124,10,7,70.0,3,30.0,62,505,269,10,6,4,5,5,66,14,Matches
Tomáš Souček,czCZE,MF,West Ham,29-351,1995,18.9,848,81,230,435,187,72,848,7,4,57.1,3,42.9,327,996,358,4,8,2,13,8,503,42,Matches
Boubakary Soumaré,frFRA,MF,Leicester City,25-351,1999,13.3,861,39,228,541,102,10,861,29,17,58.6,8,27.6,514,2283,1170,16,7,2,15,13,607,11,Matches
Djed Spence,engENG,DF,Tottenham,24-187,2000,7.6,594,33,214,265,123,10,594,34,19,55.9,13,38.2,333,1888,1031,21,15,3,9,12,372,32,Matches
Jay Stansfield,engENG,MF,Fulham,22-080,2002,0.0,0,0,0,0,0,0,0,0,0,,0,,0,0,0,0,0,0,0,0,0,0,Matches
Jason Steele,engENG,GK,Brighton,34-178,1990,2.0,114,107,114,0,0,0,114,0,0,,0,,91,361,151,0,0,0,0,0,83,0,Matches
Jack Stephens,engENG,DF,Southampton,31-016,1994,8.9,695,70,282,342,75,5,695,3,0,0.0,3,100.0,386,1846,929,11,9,0,1,1,512,1,Matches
Raheem Sterling,engENG,"FW,MF",Arsenal,30-066,1994,2.4,132,1,3,28,102,23,132,16,8,50.0,3,18.8,98,731,426,14,5,11,5,9,101,36,Matches
Ross Stewart,sctSCO,"FW,MF",Southampton,28-216,1996,1.5,61,5,13,30,18,2,61,2,1,50.0,1,50.0,34,144,54,1,0,0,1,5,46,5,Matches
Jakub Stolarczyk,plPOL,GK,Leicester City,24-055,2000,6.0,241,179,236,6,0,0,241,0,0,,0,,130,592,396,0,0,0,1,0,131,0,Matches
John Stones,engENG,"DF,MF",Manchester City,30-260,1994,5.1,384,31,118,201,67,4,384,1,1,100.0,0,0.0,253,1851,1020,10,13,0,1,0,289,1,Matches
Jørgen Strand Larsen,noNOR,FW,Wolves,25-006,2000,20.4,475,27,65,229,182,71,475,10,4,40.0,6,60.0,215,771,279,9,7,6,57,21,337,63,Matches
Yukinari Sugawara,jpJPN,DF,Southampton,24-229,2000,13.0,833,52,252,335,249,21,833,14,8,57.1,5,35.7,441,2136,1169,25,14,5,13,3,561,57,Matches
Kamaldeen Sulemana,ghGHA,"FW,MF",Southampton,22-363,2002,3.4,156,7,26,48,84,14,156,24,8,33.3,14,58.3,107,786,377,13,7,8,12,9,112,22,Matches
Crysencio Summerville,nlNED,"FW,MF",West Ham,23-105,2001,8.7,372,9,47,147,181,38,372,39,13,33.3,18,46.2,207,1463,762,29,15,13,20,16,259,71,Matches
Sammie Szmodics,ieIRL,"FW,MF",Ipswich Town,29-141,1995,10.9,307,16,79,118,116,33,307,12,4,33.3,6,50.0,173,986,399,16,8,7,24,17,188,46,Matches
Dominik Szoboszlai,huHUN,MF,Liverpool,24-110,2000,16.2,1001,12,119,494,402,67,1001,23,13,56.5,9,39.1,531,2837,1599,52,30,15,26,11,692,80,Matches
Matt Targett,engENG,DF,Newcastle Utd,29-147,1995,0.1,8,0,1,4,3,0,8,0,0,,0,,2,5,1,0,0,0,0,0,5,0,Matches
James Tarkowski,engENG,DF,Everton,32-085,1992,22.9,1200,256,674,458,77,39,1200,7,5,71.4,2,28.6,488,2246,1191,4,7,0,9,7,650,3,Matches
Marcus Tavernier,engENG,"FW,MF",Bournemouth,25-327,1999,13.1,693,12,76,263,369,32,693,35,14,40.0,20,57.1,391,2401,1108,29,26,4,23,33,438,83,Matches
Charlie Taylor,engENG,DF,Southampton,31-147,1993,3.0,219,21,93,91,36,1,219,2,2,100.0,0,0.0,91,386,155,3,3,0,1,1,133,6,Matches
Jack Taylor,ieIRL,MF,Ipswich Town,26-234,1998,4.6,299,20,87,160,59,4,299,5,2,40.0,2,40.0,156,915,543,8,8,1,3,5,203,13,Matches
Kenny Tete,nlNED,DF,Fulham,29-126,1995,14.0,879,48,271,382,232,26,879,16,7,43.8,4,25.0,459,2287,1114,33,17,7,16,10,511,39,Matches
Thiago,brBRA,FW,Brentford,23-231,2001,1.5,56,6,11,23,23,2,56,3,2,66.7,1,33.3,34,119,42,3,2,1,5,1,35,4,Matches
Luke Thomas,engENG,DF,Leicester City,23-247,2001,2.0,130,6,58,51,21,4,130,0,0,,0,,61,159,79,1,0,1,1,0,66,5,Matches
Youri Tielemans,beBEL,MF,Aston Villa,27-281,1997,22.7,1559,58,320,890,366,24,1558,41,21,51.2,13,31.7,828,3502,1627,27,15,7,24,19,1085,27,Matches
Kieran Tierney,sctSCO,"FW,DF",Arsenal,27-252,1997,0.2,7,0,0,3,4,1,7,0,0,,0,,2,22,18,1,0,1,0,0,4,0,Matches
Jurriën Timber,nlNED,DF,Arsenal,23-240,2001,19.5,1137,42,217,583,342,45,1137,39,17,43.6,18,46.2,601,2628,1333,32,16,5,19,16,697,62,Matches
Jean-Clair Todibo,frFRA,DF,West Ham,25-044,1999,9.6,571,103,339,222,15,6,571,10,6,60.0,4,40.0,327,1484,785,3,3,0,4,6,375,1,Matches
Harry Toffolo,engENG,DF,Nott'ham Forest,29-177,1995,0.5,44,3,13,10,21,2,44,0,0,,0,,10,21,11,0,0,0,0,0,18,4,Matches
Takehiro Tomiyasu,jpJPN,DF,Arsenal,26-099,1998,0.1,7,1,4,1,2,1,7,0,0,,0,,1,7,5,0,0,0,0,0,2,0,Matches
Sandro Tonali,itITA,MF,Newcastle Utd,24-280,2000,16.2,998,33,227,570,220,28,998,19,9,47.4,7,36.8,567,3021,1295,23,24,3,18,19,698,34,Matches
Pau Torres,esESP,DF,Aston Villa,28-027,1997,17.2,1165,176,542,555,74,13,1165,14,13,92.9,1,7.1,734,4934,3293,31,19,0,3,3,836,4,Matches
Conor Townsend,engENG,"DF,MF",Ipswich Town,31-345,1993,0.5,37,5,17,12,8,1,37,0,0,,0,,14,72,46,0,0,0,2,0,20,2,Matches
Adama Traoré,esESP,FW,Fulham,29-018,1996,12.6,527,1,51,181,310,72,527,62,32,51.6,21,33.9,365,3038,1742,68,28,30,22,12,411,105,Matches
Mark Travers,ieIRL,GK,Bournemouth,25-270,1999,5.0,162,144,159,3,0,0,162,0,0,,0,,85,426,188,0,0,0,0,0,68,0,Matches
Ryan Trevitt,engENG,MF,Brentford,21-337,2003,0.0,7,1,2,4,1,0,7,0,0,,0,,4,7,2,0,0,0,0,0,4,1,Matches
Kieran Trippier,engENG,DF,Newcastle Utd,34-146,1990,6.0,624,21,195,268,165,5,624,2,1,50.0,1,50.0,315,1074,589,10,2,3,4,4,407,27,Matches
Leandro Trossard,beBEL,FW,Arsenal,30-070,1994,16.1,714,12,95,213,421,84,714,54,23,42.6,26,48.1,453,2965,1333,52,34,18,29,31,519,124,Matches
Kostas Tsimikas,grGRE,DF,Liverpool,28-276,1996,3.8,339,19,90,150,100,3,339,2,2,100.0,0,0.0,153,694,433,9,4,1,3,2,207,15,Matches
Axel Tuanzebe,cdCOD,DF,Ipswich Town,27-090,1997,10.9,552,53,228,251,77,6,552,6,3,50.0,3,50.0,237,1029,433,4,6,1,8,1,296,5,Matches
Destiny Udogie,itITA,DF,Tottenham,22-076,2002,15.9,1057,42,270,467,330,41,1057,25,10,40.0,12,48.0,575,3156,1789,39,29,8,24,16,636,79,Matches
Manuel Ugarte Ribeiro,uyURU,MF,Manchester Utd,23-307,2001,12.0,704,34,207,403,103,7,704,16,8,50.0,5,31.3,391,1673,697,7,8,0,21,16,433,10,Matches
Lesley Ugochukwu,frFRA,MF,Southampton,20-323,2004,8.3,435,24,91,266,82,9,435,15,11,73.3,3,20.0,230,1285,577,15,8,3,4,8,292,11,Matches
Enes Ünal,trTUR,"FW,MF",Bournemouth,27-278,1997,3.8,172,6,14,63,95,26,172,12,1,8.3,10,83.3,91,261,95,4,3,1,17,13,133,22,Matches
Virgil van Dijk,nlNED,DF,Liverpool,33-219,1991,23.0,1973,265,793,1074,113,34,1973,4,3,75.0,1,25.0,1130,5377,2913,11,12,2,3,2,1371,4,Matches
Jamie Vardy,engENG,FW,Leicester City,38-032,1987,19.7,375,19,36,164,178,80,374,17,7,41.2,9,52.9,176,817,368,18,6,10,23,9,246,76,Matches
Renato Veiga,ptPOR,"DF,MF",Chelsea,21-198,2003,2.0,167,2,61,82,27,3,167,5,3,60.0,2,40.0,85,414,141,4,5,1,1,0,110,3,Matches
Joël Veltman,nlNED,DF,Brighton,33-028,1992,17.3,1064,58,314,524,236,9,1064,15,4,26.7,5,33.3,515,2719,1413,29,22,3,19,7,589,31,Matches
Micky van de Ven,nlNED,DF,Tottenham,23-299,2001,8.8,716,79,373,319,32,8,716,6,4,66.7,2,33.3,504,2357,1129,8,10,1,4,4,520,1,Matches
Bart Verbruggen,nlNED,GK,Brighton,22-178,2002,22.0,883,719,874,9,0,0,883,2,2,100.0,0,0.0,588,2169,1098,0,1,1,2,0,559,0,Matches
Jannik Vestergaard,dkDEN,DF,Leicester City,32-193,1992,14.0,995,180,528,445,27,9,995,4,4,100.0,0,0.0,610,2609,1296,2,3,0,2,0,695,2,Matches
Guglielmo Vicario,itITA,GK,Tottenham,28-128,1996,12.0,487,311,477,10,0,0,487,1,1,100.0,0,0.0,355,1725,929,0,0,0,0,0,322,0,Matches
Carlos Vinícius,brBRA,MF,Fulham,29-324,1995,0.0,3,0,0,1,2,2,3,1,1,100.0,0,0.0,3,10,9,1,0,1,0,0,2,1,Matches
Kyle Walker,engENG,DF,Manchester City,34-260,1990,10.8,892,26,197,473,228,5,892,6,3,50.0,2,33.3,499,2284,1106,12,13,0,9,2,630,11,Matches
Kyle Walker-Peters,engENG,DF,Southampton,27-305,1997,21.8,1447,111,439,630,387,44,1447,60,22,36.7,29,48.3,901,5659,3100,84,49,20,20,28,1034,93,Matches
Christian Walton,engENG,GK,Ipswich Town,29-095,1995,6.0,242,224,241,1,0,0,242,0,0,,0,,122,572,305,0,0,0,0,0,117,0,Matches
Aaron Wan-Bissaka,engENG,DF,West Ham,27-078,1997,22.0,1341,99,428,578,360,30,1341,71,37,52.1,25,35.2,624,4227,2424,68,38,8,19,15,769,90,Matches
Danny Ward,wlsWAL,GK,Leicester City,31-235,1993,1.5,55,40,55,0,0,0,55,1,0,0.0,1,100.0,44,176,107,0,0,0,0,0,35,0,Matches
James Ward-Prowse,engENG,MF,West Ham,30-103,1994,0.2,16,0,3,11,2,0,16,0,0,,0,,6,38,30,1,0,0,0,0,8,0,Matches
James Ward-Prowse,engENG,MF,Nott'ham Forest,30-103,1994,4.4,205,13,49,115,45,1,205,0,0,,0,,92,407,170,1,3,0,3,3,115,3,Matches
Ollie Watkins,engENG,FW,Aston Villa,29-044,1995,18.2,433,10,26,158,255,114,431,31,6,19.4,22,71.0,265,1396,670,32,14,24,34,34,350,104,Matches
Adam Webster,engENG,DF,Brighton,30-039,1995,1.9,199,17,86,104,9,3,199,2,1,50.0,1,50.0,134,778,457,1,2,0,1,0,145,2,Matches
Danny Welbeck,engENG,FW,Brighton,34-078,1990,15.1,468,9,37,217,218,61,468,25,9,36.0,14,56.0,272,1314,555,15,18,5,31,19,345,54,Matches
Welington,brBRA,DF,Southampton,23-359,2001,0.9,46,3,16,12,19,1,46,2,2,100.0,0,0.0,15,74,45,1,2,1,3,0,17,5,Matches
Timo Werner,deGER,"FW,MF",Tottenham,28-343,1996,5.6,294,8,23,78,200,33,294,19,10,52.6,8,42.1,211,1750,1050,42,24,18,14,6,223,87,Matches
Adam Wharton,engENG,MF,Crystal Palace,20-255,2004,6.9,440,13,99,235,109,6,440,7,1,14.3,6,85.7,227,984,523,7,10,2,5,10,268,6,Matches
Ben White,engENG,DF,Arsenal,27-127,1997,7.7,419,37,137,191,93,7,419,2,0,0.0,1,50.0,193,672,332,4,7,1,7,3,245,15,Matches
Mats Wieffer,nlNED,MF,Brighton,25-088,1999,5.2,411,23,97,247,73,9,411,9,4,44.4,5,55.6,237,1035,433,5,6,0,7,7,270,8,Matches
Neco Williams,wlsWAL,DF,Nott'ham Forest,23-305,2001,14.8,752,87,293,265,204,21,752,28,10,35.7,12,42.9,318,1951,969,36,17,9,13,10,348,44,Matches
Joe Willock,engENG,"MF,FW",Newcastle Utd,25-176,1999,6.9,313,8,41,129,147,28,313,20,8,40.0,9,45.0,201,1168,543,20,15,7,25,16,229,49,Matches
Callum Wilson,engENG,"FW,MF",Newcastle Utd,32-351,1992,0.7,15,0,0,10,5,3,15,2,0,0.0,1,50.0,12,42,7,0,0,0,1,5,9,3,Matches
Harry Wilson,wlsWAL,"FW,MF",Fulham,27-327,1997,9.3,436,7,58,160,226,44,436,23,9,39.1,9,39.1,263,1376,610,16,17,8,13,4,295,71,Matches
Harry Winks,engENG,MF,Leicester City,29-010,1996,16.2,1057,46,259,672,140,1,1057,10,2,20.0,7,70.0,639,2956,1340,15,12,0,12,8,750,10,Matches
Ben Winterburn,engENG,MF,Bournemouth,20-161,2004,0.1,2,0,0,1,1,0,2,0,0,,0,,1,1,0,0,0,0,0,0,1,0,Matches
Yoane Wissa,cdCOD,FW,Brentford,28-162,1996,18.5,554,19,85,233,248,88,554,28,9,32.1,13,46.4,335,2058,996,37,15,19,42,16,396,89,Matches
Chris Wood,nzNZL,FW,Nott'ham Forest,33-067,1991,21.3,498,21,54,244,201,65,495,10,4,40.0,5,50.0,252,943,371,12,7,4,47,15,380,58,Matches
Nathan Wood-Gordon,engENG,DF,Southampton,22-257,2002,6.4,434,53,209,199,27,2,434,5,3,60.0,1,20.0,243,1105,429,2,6,0,4,1,325,0,Matches
Luke Woolfenden,engENG,DF,Ipswich Town,26-114,1998,8.2,441,103,263,171,7,2,441,0,0,,0,,236,1167,604,4,3,0,1,0,282,0,Matches
Yehor Yarmoliuk,uaUKR,"MF,FW",Brentford,20-348,2004,6.9,446,35,135,211,109,11,446,17,9,52.9,6,35.3,228,1357,484,11,11,2,13,11,264,33,Matches
Ryan Yates,engENG,MF,Nott'ham Forest,27-083,1997,16.2,791,56,203,381,214,31,791,15,7,46.7,5,33.3,331,1530,650,12,14,1,18,17,421,11,Matches
Leny Yoro,frFRA,DF,Manchester Utd,19-091,2005,6.1,409,35,192,193,25,9,409,0,0,,0,,275,1124,486,3,1,0,1,0,299,2,Matches
Ashley Young,engENG,DF,Everton,39-218,1985,16.5,962,47,300,411,256,5,962,11,4,36.4,6,54.5,378,1967,1159,17,24,1,6,1,488,20,Matches
Illia Zabarnyi,uaUKR,DF,Bournemouth,22-164,2002,24.0,1409,168,669,710,48,10,1409,7,4,57.1,2,28.6,866,5540,3219,18,13,0,12,3,866,3,Matches
Oleksandr Zinchenko,uaUKR,"DF,MF",Arsenal,28-059,1996,2.7,226,8,52,126,49,9,226,1,1,100.0,0,0.0,126,664,282,5,3,2,2,2,144,6,Matches
Joshua Zirkzee,nlNED,"FW,MF",Manchester Utd,23-266,2001,9.8,368,9,36,185,149,41,368,19,6,31.6,13,68.4,204,857,287,5,9,3,21,20,271,46,Matches
Martin Ødegaard,noNOR,MF,Arsenal,26-057,1998,14.3,871,3,52,366,461,65,870,32,15,46.9,16,50.0,604,3477,1731,40,38,13,18,29,688,80,Matches
