,Performance,Aerial Duels,,Rk,Player,Nation,Pos,Squad,Age,Born,90s,CrdY,CrdR,2CrdY,Fls,Fld,Off,Crs,Int,TklW,PKwon,PKcon,OG
Max Aarons,engENG,DF,Bournemouth,25-039,2000,1.0,0,0,0,0,2,0,2,1,2,0,0,0,7,0,0,,Matches
Joshua Acheampong,engENG,DF,Chelsea,18-283,2006,1.8,0,0,0,0,1,0,0,1,1,0,0,0,7,1,6,14.3,Matches
Tyler Adams,usUSA,MF,Bournemouth,25-364,1999,9.6,4,0,0,20,9,0,0,24,29,0,1,0,44,15,8,65.2,Matches
Tosin Adarabioyo,engENG,DF,Chelsea,27-141,1997,9.1,2,0,0,5,2,1,0,3,9,0,0,0,25,23,13,63.9,Matches
Simon Adingra,ciCIV,"FW,MF",Brighton,23-042,2002,6.6,0,0,0,9,0,0,20,6,7,0,0,0,30,3,1,75.0,Matches
Emmanuel Agbadou,ciCIV,DF,Wolves,27-240,1997,4.0,1,0,0,0,1,1,0,5,9,0,0,0,24,8,5,61.5,Matches
Asher Agbinone,engENG,MF,Crystal Palace,19-137,2005,0.1,0,0,0,0,0,0,1,0,1,0,0,0,0,0,1,0.0,Matches
Ola Aina,ngNGA,DF,Nott'ham Forest,28-127,1996,23.1,2,0,0,14,25,2,34,29,35,0,0,0,134,10,15,40.0,Matches
Rayan Aït-Nouri,dzALG,DF,Wolves,23-251,2001,21.7,6,1,1,22,24,2,45,16,34,0,0,0,101,13,20,39.4,Matches
Kristoffer Ajer,noNOR,DF,Brentford,26-301,1998,8.8,3,0,0,8,5,0,8,6,8,0,0,0,23,14,15,48.3,Matches
Manuel Akanji,chSUI,DF,Manchester City,29-208,1995,19.0,3,0,0,16,9,0,11,7,10,0,0,0,86,23,29,44.2,Matches
Nathan Aké,nlNED,DF,Manchester City,29-360,1995,6.7,0,0,0,2,0,0,1,3,7,0,0,0,22,13,10,56.5,Matches
Carlos Alcaraz,arARG,MF,Southampton,22-074,2002,0.1,0,0,0,1,0,0,1,1,0,0,0,0,2,1,0,100.0,Matches
Trent Alexander-Arnold,engENG,DF,Liverpool,26-128,1998,19.3,4,0,0,9,6,1,131,25,38,0,0,0,100,2,11,15.4,Matches
Alisson,brBRA,GK,Liverpool,32-133,1992,14.9,0,0,0,0,1,0,0,0,0,0,0,0,25,5,0,100.0,Matches
Miguel Almirón,pyPAR,FW,Newcastle Utd,31-002,1994,1.7,0,0,0,1,3,2,0,0,2,0,0,0,4,0,2,0.0,Matches
Edson Álvarez,mxMEX,MF,West Ham,27-111,1997,13.7,8,1,1,29,15,2,5,13,19,0,0,0,69,18,14,56.3,Matches
Will Alves,engENG,FW,Leicester City,20-009,2005,0.0,0,0,0,0,0,0,0,0,0,0,0,0,0,0,0,,Matches
Samuel Amo-Ameyaw,engENG,"FW,DF",Southampton,18-209,2006,0.3,1,0,0,1,2,0,2,0,0,0,0,0,1,0,1,0.0,Matches
Joachim Andersen,dkDEN,DF,Crystal Palace,28-257,1996,1.0,1,0,0,2,0,0,1,0,1,0,0,0,7,2,0,100.0,Matches
Joachim Andersen,dkDEN,DF,Fulham,28-257,1996,14.7,3,1,0,14,11,0,4,18,11,0,0,0,66,34,23,59.6,Matches
Elliot Anderson,engENG,MF,Nott'ham Forest,22-098,2002,17.2,5,0,0,25,35,3,56,17,38,0,0,0,123,24,12,66.7,Matches
André,brBRA,MF,Wolves,23-211,2001,14.6,3,0,0,19,19,0,0,18,34,0,1,0,86,1,6,14.3,Matches
Michail Antonio,jmJAM,FW,West Ham,34-321,1990,9.3,1,0,0,12,7,4,25,0,2,0,0,0,22,17,22,43.6,Matches
Antony,brBRA,"DF,MF",Manchester Utd,24-354,2000,1.6,0,0,0,2,5,0,5,2,3,0,0,0,11,0,1,0.0,Matches
Julian Araujo,mxMEX,DF,Bournemouth,23-183,2001,3.9,1,0,0,4,1,0,4,4,3,0,0,0,24,2,6,25.0,Matches
Cameron Archer,engENG,FW,Southampton,23-206,2001,11.6,0,0,0,10,10,5,3,2,5,0,0,0,25,8,19,29.6,Matches
Alphonse Areola,frFRA,GK,West Ham,31-351,1993,12.1,0,0,0,0,0,0,0,0,1,0,0,1,17,2,0,100.0,Matches
Joe Aribo,ngNGA,MF,Southampton,28-206,1996,16.3,1,0,0,15,22,1,8,13,19,0,1,0,85,17,15,53.1,Matches
Adam Armstrong,engENG,"FW,MF",Southampton,28-002,1997,13.9,4,0,0,12,5,9,14,3,3,0,0,0,23,5,9,35.7,Matches
Harrison Armstrong,engENG,MF,Everton,18-024,2007,0.5,1,0,0,2,2,0,1,0,0,0,0,0,2,0,2,0.0,Matches
Kepa Arrizabalaga,esESP,GK,Bournemouth,30-132,1994,17.0,2,0,0,0,3,0,0,0,0,0,0,0,31,3,1,75.0,Matches
Brandon Austin,engENG,GK,Tottenham,26-035,1999,1.0,0,0,0,0,2,0,0,0,0,0,0,0,1,2,0,100.0,Matches
Taiwo Awoniyi,ngNGA,FW,Nott'ham Forest,27-184,1997,2.9,0,0,0,7,7,1,1,0,2,0,0,0,13,8,25,24.2,Matches
Yasin Ayari,seSWE,MF,Brighton,21-129,2003,14.1,3,0,0,26,18,3,50,13,21,0,0,0,84,7,14,33.3,Matches
Jordan Ayew,ghGHA,"FW,MF",Crystal Palace,33-154,1991,0.2,1,0,0,1,0,0,1,0,0,0,0,0,1,1,1,50.0,Matches
Jordan Ayew,ghGHA,"FW,MF",Leicester City,33-154,1991,13.0,4,0,0,25,39,4,38,12,11,0,0,0,72,31,48,39.2,Matches
Benoît Badiashile,frFRA,DF,Chelsea,23-323,2001,2.8,0,0,0,6,2,0,0,6,4,0,0,0,15,6,1,85.7,Matches
Leon Bailey,jmJAM,"FW,MF",Aston Villa,27-187,1997,11.5,2,0,0,10,18,3,33,3,4,1,0,0,50,6,8,42.9,Matches
Carlos Baleba,cmCMR,MF,Brighton,21-040,2004,16.9,7,1,1,26,29,0,4,31,26,0,2,0,114,23,14,62.2,Matches
Ross Barkley,engENG,MF,Aston Villa,31-069,1993,6.2,3,0,0,8,3,0,1,9,3,0,0,0,40,6,4,60.0,Matches
Harvey Barnes,engENG,FW,Newcastle Utd,27-065,1997,8.7,0,0,0,8,11,2,23,4,6,0,0,0,29,3,8,27.3,Matches
Calvin Bassey,ngNGA,DF,Fulham,25-043,1999,23.0,5,0,0,13,22,2,4,13,21,0,0,0,110,28,25,52.8,Matches
Jan Bednarek,plPOL,DF,Southampton,28-306,1996,19.8,5,0,0,26,8,0,0,40,12,0,0,0,82,50,30,62.5,Matches
Jean-Ricner Bellegarde,frFRA,"MF,FW",Wolves,26-230,1998,10.5,3,0,0,19,23,1,19,10,10,0,0,0,34,3,13,18.8,Matches
Rodrigo Bentancur,uyURU,MF,Tottenham,27-232,1997,9.6,5,0,0,19,4,0,1,23,13,0,0,0,74,19,14,57.6,Matches
Sander Berge,noNOR,MF,Fulham,26-364,1998,13.6,2,0,0,16,3,0,1,17,22,0,0,0,77,18,10,64.3,Matches
Lucas Bergvall,seSWE,MF,Tottenham,19-010,2006,6.7,3,0,0,11,11,0,12,13,14,0,0,0,44,6,7,46.2,Matches
Victor Bernth Kristiansen,dkDEN,DF,Leicester City,22-058,2002,20.5,1,0,0,14,14,2,66,30,38,0,0,1,79,16,33,32.7,Matches
Beto,gwGNB,FW,Everton,27-012,1998,4.5,1,0,0,12,8,6,1,0,3,0,0,0,9,22,29,43.1,Matches
Philip Billing,dkDEN,MF,Bournemouth,28-246,1996,2.0,1,0,0,3,2,0,10,5,5,0,0,0,14,6,4,60.0,Matches
Yves Bissouma,mlMLI,MF,Tottenham,28-166,1996,11.5,5,0,0,17,14,0,1,13,23,0,1,0,62,4,6,40.0,Matches
Lamare Bogarde,nlNED,"DF,MF",Aston Villa,21-038,2004,3.9,2,0,0,7,9,0,0,1,6,0,0,0,11,3,4,42.9,Matches
Willy Boly,ciCIV,DF,Nott'ham Forest,34-009,1991,1.5,1,0,0,1,0,0,0,3,1,0,0,0,4,5,2,71.4,Matches
Sven Botman,nlNED,DF,Newcastle Utd,25-031,2000,2.5,1,0,0,4,2,0,0,4,3,0,0,0,8,9,5,64.3,Matches
Jarrod Bowen,engENG,"FW,MF",West Ham,28-054,1996,19.4,1,0,0,15,26,5,76,13,17,0,0,0,93,6,24,20.0,Matches
Conor Bradley,nirNIR,DF,Liverpool,21-218,2003,2.9,1,0,0,4,4,0,2,3,2,0,0,0,17,3,1,75.0,Matches
Jarrad Branthwaite,engENG,DF,Everton,22-230,2002,14.1,3,0,0,3,8,1,1,16,12,0,0,0,44,21,26,44.7,Matches
James Bree,engENG,DF,Southampton,27-124,1997,7.4,0,0,0,1,3,0,18,6,9,0,0,0,40,11,3,78.6,Matches
Ben Brereton,clCHI,FW,Southampton,25-300,1999,5.0,1,0,0,4,8,1,5,0,2,0,0,0,16,9,7,56.3,Matches
Nathan Broadhead,wlsWAL,"FW,MF",Ipswich Town,26-313,1998,4.2,1,0,0,2,8,1,6,3,2,0,0,0,20,0,7,0.0,Matches
Armando Broja,alALB,FW,Everton,23-155,2001,1.8,1,0,0,4,2,2,1,0,1,0,0,0,5,9,7,56.3,Matches
David Brooks,wlsWAL,FW,Bournemouth,27-219,1997,6.4,3,0,0,6,10,0,32,4,1,0,0,0,33,4,8,33.3,Matches
Emi Buendía,arARG,"MF,FW",Aston Villa,28-049,1996,1.1,1,0,0,4,6,0,0,0,6,0,0,0,8,0,2,0.0,Matches
Santiago Bueno,uyURU,DF,Wolves,26-095,1998,14.8,0,0,0,21,3,0,0,13,14,0,0,0,35,31,25,55.4,Matches
Facundo Buonanotte,arARG,"FW,MF",Leicester City,20-051,2004,12.7,6,0,0,25,26,3,32,8,22,0,0,0,65,8,24,25.0,Matches
Cameron Burgess,auAUS,DF,Ipswich Town,29-114,1995,10.0,0,0,0,2,2,0,0,9,7,0,0,0,30,31,14,68.9,Matches
Dan Burn,engENG,DF,Newcastle Utd,32-279,1992,23.0,7,0,0,18,9,4,2,15,14,0,0,1,62,85,49,63.4,Matches
Wes Burns,wlsWAL,"FW,DF",Ipswich Town,30-081,1994,10.3,1,0,0,4,11,0,46,10,11,0,0,0,50,8,21,27.6,Matches
Moisés Caicedo,ecECU,MF,Chelsea,23-102,2001,23.6,6,0,0,50,34,0,8,33,45,1,1,0,139,24,10,70.6,Matches
Tom Cairney,sctSCO,MF,Fulham,34-023,1991,4.4,2,1,0,6,14,0,12,4,2,0,0,0,34,3,6,33.3,Matches
Jens Cajuste,seSWE,MF,Ipswich Town,25-186,1999,11.6,2,0,0,13,12,0,6,14,11,0,0,0,54,5,9,35.7,Matches
Riccardo Calafiori,itITA,DF,Arsenal,22-269,2002,8.4,3,0,0,14,6,2,9,9,17,0,0,0,29,19,10,65.5,Matches
Dominic Calvert-Lewin,engENG,FW,Everton,27-333,1997,17.5,2,0,0,27,22,27,6,6,7,0,0,0,32,83,79,51.2,Matches
Diego Carlos,brBRA,DF,Aston Villa,31-334,1993,9.2,1,0,0,11,1,1,0,5,3,0,0,0,36,11,10,52.4,Matches
Fabio Carvalho,ptPOR,"FW,MF",Brentford,22-166,2002,4.8,1,0,0,5,10,1,10,3,9,0,0,0,29,2,6,25.0,Matches
Casemiro,brBRA,MF,Manchester Utd,32-355,1992,9.3,1,0,0,9,13,3,16,8,26,0,0,0,58,18,11,62.1,Matches
Kaelan Casey,engENG,DF,West Ham,20-107,2004,0.0,0,0,0,0,0,0,0,0,0,0,0,0,0,1,0,100.0,Matches
Matty Cash,plPOL,DF,Aston Villa,27-189,1997,14.0,5,0,0,20,10,1,20,17,21,0,2,0,45,13,12,52.0,Matches
Timothy Castagne,beBEL,DF,Fulham,29-069,1995,10.0,1,0,0,8,3,1,25,12,13,0,1,0,33,20,24,45.5,Matches
Trevoh Chalobah,engENG,DF,Crystal Palace,25-222,1999,11.8,1,0,0,10,15,1,7,19,16,0,0,0,56,22,19,53.7,Matches
Trevoh Chalobah,engENG,DF,Chelsea,25-222,1999,2.0,0,0,0,1,2,0,1,4,1,0,0,0,6,7,3,70.0,Matches
Conor Chaplin,engENG,"MF,FW",Ipswich Town,27-362,1997,6.8,1,0,0,10,5,0,9,3,5,0,0,0,23,1,8,11.1,Matches
Federico Chiesa,itITA,FW,Liverpool,27-110,1997,0.3,0,0,0,1,1,0,1,0,0,0,0,0,3,0,0,,Matches
Chiquinho,ptPOR,MF,Wolves,25-007,2000,0.1,0,0,0,1,0,0,1,0,0,0,0,0,1,0,0,,Matches
Hamza Choudhury,engENG,"MF,DF",Leicester City,27-134,1997,1.5,0,0,0,1,0,0,5,5,1,0,0,0,2,0,0,,Matches
Ryan Christie,sctSCO,MF,Bournemouth,29-356,1995,19.5,9,0,0,38,26,1,34,24,28,0,0,0,147,13,22,37.1,Matches
Harry Clarke,engENG,DF,Ipswich Town,23-347,2001,4.2,3,1,1,5,1,0,5,4,3,0,1,0,17,10,4,71.4,Matches
Jack Clarke,engENG,"FW,MF",Ipswich Town,24-081,2000,6.8,1,0,0,12,15,2,9,4,11,0,0,0,40,4,10,28.6,Matches
Nathaniel Clyne,engENG,"DF,MF",Crystal Palace,33-313,1991,4.4,1,0,0,2,2,0,5,3,7,0,0,0,5,1,7,12.5,Matches
Conor Coady,engENG,DF,Leicester City,31-353,1993,8.0,1,0,0,3,2,0,0,7,4,0,1,0,20,9,9,50.0,Matches
Séamus Coleman,ieIRL,DF,Everton,36-124,1988,2.2,1,0,0,0,1,0,3,1,1,0,0,0,7,1,1,50.0,Matches
Nathan Collins,ieIRL,DF,Brentford,23-288,2001,24.0,2,0,0,15,19,5,6,21,17,2,0,0,111,76,40,65.5,Matches
Toby Collyer,engENG,MF,Manchester Utd,21-040,2004,1.4,0,0,0,2,3,0,0,0,6,0,0,0,9,1,1,50.0,Matches
Levi Colwill,engENG,DF,Chelsea,21-352,2003,22.0,6,0,0,23,16,2,9,24,18,0,1,0,64,48,33,59.3,Matches
Lewis Cook,engENG,"MF,DF",Bournemouth,28-009,1997,21.6,5,0,0,41,4,2,97,28,31,0,1,0,126,24,22,52.2,Matches
Maxwel Cornet,ciCIV,FW,Southampton,28-138,1996,0.8,1,0,0,0,1,1,3,0,5,0,0,0,2,3,0,100.0,Matches
Vladimír Coufal,czCZE,DF,West Ham,32-174,1992,8.2,2,0,0,17,10,0,19,6,9,0,0,1,24,17,10,63.0,Matches
Woyo Coulibaly,frFRA,DF,Leicester City,25-268,1999,0.2,0,0,0,0,1,0,0,1,1,0,0,0,5,0,0,,Matches
Aaron Cresswell,engENG,DF,West Ham,35-059,1989,3.3,2,0,0,1,0,0,17,2,0,0,0,0,7,3,3,50.0,Matches
Marc Cucurella,esESP,DF,Chelsea,26-205,1998,20.0,8,1,1,24,23,2,21,16,23,0,0,0,84,18,38,32.1,Matches
Jorge Cuenca,esESP,DF,Fulham,25-087,1999,1.0,0,0,0,0,1,0,0,1,1,0,0,0,3,3,1,75.0,Matches
Matheus Cunha,brBRA,"MF,FW",Wolves,25-261,1999,20.8,3,0,0,34,45,8,96,16,17,0,0,0,100,9,18,33.3,Matches
Patson Daka,zmZAM,"FW,MF",Leicester City,26-126,1998,3.4,0,0,0,4,9,2,0,0,4,0,0,0,6,5,13,27.8,Matches
Diogo Dalot,ptPOR,DF,Manchester Utd,25-331,1999,22.6,4,0,0,31,7,3,37,30,32,0,1,0,133,27,16,62.8,Matches
Mikkel Damsgaard,dkDEN,"MF,FW",Brentford,24-224,2000,19.9,1,0,0,8,20,3,78,20,32,0,0,0,103,9,15,37.5,Matches
Danilo,brBRA,MF,Nott'ham Forest,23-289,2001,0.9,0,0,0,1,0,0,1,0,0,0,0,0,8,1,0,100.0,Matches
Jayden Danns,engENG,MF,Liverpool,19-027,2006,0.1,0,0,0,0,0,0,0,0,0,0,0,0,0,0,0,,Matches
Ben Davies,wlsWAL,DF,Tottenham,31-294,1993,6.0,1,0,0,6,3,0,1,7,3,0,0,0,17,23,22,51.1,Matches
Leif Davis,engENG,DF,Ipswich Town,25-031,2000,23.5,5,0,0,23,25,3,111,18,22,0,2,0,97,26,20,56.5,Matches
Craig Dawson,engENG,DF,Wolves,34-282,1990,10.8,2,0,0,6,5,2,0,9,3,0,0,2,35,21,11,65.6,Matches
Kevin De Bruyne,beBEL,MF,Manchester City,33-229,1991,11.2,2,0,0,10,11,4,81,5,4,0,0,0,40,3,11,21.4,Matches
Liam Delap,engENG,FW,Ipswich Town,22-004,2003,19.6,7,0,0,49,35,10,1,2,6,2,0,0,39,35,45,43.8,Matches
Sepp van den Berg,nlNED,DF,Brentford,23-054,2001,18.9,1,0,0,15,5,1,6,14,17,1,0,0,59,62,56,52.5,Matches
Justin Devenny,nirNIR,MF,Crystal Palace,21-124,2003,3.0,0,0,0,2,0,1,13,0,7,0,0,0,12,1,6,14.3,Matches
Kiernan Dewsbury-Hall,engENG,MF,Chelsea,26-159,1998,1.5,0,0,0,2,2,0,1,1,2,0,0,0,3,0,1,0.0,Matches
Amad Diallo,ciCIV,"FW,MF",Manchester Utd,22-216,2002,17.7,3,0,0,19,23,9,38,11,26,1,0,0,93,9,15,37.5,Matches
Rúben Dias,ptPOR,DF,Manchester City,27-274,1997,13.1,3,0,0,6,4,0,2,14,5,0,0,1,40,18,14,56.3,Matches
Luis Díaz,coCOL,FW,Liverpool,28-030,1997,15.9,2,0,0,31,20,6,12,3,10,1,0,0,60,8,22,26.7,Matches
Tyler Dibling,engENG,"FW,MF",Southampton,18-337,2006,13.7,6,0,0,21,36,0,22,5,14,2,0,0,50,4,14,22.2,Matches
Lucas Digne,frFRA,DF,Aston Villa,31-207,1993,19.7,3,0,0,17,12,6,122,25,28,0,0,0,81,28,22,56.0,Matches
Issa Diop,frFRA,DF,Fulham,28-034,1997,11.9,2,0,0,7,3,0,1,7,10,0,0,1,35,17,9,65.4,Matches
Axel Disasi,frFRA,DF,Chelsea,26-338,1998,4.0,1,0,0,2,0,0,0,2,4,0,0,0,15,5,2,71.4,Matches
Roman Dixon,engENG,DF,Everton,20-048,2004,1.0,0,0,0,0,0,0,0,1,5,0,0,0,6,0,3,0.0,Matches
Matt Doherty,ieIRL,DF,Wolves,33-027,1992,12.9,3,0,0,12,5,2,15,17,12,0,0,1,64,28,9,75.7,Matches
Jeremy Doku,beBEL,"FW,MF",Manchester City,22-261,2002,8.8,0,0,0,3,18,4,30,2,12,0,0,0,36,0,7,0.0,Matches
Nicolás Domínguez,arARG,"MF,FW",Nott'ham Forest,26-229,1998,12.5,6,0,0,19,11,1,1,21,21,0,0,0,63,11,13,45.8,Matches
Alfie Dorrington,engENG,DF,Tottenham,19-298,2005,0.2,0,0,0,0,0,0,0,0,0,0,0,0,3,0,0,,Matches
Abdoulaye Doucouré,mlMLI,MF,Everton,32-042,1993,18.7,2,0,0,34,2,8,15,6,19,0,0,0,97,19,25,43.2,Matches
Cheick Doucouré,mlMLI,MF,Crystal Palace,25-035,2000,5.0,1,0,0,7,7,0,1,11,8,0,0,0,31,5,5,50.0,Matches
Flynn Downes,engENG,MF,Southampton,26-023,1999,15.9,9,0,0,37,29,0,2,22,19,0,0,0,53,11,9,55.0,Matches
Tommy Doyle,engENG,MF,Wolves,23-118,2001,5.1,1,0,0,5,5,0,13,5,6,0,0,0,41,1,6,14.3,Matches
Radu Drăgușin,roROU,DF,Tottenham,23-009,2002,13.9,1,0,0,6,10,0,1,15,6,0,0,0,48,33,22,60.0,Matches
Martin Dúbravka,skSVK,GK,Newcastle Utd,36-028,1989,9.0,0,0,0,0,1,0,0,0,0,0,0,0,15,3,0,100.0,Matches
Lewis Dunk,engENG,DF,Brighton,33-083,1991,17.4,4,0,0,5,8,2,2,10,8,0,0,1,84,39,24,61.9,Matches
Jáder Durán,coCOL,FW,Aston Villa,21-061,2003,7.1,3,1,0,14,15,5,3,0,7,0,0,0,19,19,19,50.0,Matches
Ederson,brBRA,GK,Manchester City,31-179,1993,15.0,3,0,0,1,0,0,0,1,0,0,1,0,27,2,1,66.7,Matches
George Edmundson,engENG,DF,Ipswich Town,27-165,1997,0.0,0,0,0,0,0,0,0,0,0,0,0,0,0,0,0,,Matches
Odsonne Édouard,frFRA,"MF,FW",Crystal Palace,27-027,1998,1.3,0,0,0,4,0,2,1,0,0,0,0,0,5,1,4,20.0,Matches
Odsonne Édouard,frFRA,FW,Leicester City,27-027,1998,0.3,0,0,0,2,0,0,0,0,1,0,0,0,1,1,1,50.0,Matches
Samuel Edozie,engENG,"DF,FW",Southampton,22-015,2003,0.7,1,0,0,2,1,0,4,0,1,0,0,0,1,0,0,,Matches
Ronnie Edwards,engENG,DF,Southampton,21-321,2003,0.1,0,0,0,0,0,0,0,0,0,0,0,0,0,0,0,,Matches
Anthony Elanga,seSWE,"FW,MF",Nott'ham Forest,22-291,2002,16.2,1,0,0,5,25,10,109,5,8,0,0,0,58,16,24,40.0,Matches
Harvey Elliott,engENG,"MF,FW",Liverpool,21-314,2003,0.9,0,0,0,0,0,1,9,0,2,0,0,0,3,0,0,,Matches
Yunus Emre Konak,trTUR,"MF,FW",Brentford,19-033,2006,0.2,0,0,0,2,0,0,0,0,1,0,0,0,1,2,2,50.0,Matches
Julio Enciso,pyPAR,MF,Ipswich Town,21-020,2004,1.1,1,0,0,2,3,0,3,1,1,0,0,0,8,1,2,33.3,Matches
Julio Enciso,pyPAR,"MF,FW",Brighton,21-020,2004,3.3,0,0,0,3,7,0,20,0,0,0,0,0,15,6,5,54.5,Matches
Wataru Endo,jpJPN,MF,Liverpool,32-003,1993,1.0,0,0,0,7,4,0,0,2,3,0,0,0,7,1,2,33.3,Matches
Christian Eriksen,dkDEN,MF,Manchester Utd,32-364,1992,7.1,2,0,0,5,2,0,49,6,5,0,0,0,40,2,4,33.3,Matches
Romain Esse,engENG,MF,Crystal Palace,19-275,2005,0.1,0,0,0,0,0,0,0,0,1,0,0,0,1,1,0,100.0,Matches
Pervis Estupiñán,ecECU,DF,Brighton,27-022,1998,15.7,3,0,0,24,12,3,83,18,27,0,0,0,92,24,18,57.1,Matches
Evanilson,brBRA,FW,Bournemouth,25-129,1999,15.2,0,0,0,23,34,11,0,0,4,5,0,0,43,26,46,36.1,Matches
Jonny Evans,nirNIR,DF,Manchester Utd,37-040,1988,3.2,1,0,0,5,6,0,0,4,5,0,0,0,15,8,3,72.7,Matches
Eberechi Eze,engENG,"MF,FW",Crystal Palace,26-228,1998,17.9,1,0,0,7,33,5,76,7,17,0,0,0,93,3,28,9.7,Matches
Łukasz Fabiański,plPOL,GK,West Ham,39-300,1985,11.9,2,0,0,2,1,0,0,0,0,0,2,0,5,2,1,66.7,Matches
Wout Faes,beBEL,DF,Leicester City,26-315,1998,18.3,3,0,0,14,5,1,2,17,18,0,0,0,50,33,19,63.5,Matches
Abdul Fatawu Issahaku,ghGHA,FW,Leicester City,20-341,2004,6.4,0,0,0,11,20,2,30,4,15,0,0,0,38,14,13,51.9,Matches
João Félix,ptPOR,"FW,MF",Chelsea,25-094,1999,4.1,2,0,0,6,17,1,0,3,3,0,0,0,22,4,5,44.4,Matches
Evan Ferguson,ieIRL,FW,Brighton,20-116,2004,2.7,0,0,0,3,1,0,0,0,3,0,0,0,10,4,9,30.8,Matches
Bruno Fernandes,ptPOR,MF,Manchester Utd,30-157,1994,21.4,4,2,1,21,28,2,109,17,25,0,0,0,120,16,23,41.0,Matches
Mateus Fernandes,ptPOR,MF,Southampton,20-217,2004,19.3,7,0,0,29,32,3,79,13,31,0,0,0,102,11,8,57.9,Matches
Enzo Fernández,arARG,MF,Chelsea,24-026,2001,18.8,4,0,0,30,28,0,52,9,23,0,0,0,92,9,21,30.0,Matches
Mark Flekken,nlNED,GK,Brentford,31-244,1993,22.4,1,0,0,0,2,0,0,0,2,0,0,0,28,4,0,100.0,Matches
Phil Foden,engENG,"MF,FW",Manchester City,24-260,2000,15.2,2,0,0,5,25,3,60,9,3,0,0,0,51,3,7,30.0,Matches
Wesley Fofana,frFRA,DF,Chelsea,24-057,2000,11.3,6,0,0,19,15,0,1,12,12,0,0,0,49,23,10,69.7,Matches
Carlos Forbs,ptPOR,"MF,FW",Wolves,20-330,2004,2.6,2,0,0,2,1,0,9,1,5,0,0,0,11,1,3,25.0,Matches
Fraser Forster,engENG,GK,Tottenham,36-332,1988,7.0,0,0,0,0,0,0,0,0,0,0,0,0,1,1,0,100.0,Matches
Ryan Fraser,sctSCO,"FW,DF",Southampton,30-354,1994,3.4,0,1,0,1,4,1,12,1,2,0,1,0,10,2,3,40.0,Matches
Niclas Füllkrug,deGER,FW,West Ham,32-003,1993,4.1,1,0,0,9,3,4,0,0,2,0,0,0,4,20,24,45.5,Matches
Cody Gakpo,nlNED,FW,Liverpool,25-281,1999,14.5,4,0,0,14,18,5,54,6,11,1,0,0,51,13,13,50.0,Matches
Idrissa Gana Gueye,snSEN,MF,Everton,35-139,1989,19.5,4,0,0,32,29,0,4,27,44,0,0,0,108,14,9,60.9,Matches
Andrés García,esESP,DF,Aston Villa,22-005,2003,0.5,0,0,0,0,0,0,2,0,0,0,0,0,2,0,1,0.0,Matches
Alejandro Garnacho,arARG,"FW,MF",Manchester Utd,20-226,2004,14.7,1,0,0,6,24,5,29,7,10,0,0,0,73,1,18,5.3,Matches
James Garner,engENG,"DF,MF",Everton,23-336,2001,3.9,1,0,0,4,2,0,15,5,9,0,0,0,23,3,3,50.0,Matches
Tyrique George,engENG,FW,Chelsea,19-008,2006,0.1,1,0,0,0,0,1,0,0,0,0,0,0,0,0,0,,Matches
Morgan Gibbs-White,engENG,MF,Nott'ham Forest,25-016,2000,17.4,7,1,1,26,27,4,20,11,13,1,0,0,84,27,32,45.8,Matches
Billy Gilmour,sctSCO,MF,Brighton,23-246,2001,1.1,0,0,0,2,3,0,1,0,3,0,0,0,5,0,0,,Matches
Ben Godfrey,engENG,DF,Ipswich Town,27-028,1998,0.7,0,0,0,0,0,0,0,0,0,0,0,0,2,2,0,100.0,Matches
Martial Godo,engENG,FW,Fulham,21-335,2003,0.2,0,0,0,0,0,0,1,1,0,0,0,0,0,0,1,0.0,Matches
João Gomes,brBRA,MF,Wolves,24-000,2001,20.6,8,1,1,51,20,1,18,18,38,0,0,0,119,8,17,32.0,Matches
Rodrigo Gomes,ptPOR,"DF,FW",Wolves,21-220,2003,6.3,0,0,0,2,4,0,18,4,12,0,0,0,20,4,15,21.1,Matches
Toti Gomes,ptPOR,DF,Wolves,26-027,1999,15.0,4,0,0,12,10,4,6,9,25,0,1,0,55,26,11,70.3,Matches
Diego Gómez,pyPAR,MF,Brighton,21-322,2003,0.5,0,0,0,0,0,0,1,0,3,0,0,0,5,1,1,50.0,Matches
Joe Gomez,engENG,DF,Liverpool,27-265,1997,5.8,1,0,0,2,3,0,2,7,10,0,0,0,34,9,4,69.2,Matches
Anthony Gordon,engENG,FW,Newcastle Utd,23-354,2001,20.6,2,0,0,16,52,5,99,6,14,1,0,0,84,5,6,45.5,Matches
Ryan Gravenberch,nlNED,MF,Liverpool,22-272,2002,22.1,5,0,0,33,32,0,4,40,23,0,0,0,125,17,5,77.3,Matches
Archie Gray,engENG,DF,Tottenham,18-337,2006,10.7,0,0,0,6,5,0,5,8,4,0,0,1,45,8,5,61.5,Matches
Jack Grealish,engENG,"FW,MF",Manchester City,29-155,1995,6.8,3,0,0,3,21,0,20,2,5,0,0,0,20,1,6,14.3,Matches
Jacob Greaves,engENG,DF,Ipswich Town,24-153,2000,14.0,2,0,0,8,11,1,0,16,11,0,0,0,30,45,26,63.4,Matches
Brajan Gruda,deGER,"FW,MF",Brighton,20-257,2004,4.1,0,0,0,3,6,1,13,2,4,0,0,0,15,2,3,40.0,Matches
Albert Grønbaek,dkDEN,MF,Southampton,23-265,2001,0.8,0,0,0,0,0,0,0,0,1,0,0,0,4,0,0,,Matches
Gonçalo Guedes,ptPOR,"MF,FW",Wolves,28-075,1996,7.7,1,0,0,14,14,2,16,4,4,0,0,0,30,3,8,27.3,Matches
Marc Guéhi,engENG,DF,Crystal Palace,24-214,2000,23.0,5,0,0,12,19,0,9,14,19,0,0,2,105,57,34,62.6,Matches
Luis Guilherme,brBRA,"MF,FW",West Ham,19-003,2006,0.6,0,0,0,0,2,0,5,2,0,0,0,0,4,1,1,50.0,Matches
Bruno Guimarães,brBRA,MF,Newcastle Utd,27-088,1997,23.2,3,0,0,36,82,1,15,21,31,0,0,0,117,13,10,56.5,Matches
Marc Guiu,esESP,FW,Chelsea,19-039,2006,0.8,0,0,0,0,0,0,0,0,1,0,0,0,2,0,1,0.0,Matches
İlkay Gündoğan,deGER,MF,Manchester City,34-111,1990,14.9,1,0,0,10,17,0,44,12,10,0,0,0,74,11,6,64.7,Matches
Malo Gusto,frFRA,DF,Chelsea,21-269,2003,14.5,3,0,0,13,13,1,36,15,22,0,0,0,77,6,10,37.5,Matches
Joško Gvardiol,hrCRO,DF,Manchester City,23-020,2002,22.5,1,0,0,10,15,2,18,25,23,0,0,0,89,34,21,61.8,Matches
Erling Haaland,noNOR,FW,Manchester City,24-206,2000,23.6,2,0,0,18,12,4,3,4,4,0,0,0,18,41,35,53.9,Matches
Lewis Hall,engENG,DF,Newcastle Utd,20-157,2004,21.3,3,0,0,7,18,1,99,16,28,0,0,0,104,29,27,51.8,Matches
Ali Al Hamadi,iqIRQ,FW,Ipswich Town,22-348,2002,1.5,3,0,0,8,3,1,0,0,0,0,0,0,4,5,9,35.7,Matches
Marcus Harness,engENG,MF,Ipswich Town,28-354,1996,0.5,0,0,0,0,0,1,0,0,0,0,0,0,2,0,0,,Matches
Jack Harrison,engENG,FW,Everton,28-084,1996,11.1,0,0,0,7,15,3,38,5,12,0,0,0,40,3,11,21.4,Matches
Taylor Harwood-Bellis,engENG,DF,Southampton,23-013,2002,21.1,7,0,0,25,11,0,9,25,14,0,0,0,87,41,25,62.1,Matches
Kai Havertz,deGER,"FW,MF",Arsenal,25-246,1999,20.4,4,0,0,36,21,14,11,6,9,0,0,0,39,62,73,45.9,Matches
Jan Paul van Hecke,nlNED,DF,Brighton,24-249,2000,20.9,4,0,0,16,11,0,10,18,19,0,0,0,92,52,38,57.8,Matches
Hwang Hee-chan,krKOR,"MF,FW",Wolves,29-017,1996,6.9,0,0,0,6,8,0,8,2,4,0,0,0,27,3,9,25.0,Matches
Dean Henderson,engENG,GK,Crystal Palace,27-337,1997,24.0,3,0,0,0,0,0,0,0,1,0,0,0,18,10,1,90.9,Matches
Rico Henry,engENG,DF,Brentford,27-219,1997,0.0,0,0,0,0,0,0,0,1,0,0,0,0,1,1,0,100.0,Matches
Mads Hermansen,dkDEN,GK,Leicester City,24-216,2000,16.5,0,0,0,0,2,0,0,0,1,0,0,0,9,2,1,66.7,Matches
Son Heung-min,krKOR,FW,Tottenham,32-219,1992,17.6,1,0,0,4,21,11,50,4,8,0,0,0,64,5,9,35.7,Matches
James Hill,engENG,"DF,MF",Bournemouth,23-033,2002,2.0,0,0,0,4,4,0,6,4,2,0,0,0,5,3,4,42.9,Matches
Jack Hinshelwood,engENG,"MF,DF",Brighton,19-307,2005,10.0,3,0,0,9,2,0,21,6,10,0,0,0,31,5,8,38.5,Matches
George Hirst,engENG,FW,Ipswich Town,25-363,1999,2.4,1,0,0,5,2,0,1,0,1,0,0,0,3,14,7,66.7,Matches
Mason Holgate,engENG,"FW,DF",Everton,28-113,1996,0.1,0,0,0,0,0,0,0,0,0,0,0,0,0,0,1,0.0,Matches
Callum Hudson-Odoi,engENG,"FW,MF",Nott'ham Forest,24-097,2000,16.9,1,0,0,7,13,7,52,12,10,1,0,0,59,1,10,9.1,Matches
Will Hughes,engENG,MF,Crystal Palace,29-301,1995,15.7,8,0,0,43,19,0,49,11,28,0,1,0,87,11,11,50.0,Matches
Dean Huijsen,esESP,DF,Bournemouth,19-304,2005,13.8,5,0,0,14,3,1,5,29,18,0,0,0,65,34,25,57.6,Matches
Omari Hutchinson,engENG,"MF,FW",Ipswich Town,21-105,2003,20.7,4,0,0,22,29,3,45,7,9,0,0,0,72,6,21,22.2,Matches
Rasmus Højlund,dkDEN,FW,Manchester Utd,22-008,2003,12.3,1,0,0,9,21,7,4,1,1,1,0,0,21,16,50,24.2,Matches
Igor,brBRA,DF,Brighton,27-005,1998,10.0,4,0,0,9,6,0,2,4,4,0,0,0,40,8,6,57.1,Matches
Danny Ings,engENG,"FW,MF",West Ham,32-204,1992,3.1,0,0,0,0,2,0,3,1,2,1,0,0,8,8,8,50.0,Matches
Tim Iroegbunam,engENG,MF,Everton,21-227,2003,4.4,2,0,0,10,8,0,0,9,10,0,0,0,34,5,1,83.3,Matches
Andy Irving,sctSCO,MF,West Ham,24-275,2000,1.8,2,0,0,6,1,0,2,1,4,0,0,0,10,1,1,50.0,Matches
Alexander Isak,seSWE,FW,Newcastle Utd,25-144,1999,20.0,1,0,0,19,11,16,11,1,3,1,0,0,36,18,36,33.3,Matches
Alex Iwobi,ngNGA,"FW,MF",Fulham,28-285,1996,22.4,1,0,0,12,15,3,74,8,16,0,0,0,88,3,22,12.0,Matches
Nicolas Jackson,snSEN,FW,Chelsea,23-237,2001,19.3,5,0,0,21,23,15,3,2,10,0,0,0,36,13,26,33.3,Matches
Reece James,engENG,DF,Chelsea,25-066,1999,5.4,1,0,0,4,5,0,26,5,7,0,0,0,24,19,4,82.6,Matches
Vitaly Janelt,deGER,MF,Brentford,26-278,1998,19.1,3,0,0,20,11,0,25,19,17,0,0,1,85,12,7,63.2,Matches
Vitezslav Jaros,czCZE,GK,Liverpool,23-204,2001,0.1,0,0,0,0,0,0,0,0,0,0,0,0,0,0,0,,Matches
Daniel Jebbison,engENG,"FW,MF",Bournemouth,21-183,2003,0.7,1,0,0,2,2,0,1,1,0,0,0,0,4,2,4,33.3,Matches
Mathias Jensen,dkDEN,MF,Brentford,29-042,1996,7.8,1,0,0,6,9,0,27,6,8,0,0,0,38,8,5,61.5,Matches
Gabriel Jesus,brBRA,FW,Arsenal,27-315,1997,6.8,4,0,0,14,10,9,7,4,6,0,0,0,28,9,18,33.3,Matches
Raúl Jiménez,mxMEX,FW,Fulham,33-283,1991,16.9,3,0,0,24,27,12,15,9,11,1,0,0,42,42,60,41.2,Matches
Kim Jisoo,krKOR,DF,Brentford,20-050,2004,0.3,0,0,0,1,0,0,0,0,0,0,0,0,0,0,0,,Matches
João Pedro,brBRA,"FW,MF",Brighton,23-139,2001,14.9,3,0,0,13,32,0,18,6,6,1,1,0,39,25,26,49.0,Matches
Joelinton,brBRA,"MF,FW",Newcastle Utd,28-182,1996,21.3,9,0,0,46,27,6,14,20,27,0,0,0,125,42,34,55.3,Matches
Ben Johnson,engENG,"DF,FW",Ipswich Town,25-019,2000,9.2,2,0,0,14,5,1,15,11,15,0,0,0,30,13,9,59.1,Matches
Brennan Johnson,wlsWAL,FW,Tottenham,23-265,2001,16.6,3,0,0,19,14,5,38,4,20,1,0,0,42,7,14,33.3,Matches
Sam Johnstone,engENG,GK,Wolves,31-324,1993,7.0,0,0,0,0,0,0,0,0,0,0,0,0,9,4,0,100.0,Matches
Curtis Jones,engENG,MF,Liverpool,24-013,2001,10.3,1,0,0,9,18,0,4,3,11,1,0,0,47,8,7,53.3,Matches
Jorginho,itITA,MF,Arsenal,33-054,1991,5.1,3,0,0,8,12,0,0,5,3,0,0,0,37,1,3,25.0,Matches
Diogo Jota,ptPOR,FW,Liverpool,28-070,1996,7.0,1,0,0,10,9,0,7,4,4,1,0,0,24,16,20,44.4,Matches
James Justin,engENG,DF,Leicester City,26-355,1998,22.0,3,0,0,16,28,2,37,33,24,0,0,0,53,44,36,55.0,Matches
Filip Jørgensen,dkDEN,GK,Chelsea,22-302,2002,3.0,0,0,0,1,0,0,0,0,0,0,1,0,3,0,0,,Matches
Ferdi Kadioglu,trTUR,"DF,MF",Brighton,25-128,1999,4.3,1,0,0,5,3,1,9,8,6,0,0,0,14,3,1,75.0,Matches
Daichi Kamada,jpJPN,MF,Crystal Palace,28-191,1996,10.4,2,1,0,20,12,2,20,13,15,0,0,0,49,2,9,18.2,Matches
Boubacar Kamara,frFRA,MF,Aston Villa,25-081,1999,11.5,2,0,0,18,20,0,1,13,15,0,0,0,58,13,13,50.0,Matches
Michael Kayode,itITA,DF,Brentford,20-217,2004,0.2,0,0,0,1,0,0,3,0,0,0,0,0,1,0,0,,Matches
Michael Keane,engENG,DF,Everton,32-032,1993,9.0,4,0,0,9,0,0,1,10,7,0,0,0,23,19,14,57.6,Matches
Caoimhín Kelleher,ieIRL,GK,Liverpool,26-081,1998,8.0,0,0,0,0,1,0,0,0,0,0,0,0,15,1,0,100.0,Matches
Lloyd Kelly,engENG,DF,Newcastle Utd,26-129,1998,3.4,2,0,0,5,5,1,1,1,4,0,0,0,19,6,2,75.0,Matches
Milos Kerkez,huHUN,DF,Bournemouth,21-097,2003,23.2,3,0,0,21,27,1,73,30,18,0,0,0,109,13,30,30.2,Matches
Bilal El Khannouss,maMAR,MF,Leicester City,20-278,2004,12.2,1,0,0,20,5,0,37,4,15,0,0,0,44,14,8,63.6,Matches
Abdukodir Khusanov,uzUZB,DF,Manchester City,20-349,2004,0.6,1,0,0,1,1,0,0,0,0,0,0,0,2,0,1,0.0,Matches
Max Kilman,engENG,DF,West Ham,27-265,1997,23.2,3,0,0,9,8,1,0,28,11,0,0,0,101,67,31,68.4,Matches
Joshua King,engENG,"MF,FW",Fulham,18-040,2007,0.9,0,0,0,2,2,0,1,1,3,0,0,0,3,0,0,,Matches
Antonín Kinský,czCZE,GK,Tottenham,21-336,2003,4.0,0,0,0,0,0,0,0,0,1,0,0,0,4,2,0,100.0,Matches
Jakub Kiwior,plPOL,DF,Arsenal,24-363,2000,3.6,0,0,0,5,1,0,0,1,2,0,0,0,9,5,3,62.5,Matches
Justin Kluivert,nlNED,"MF,FW",Bournemouth,25-283,1999,17.0,6,0,0,30,16,5,45,11,8,1,0,0,55,6,16,27.3,Matches
Ibrahima Konaté,frFRA,DF,Liverpool,25-263,1999,15.5,4,0,0,14,9,0,0,8,15,0,0,0,57,47,15,75.8,Matches
Ezri Konsa,engENG,DF,Aston Villa,27-112,1997,21.1,0,0,0,3,31,0,5,16,16,0,0,0,60,18,16,52.9,Matches
Mateo Kovačić,hrCRO,MF,Manchester City,30-282,1994,17.2,5,0,0,18,18,0,0,13,27,0,0,0,79,8,5,61.5,Matches
Caleb Kporha,engENG,DF,Crystal Palace,18-212,2006,0.1,0,0,0,0,0,0,2,0,1,0,0,0,1,0,1,0.0,Matches
Emil Krafth,seSWE,DF,Newcastle Utd,30-194,1994,2.7,0,0,0,2,1,0,0,2,1,0,0,0,11,4,3,57.1,Matches
Mohammed Kudus,ghGHA,"MF,FW",West Ham,24-194,2000,17.4,0,1,0,20,35,14,44,3,17,0,0,0,85,6,20,23.1,Matches
Dejan Kulusevski,seSWE,"MF,FW",Tottenham,24-293,2000,21.7,3,0,0,33,31,5,86,10,19,0,0,0,99,9,10,47.4,Matches
Maxence Lacroix,frFRA,DF,Crystal Palace,24-312,2000,21.0,4,0,0,24,13,1,4,40,27,0,1,0,100,37,28,56.9,Matches
Adam Lallana,engENG,MF,Southampton,36-278,1988,3.8,4,0,0,7,8,0,4,4,5,0,0,0,19,1,2,33.3,Matches
Tariq Lamptey,ghGHA,DF,Brighton,24-135,2000,5.8,0,0,0,6,4,0,18,4,6,0,1,0,26,1,8,11.1,Matches
Will Lankshear,engENG,"FW,MF",Tottenham,19-298,2005,0.1,0,0,0,2,0,0,0,0,0,0,0,0,0,0,0,,Matches
Roméo Lavia,beBEL,MF,Chelsea,21-037,2004,5.9,4,0,0,10,3,0,0,11,10,0,1,0,28,7,2,77.8,Matches
Mario Lemina,gaGAB,"MF,DF",Wolves,31-164,1993,15.2,4,0,0,17,8,4,10,27,31,0,1,0,73,25,16,61.0,Matches
Bernd Leno,deGER,GK,Fulham,32-345,1992,24.0,3,0,0,0,3,0,0,0,2,0,0,0,37,5,0,100.0,Matches
Jefferson Lerma,coCOL,MF,Crystal Palace,30-110,1994,14.4,4,0,0,21,25,0,5,23,5,0,0,0,97,28,32,46.7,Matches
Rico Lewis,engENG,"DF,MF",Manchester City,20-083,2004,15.6,5,1,1,10,24,0,2,11,15,0,0,0,71,5,12,29.4,Matches
Keane Lewis-Potter,engENG,"DF,FW",Brentford,23-356,2001,21.3,4,0,0,8,17,4,47,9,19,1,0,0,90,15,22,40.5,Matches
Myles Lewis-Skelly,engENG,DF,Arsenal,18-139,2006,6.1,2,1,0,4,18,0,3,5,13,0,0,0,27,3,5,37.5,Matches
Matthijs de Ligt,nlNED,DF,Manchester Utd,25-184,1999,17.2,3,0,0,14,9,1,4,26,11,0,2,0,50,41,18,69.5,Matches
Pedro Lima,brBRA,DF,Wolves,18-226,2006,0.6,0,0,0,0,0,0,5,1,0,0,0,0,1,0,2,0.0,Matches
Victor Lindelöf,seSWE,"DF,MF",Manchester Utd,30-210,1994,0.7,1,0,0,2,0,0,1,2,0,0,0,0,2,2,3,40.0,Matches
Jesper Lindstrøm,dkDEN,FW,Everton,24-349,2000,9.7,1,0,0,9,6,1,59,10,18,0,0,0,48,4,11,26.7,Matches
Valentino Livramento,engENG,DF,Newcastle Utd,22-092,2002,18.3,0,0,0,4,23,2,30,19,22,0,0,0,115,16,25,39.0,Matches
Sean Longstaff,engENG,MF,Newcastle Utd,27-105,1997,8.0,2,0,0,8,5,0,5,5,16,0,0,0,29,6,7,46.2,Matches
Saša Lukić,rsSRB,MF,Fulham,28-183,1996,16.7,9,0,0,42,20,0,31,18,23,0,0,0,75,16,13,55.2,Matches
Joe Lumley,engENG,GK,Southampton,29-363,1995,3.0,0,0,0,0,0,0,0,0,0,0,0,0,2,2,1,66.7,Matches
Massimo Luongo,auAUS,MF,Ipswich Town,32-140,1992,1.9,0,0,0,1,2,0,1,2,5,0,0,0,10,1,0,100.0,Matches
Ian Maatsen,nlNED,DF,Aston Villa,22-339,2002,5.1,2,0,0,5,3,2,26,6,7,0,0,0,31,7,3,70.0,Matches
Alexis Mac Allister,arARG,MF,Liverpool,26-050,1998,18.1,6,0,0,42,26,0,23,13,37,0,0,0,94,12,13,48.0,Matches
James Maddison,engENG,MF,Tottenham,28-081,1996,14.4,4,0,0,20,46,2,77,11,12,0,0,0,56,5,6,45.5,Matches
Noni Madueke,engENG,FW,Chelsea,22-339,2002,15.9,3,0,0,17,17,3,46,7,11,0,0,0,60,9,11,45.0,Matches
Gabriel Magalhães,brBRA,DF,Arsenal,27-055,1997,21.1,3,0,0,16,15,0,8,11,12,1,0,0,44,42,25,62.7,Matches
Edmond-Paris Maghoma,engENG,MF,Brentford,23-280,2001,0.9,0,0,0,2,3,0,1,1,1,0,0,0,3,1,2,33.3,Matches
Harry Maguire,engENG,DF,Manchester Utd,31-344,1993,12.1,7,0,0,13,4,1,2,31,9,0,0,0,40,35,17,67.3,Matches
Kobbie Mainoo,engENG,MF,Manchester Utd,19-299,2005,14.3,5,0,0,23,19,2,4,17,24,0,0,0,72,16,25,39.0,Matches
Tyrell Malacia,nlNED,DF,Manchester Utd,25-179,1999,1.1,1,0,0,3,2,0,1,1,1,0,0,0,3,0,0,,Matches
Donyell Malen,nlNED,FW,Aston Villa,26-034,1999,0.8,0,0,0,0,1,1,2,0,1,0,0,0,0,1,0,100.0,Matches
Orel Mangala,beBEL,MF,Everton,26-331,1998,14.0,2,0,0,24,17,2,6,21,8,0,0,0,49,6,8,42.9,Matches
Ryan Manning,ieIRL,DF,Southampton,28-243,1996,8.5,1,0,0,10,17,0,41,8,14,0,0,0,33,8,4,66.7,Matches
Solly March,engENG,"MF,DF",Brighton,30-207,1994,0.3,1,0,0,0,1,0,3,1,2,0,0,0,1,0,0,,Matches
Omar Marmoush,egEGY,"FW,MF",Manchester City,26-005,1999,1.6,0,0,0,0,3,3,4,0,2,0,0,0,6,0,1,0.0,Matches
Gabriel Martinelli,brBRA,"FW,MF",Arsenal,23-239,2001,16.2,1,0,0,10,14,7,56,2,13,0,0,0,56,12,20,37.5,Matches
Emiliano Martínez,arARG,GK,Aston Villa,32-163,1992,23.5,2,0,0,1,4,0,0,0,1,0,0,0,19,5,1,83.3,Matches
Lisandro Martínez,arARG,DF,Manchester Utd,27-025,1998,19.5,7,0,0,22,7,0,9,32,24,0,0,0,81,16,13,55.2,Matches
Pape Matar Sarr,snSEN,MF,Tottenham,22-151,2002,13.9,4,0,0,20,25,2,7,19,24,0,1,0,89,20,29,40.8,Matches
Jean-Philippe Mateta,frFRA,FW,Crystal Palace,27-229,1997,20.7,2,0,0,20,22,11,20,2,7,0,0,0,50,47,79,37.3,Matches
Stephy Mavididi,engENG,FW,Leicester City,26-257,1998,14.3,2,0,0,15,13,2,52,9,15,0,0,0,65,9,12,42.9,Matches
Konstantinos Mavropanos,grGRE,DF,West Ham,27-063,1997,15.6,4,1,1,11,10,2,2,32,20,0,0,0,52,43,13,76.8,Matches
Noussair Mazraoui,maMAR,DF,Manchester Utd,27-090,1997,20.4,1,0,0,26,14,3,15,23,41,0,1,0,99,32,14,69.6,Matches
Bryan Mbeumo,cmCMR,FW,Brentford,25-189,1999,23.9,2,0,0,15,28,10,126,11,17,0,0,0,97,23,54,29.9,Matches
James Mcatee,engENG,"MF,FW",Manchester City,22-117,2002,1.0,0,0,0,2,1,0,2,1,1,0,0,0,2,1,2,33.3,Matches
Kasey McAteer,ieIRL,"FW,MF",Leicester City,23-082,2001,4.3,1,0,0,9,10,2,11,2,8,0,0,0,24,9,12,42.9,Matches
Alex McCarthy,engENG,GK,Southampton,35-071,1989,5.0,0,0,0,0,1,0,0,0,0,0,0,0,4,2,0,100.0,Matches
John McGinn,sctSCO,"MF,FW",Aston Villa,30-117,1994,15.1,4,0,0,23,41,3,42,5,11,0,0,0,57,9,6,60.0,Matches
Dwight McNeil,engENG,"MF,FW",Everton,25-082,1999,12.7,1,0,0,6,13,1,91,5,6,0,0,0,63,3,14,17.6,Matches
Scott McTominay,sctSCO,MF,Manchester Utd,28-066,1996,0.2,0,0,0,0,0,0,0,0,0,0,0,0,1,1,0,100.0,Matches
Ben Mee,engENG,DF,Brentford,35-144,1989,2.0,2,0,0,5,0,0,0,4,2,0,0,0,11,5,5,50.0,Matches
Jayden Meghoma,engENG,DF,Brentford,18-229,2006,0.1,0,0,0,0,0,0,0,0,0,0,0,0,1,0,0,,Matches
Mikel Merino,esESP,MF,Arsenal,28-235,1996,8.5,2,0,0,20,12,3,10,12,12,0,0,0,51,30,19,61.2,Matches
Nikola Milenković,rsSRB,DF,Nott'ham Forest,27-123,1997,23.0,2,0,0,10,3,1,0,16,18,0,0,0,47,65,29,69.1,Matches
Lewis Miley,engENG,MF,Newcastle Utd,18-287,2006,0.4,0,0,0,0,0,0,0,0,2,0,0,0,6,0,0,,Matches
James Milner,engENG,MF,Brighton,39-039,1986,1.9,1,0,0,3,1,0,8,2,2,0,0,0,2,0,1,0.0,Matches
Tyrone Mings,engENG,DF,Aston Villa,31-336,1993,5.2,1,0,0,3,3,0,0,2,4,0,0,0,8,9,10,47.4,Matches
Yankuba Minteh,gmGAM,"FW,MF",Brighton,20-205,2004,9.3,5,0,0,12,5,2,53,5,12,0,0,0,40,8,16,33.3,Matches
Tyrick Mitchell,engENG,DF,Crystal Palace,25-164,1999,23.2,2,0,0,13,20,1,75,8,41,0,0,0,117,14,15,48.3,Matches
Kaoru Mitoma,jpJPN,"FW,MF",Brighton,27-268,1997,21.0,0,0,0,29,15,4,57,11,19,0,0,0,63,18,19,48.6,Matches
Jakub Moder,plPOL,MF,Brighton,25-311,1999,0.1,0,0,0,0,0,0,1,0,0,0,0,0,2,0,1,0.0,Matches
Mikey Moore,engENG,"FW,MF",Tottenham,17-185,2007,2.1,0,0,0,3,4,2,12,1,0,0,0,0,5,1,4,20.0,Matches
Morato,brBRA,DF,Nott'ham Forest,23-227,2001,5.9,1,0,0,6,2,0,0,7,10,0,0,0,21,3,9,25.0,Matches
Álex Moreno,esESP,DF,Nott'ham Forest,31-249,1993,9.0,2,0,0,11,5,0,15,14,18,0,0,0,40,1,8,11.1,Matches
Sam Morsy,egEGY,MF,Ipswich Town,33-155,1991,21.1,7,0,0,37,18,0,9,21,26,0,1,0,109,10,21,32.3,Matches
Yerson Mosquera,coCOL,DF,Wolves,23-286,2001,4.9,2,0,0,6,7,1,2,10,7,0,0,0,24,11,6,64.7,Matches
Mason Mount,engENG,"MF,FW",Manchester Utd,26-033,1999,2.7,2,0,0,8,4,0,6,0,2,0,0,0,6,1,5,16.7,Matches
Divin Mubama,engENG,FW,Manchester City,20-110,2004,0.3,0,0,0,0,0,0,0,0,0,0,0,0,1,0,1,0.0,Matches
Mykhailo Mudryk,uaUKR,FW,Chelsea,24-038,2001,1.7,0,0,0,2,2,1,7,0,2,0,0,0,9,2,4,33.3,Matches
Rodrigo Muniz,brBRA,FW,Fulham,23-284,2001,7.5,1,0,0,8,20,1,1,4,2,0,0,0,10,43,49,46.7,Matches
Daniel Muñoz,coCOL,DF,Crystal Palace,28-262,1996,22.0,5,0,0,31,14,7,43,25,58,0,0,0,104,42,46,47.7,Matches
Arijanet Muric,xkKVX,GK,Ipswich Town,26-097,1998,18.0,1,0,0,0,4,0,0,0,0,0,0,0,26,11,1,91.7,Matches
Murillo,brBRA,DF,Nott'ham Forest,22-223,2002,22.5,5,0,0,17,4,0,6,24,27,0,1,0,85,23,16,59.0,Matches
Jacob Murphy,engENG,FW,Newcastle Utd,29-354,1995,14.9,2,0,0,7,6,2,56,9,11,0,0,0,54,2,9,18.2,Matches
Vitaliy Mykolenko,uaUKR,DF,Everton,25-259,1999,20.2,2,0,0,17,18,1,53,24,23,0,1,0,55,30,26,53.6,Matches
Iliman Ndiaye,snSEN,FW,Everton,24-343,2000,20.6,3,0,0,17,39,5,32,17,21,0,0,0,143,4,14,22.2,Matches
Wilfred Ndidi,ngNGA,MF,Leicester City,28-058,1996,13.5,4,0,0,26,7,2,12,9,28,0,0,1,69,27,24,52.9,Matches
Kosta Nedeljković,rsSRB,DF,Aston Villa,19-058,2005,1.4,0,0,0,0,1,0,1,0,5,0,0,0,4,0,1,0.0,Matches
Reiss Nelson,engENG,FW,Arsenal,25-064,1999,0.0,0,0,0,1,1,0,0,0,0,0,0,0,0,0,0,,Matches
Reiss Nelson,engENG,FW,Fulham,25-064,1999,5.4,1,0,0,6,9,1,23,5,6,0,0,0,29,0,4,0.0,Matches
Neto,brBRA,GK,Bournemouth,35-208,1989,2.0,0,0,0,0,2,0,0,0,0,0,0,0,3,0,0,,Matches
Pedro Neto,ptPOR,FW,Chelsea,24-340,2000,12.6,6,0,0,11,18,1,63,7,7,0,0,0,40,6,16,27.3,Matches
Eddie Nketiah,engENG,"MF,FW",Crystal Palace,25-258,1999,7.0,3,0,0,17,18,2,5,2,5,1,0,0,17,11,17,39.3,Matches
Christopher Nkunku,frFRA,FW,Chelsea,27-090,1997,5.1,1,0,0,11,5,1,1,4,4,0,0,0,17,10,14,41.7,Matches
Matheus Nunes,ptPOR,"DF,MF",Manchester City,26-169,1998,9.9,2,0,0,18,10,5,30,9,16,0,1,0,37,11,11,50.0,Matches
Darwin Núñez,uyURU,FW,Liverpool,25-233,1999,9.2,6,0,0,20,13,8,2,1,14,0,0,0,30,11,25,30.6,Matches
Ethan Nwaneri,engENG,"MF,FW",Arsenal,17-328,2007,3.2,1,0,0,3,3,2,18,0,2,0,0,0,15,0,2,0.0,Matches
Christian Nørgaard,dkDEN,MF,Brentford,30-339,1994,18.8,4,1,0,27,20,1,9,32,37,0,0,0,130,26,19,57.8,Matches
Jake O'Brien,ieIRL,DF,Everton,23-273,2001,3.5,2,0,0,2,1,1,1,1,6,0,0,0,11,6,2,75.0,Matches
Matt O'Riley,dkDEN,MF,Brighton,24-083,2000,5.2,1,0,0,6,5,0,23,11,7,0,0,1,18,3,2,60.0,Matches
Dara O'Shea,ieIRL,DF,Ipswich Town,25-345,1999,20.7,5,0,0,10,12,2,4,23,19,0,0,0,73,74,53,58.3,Matches
Wilson Odobert,frFRA,FW,Tottenham,20-076,2004,1.8,0,0,0,0,2,0,5,0,2,0,0,0,9,3,0,100.0,Matches
Chiedozie Ogbene,ieIRL,FW,Ipswich Town,27-287,1997,2.6,0,0,0,2,7,1,4,1,3,0,0,0,6,1,6,14.3,Matches
Caleb Okoli,itITA,DF,Leicester City,23-214,2001,9.2,2,0,0,9,7,0,1,12,13,0,0,0,36,16,19,45.7,Matches
Robin Olsen,seSWE,GK,Aston Villa,35-035,1990,0.5,0,0,0,0,0,0,0,0,0,0,0,0,1,0,0,,Matches
Amadou Onana,beBEL,MF,Aston Villa,23-180,2001,12.0,4,0,0,24,16,0,1,19,22,0,0,0,56,20,14,58.8,Matches
André Onana,cmCMR,GK,Manchester Utd,28-316,1996,24.0,0,0,0,0,2,0,0,0,1,0,0,0,22,5,0,100.0,Matches
Paul Onuachu,ngNGA,FW,Southampton,30-260,1994,6.0,1,0,0,17,11,5,0,1,1,0,0,0,11,60,32,65.2,Matches
Frank Onyeka,ngNGA,MF,Brentford,27-042,1998,0.3,0,0,0,2,0,0,0,0,0,0,0,0,2,0,0,,Matches
Lewis Orford,engENG,MF,West Ham,18-360,2006,0.5,0,0,0,0,0,0,1,1,0,0,0,0,7,0,1,0.0,Matches
Stefan Ortega,deGER,GK,Manchester City,32-098,1992,9.0,1,0,0,1,1,0,0,0,0,0,1,0,5,0,0,,Matches
William Osula,dkDEN,"FW,MF",Newcastle Utd,21-192,2003,0.5,0,0,0,1,1,1,0,1,0,0,0,0,1,2,0,100.0,Matches
Dango Ouattara,bfBFA,FW,Bournemouth,23-001,2002,13.8,1,0,0,10,9,11,59,7,23,0,0,0,51,27,35,43.5,Matches
Nico O’Reilly,engENG,MF,Manchester City,19-328,2005,0.2,0,0,0,0,0,0,0,0,0,0,0,0,1,0,0,,Matches
Cole Palmer,engENG,MF,Chelsea,22-282,2002,23.3,4,0,0,11,48,6,109,5,10,1,0,0,75,0,4,0.0,Matches
Emerson Palmieri,itITA,DF,West Ham,30-193,1994,18.1,5,0,0,18,10,0,54,16,26,0,0,0,71,12,13,48.0,Matches
Lucas Paquetá,brBRA,"MF,FW",West Ham,27-169,1997,17.9,6,0,0,32,31,6,21,12,30,0,1,0,101,27,48,36.0,Matches
Thomas Partey,ghGHA,"MF,DF",Arsenal,31-244,1993,20.6,2,0,0,29,22,1,8,26,40,0,0,0,96,21,14,60.0,Matches
Nathan Patterson,sctSCO,"DF,FW",Everton,23-119,2001,1.4,0,0,0,0,1,0,6,0,1,0,0,0,6,1,4,20.0,Matches
Andreas Pereira,brBRA,MF,Fulham,29-042,1996,14.2,7,0,0,16,16,1,107,6,5,1,0,0,67,9,13,40.9,Matches
Ricardo Pereira,ptPOR,DF,Leicester City,31-129,1993,1.6,1,0,0,1,3,0,1,1,2,0,0,0,8,0,0,,Matches
Kalvin Phillips,engENG,MF,Ipswich Town,29-072,1995,9.6,3,1,1,21,17,0,14,16,12,0,0,0,52,6,12,33.3,Matches
Jaden Philogene Bidace,engENG,"FW,MF",Aston Villa,23-004,2002,3.7,4,1,1,12,8,1,4,3,5,0,0,0,21,0,5,0.0,Matches
Jaden Philogene Bidace,engENG,"FW,MF",Ipswich Town,23-004,2002,1.5,0,0,0,3,2,0,5,3,2,0,0,0,11,2,1,66.7,Matches
Jordan Pickford,engENG,GK,Everton,30-342,1994,23.0,6,0,0,0,6,0,0,1,0,0,0,0,25,4,1,80.0,Matches
Ethan Pinnock,jmJAM,DF,Brentford,31-259,1993,16.0,2,0,0,5,3,0,8,18,16,0,1,1,42,46,32,59.0,Matches
Daniel Podence,ptPOR,"MF,FW",Wolves,29-114,1995,0.5,0,0,0,0,2,0,1,0,0,0,0,0,1,0,1,0.0,Matches
Alfie Pond,engENG,DF,Wolves,20-348,2004,0.0,0,0,0,0,0,0,0,0,0,0,0,0,0,0,0,,Matches
Nick Pope,engENG,GK,Newcastle Utd,32-299,1992,15.0,2,0,0,0,0,0,0,1,0,0,0,0,9,6,1,85.7,Matches
Pedro Porro,esESP,DF,Tottenham,25-152,1999,22.1,2,0,0,16,21,1,132,25,36,0,0,0,117,10,19,34.5,Matches
Jarell Quansah,engENG,DF,Liverpool,22-014,2003,2.5,1,0,0,5,1,0,2,3,7,0,0,0,5,5,6,45.5,Matches
Hákon Rafn Valdimarsson,isISL,GK,Brentford,23-122,2001,1.6,0,0,0,0,0,0,0,0,0,0,0,0,1,1,0,100.0,Matches
Aaron Ramsdale,engENG,GK,Southampton,26-274,1998,16.0,1,0,0,0,2,0,0,2,0,0,0,0,10,4,0,100.0,Matches
Jacob Ramsey,engENG,"FW,MF",Aston Villa,23-260,2001,11.1,1,0,0,8,16,2,6,7,9,0,0,0,50,4,5,44.4,Matches
Marcus Rashford,engENG,"FW,MF",Manchester Utd,27-104,1997,10.9,2,0,0,8,7,7,27,4,4,0,0,0,24,5,7,41.7,Matches
David Raya,esESP,GK,Arsenal,29-150,1995,24.0,2,0,0,1,6,0,0,1,0,0,1,0,17,8,0,100.0,Matches
Harrison Reed,engENG,MF,Fulham,30-016,1995,0.7,2,0,0,5,2,0,5,1,2,0,0,0,8,1,1,50.0,Matches
Remy Rees-Dottin,engENG,FW,Bournemouth,18-343,2006,0.0,0,0,0,0,0,0,0,0,0,0,0,0,0,0,0,,Matches
Sergio Reguilón,esESP,DF,Tottenham,28-058,1996,1.4,2,0,0,2,5,0,10,2,3,0,0,0,9,5,2,71.4,Matches
Bobby Reid,jmJAM,"FW,MF",Leicester City,32-010,1993,4.9,1,0,0,6,8,2,10,0,3,1,0,0,18,3,9,25.0,Matches
Chadi Riad,maMAR,DF,Crystal Palace,21-240,2003,1.0,0,0,0,1,0,0,0,2,2,0,0,0,4,2,4,33.3,Matches
Declan Rice,engENG,MF,Arsenal,26-029,1999,19.3,5,1,1,15,12,1,117,16,15,0,0,0,93,22,17,56.4,Matches
Chris Richards,usUSA,DF,Crystal Palace,24-321,2000,10.9,1,0,0,7,3,1,1,9,16,0,0,0,31,18,25,41.9,Matches
Richarlison,brBRA,FW,Tottenham,27-278,1997,3.1,1,0,0,4,7,1,7,0,3,0,0,0,8,7,14,33.3,Matches
Andrew Robertson,sctSCO,DF,Liverpool,30-338,1994,18.3,2,1,0,7,5,0,109,11,17,0,1,0,77,3,7,30.0,Matches
Antonee Robinson,usUSA,DF,Fulham,27-188,1997,24.0,5,0,0,21,16,4,120,45,42,0,0,0,102,28,19,59.6,Matches
Rodri,esESP,MF,Manchester City,28-235,1996,0.7,0,0,0,1,2,0,0,1,1,0,0,0,7,1,0,100.0,Matches
Guido Rodríguez,arARG,MF,West Ham,30-306,1994,11.3,5,0,0,15,11,1,4,12,16,0,0,0,46,8,7,53.3,Matches
Mads Roerslev,dkDEN,DF,Brentford,25-233,1999,12.2,2,0,0,6,10,0,31,4,8,0,0,0,39,10,14,41.7,Matches
Morgan Rogers,engENG,"MF,FW",Aston Villa,22-201,2002,21.1,8,0,0,38,31,2,12,4,11,1,0,0,76,7,32,17.9,Matches
Cristian Romero,arARG,DF,Tottenham,26-291,1998,10.8,1,0,0,7,9,1,3,13,23,0,0,0,63,27,23,54.0,Matches
Georginio Rutter,frFRA,"FW,MF",Brighton,22-298,2002,14.1,2,0,0,27,36,6,9,7,10,0,1,0,51,20,34,37.0,Matches
José Sá,ptPOR,GK,Wolves,32-026,1993,17.0,1,0,0,2,6,0,0,0,2,0,2,0,23,6,0,100.0,Matches
Bukayo Saka,engENG,"FW,MF",Arsenal,23-160,2001,14.1,3,0,0,13,32,3,99,2,13,1,0,0,56,8,16,33.3,Matches
Mohamed Salah,egEGY,FW,Liverpool,32-242,1992,22.5,1,0,0,15,28,7,43,4,8,0,0,0,58,4,6,40.0,Matches
William Saliba,frFRA,DF,Arsenal,23-325,2001,21.3,2,1,0,19,10,1,1,14,27,0,1,0,98,31,27,53.4,Matches
Robert Sánchez,esESP,GK,Chelsea,27-086,1997,21.0,5,0,0,2,2,0,0,2,0,0,2,0,33,5,0,100.0,Matches
Jadon Sancho,engENG,FW,Chelsea,24-324,2000,12.4,1,0,0,3,7,4,14,1,5,1,0,0,61,0,6,0.0,Matches
Ibrahim Sangaré,ciCIV,MF,Nott'ham Forest,27-072,1997,2.5,2,0,0,7,4,0,0,2,9,0,0,0,20,5,3,62.5,Matches
Pablo Sarabia,esESP,"MF,FW",Wolves,32-277,1992,4.7,2,0,0,8,10,4,22,4,6,0,0,0,16,3,5,37.5,Matches
Jeremy Sarmiento,ecECU,MF,Brighton,22-241,2002,0.1,0,0,0,0,0,0,0,0,0,0,0,0,1,0,0,,Matches
Ismaila Sarr,snSEN,"MF,FW",Crystal Palace,26-353,1998,17.7,3,0,0,10,33,6,35,6,8,1,0,0,69,21,31,40.4,Matches
Sávio,brBRA,"FW,MF",Manchester City,20-308,2004,13.0,2,0,0,14,15,1,63,4,10,2,0,0,51,0,2,0.0,Matches
Oliver Scarles,engENG,DF,West Ham,19-062,2005,1.3,0,0,0,1,0,1,4,1,2,0,0,0,9,2,2,50.0,Matches
Dane Scarlett,engENG,FW,Tottenham,20-325,2004,0.1,0,0,0,0,0,1,0,0,0,0,0,0,1,0,0,,Matches
Kevin Schade,deGER,FW,Brentford,23-077,2001,12.9,2,0,0,10,18,11,19,3,17,0,0,0,39,53,37,58.9,Matches
Fabian Schär,chSUI,DF,Newcastle Utd,33-054,1991,18.8,5,1,0,17,8,3,6,27,13,0,0,0,92,26,37,41.3,Matches
Jeffrey Schlupp,ghGHA,"MF,DF",Crystal Palace,32-051,1992,1.1,0,0,0,1,0,0,4,0,0,0,0,0,6,3,4,42.9,Matches
Alex Scott,engENG,MF,Bournemouth,21-175,2003,2.9,0,0,0,2,13,0,0,6,7,0,0,0,24,1,5,16.7,Matches
Matz Sels,beBEL,GK,Nott'ham Forest,32-352,1992,24.0,2,0,0,0,7,0,0,0,1,0,0,0,7,12,1,92.3,Matches
Nélson Semedo,ptPOR,DF,Wolves,31-088,1993,18.9,7,0,0,34,16,3,33,7,24,0,1,0,76,20,23,46.5,Matches
Antoine Semenyo,ghGHA,FW,Bournemouth,25-036,2000,22.4,5,0,0,45,28,8,41,5,20,1,0,0,111,42,48,46.7,Matches
Marcos Senesi,arARG,DF,Bournemouth,27-278,1997,10.2,4,0,0,17,7,0,7,11,21,0,0,0,62,20,22,47.6,Matches
Ryan Sessegnon,engENG,"MF,FW",Fulham,24-270,2000,0.2,0,0,0,2,0,0,0,1,0,0,0,0,1,0,1,0.0,Matches
Luke Shaw,engENG,DF,Manchester Utd,29-215,1995,0.8,0,0,0,0,0,0,0,1,2,0,0,0,4,0,0,,Matches
Zain Silcott-Duberry,msMSR,FW,Bournemouth,19-218,2005,0.0,0,0,0,0,0,0,0,0,1,0,0,0,0,0,1,0.0,Matches
Bernardo Silva,ptPOR,"MF,FW",Manchester City,30-186,1994,21.3,5,0,0,18,21,2,45,16,24,0,0,0,70,3,7,30.0,Matches
Jota Silva,ptPOR,"FW,MF",Nott'ham Forest,25-195,1999,7.9,4,0,0,18,20,5,19,12,11,1,0,0,39,18,22,45.0,Matches
Eric da Silva Moreira,deGER,"MF,DF",Nott'ham Forest,18-285,2006,0.3,0,0,0,0,0,0,0,1,2,0,0,0,2,0,0,,Matches
Jahmai Simpson-Pusey,engENG,DF,Manchester City,19-100,2005,1.1,1,0,0,0,1,0,0,0,0,0,0,0,3,1,3,25.0,Matches
Luis Sinisterra,coCOL,"FW,MF",Bournemouth,25-240,1999,2.3,0,0,0,3,2,1,5,0,1,0,0,0,14,1,6,14.3,Matches
Oliver Skipp,engENG,MF,Leicester City,24-149,2000,8.5,4,0,0,11,11,0,2,8,4,0,0,0,31,8,3,72.7,Matches
William Smallbone,ieIRL,MF,Southampton,24-357,2000,3.6,0,0,0,4,2,0,19,0,3,0,0,0,11,3,1,75.0,Matches
Adam Smith,engENG,DF,Bournemouth,33-289,1991,11.5,4,0,0,8,9,0,18,11,8,0,0,0,34,8,11,42.1,Matches
Emile Smith Rowe,engENG,MF,Fulham,24-199,2000,15.9,1,0,0,11,11,4,11,8,14,0,0,0,45,5,14,26.3,Matches
Dominic Solanke,engENG,FW,Tottenham,27-151,1997,17.8,0,0,0,27,28,4,4,0,9,0,0,1,30,33,43,43.4,Matches
Carlos Soler,esESP,"MF,FW",West Ham,28-041,1997,11.0,5,0,0,21,11,0,23,5,10,0,0,0,48,6,10,37.5,Matches
Ramón Sosa,pyPAR,"FW,MF",Nott'ham Forest,25-165,1999,2.7,1,0,0,6,6,3,7,3,2,0,0,0,18,4,6,40.0,Matches
Tomáš Souček,czCZE,MF,West Ham,29-351,1995,18.9,7,0,0,31,16,2,8,13,14,1,0,0,41,69,53,56.6,Matches
Boubakary Soumaré,frFRA,MF,Leicester City,25-351,1999,13.3,8,0,0,19,11,0,6,16,13,0,0,0,82,15,6,71.4,Matches
Djed Spence,engENG,DF,Tottenham,24-187,2000,7.6,3,1,1,8,7,1,10,9,22,0,0,0,35,11,7,61.1,Matches
Jay Stansfield,engENG,MF,Fulham,22-080,2002,0.0,0,0,0,1,0,0,0,0,0,0,0,0,0,0,0,,Matches
Jason Steele,engENG,GK,Brighton,34-178,1990,2.0,0,0,0,0,1,0,0,0,0,0,0,0,7,1,1,50.0,Matches
Jack Stephens,engENG,DF,Southampton,31-016,1994,8.9,2,2,0,8,2,1,0,5,10,0,0,0,25,4,5,44.4,Matches
Raheem Sterling,engENG,"FW,MF",Arsenal,30-066,1994,2.4,1,0,0,5,3,1,6,1,4,0,0,0,6,0,3,0.0,Matches
Ross Stewart,sctSCO,"FW,MF",Southampton,28-216,1996,1.5,1,0,0,3,5,1,0,0,0,0,0,0,2,4,7,36.4,Matches
Jakub Stolarczyk,plPOL,GK,Leicester City,24-055,2000,6.0,1,0,0,0,0,0,0,0,1,0,0,0,7,3,0,100.0,Matches
John Stones,engENG,"DF,MF",Manchester City,30-260,1994,5.1,1,0,0,2,1,0,0,3,2,0,0,0,19,7,6,53.8,Matches
Jørgen Strand Larsen,noNOR,FW,Wolves,25-006,2000,20.4,2,0,0,30,12,12,4,4,4,0,0,0,31,47,67,41.2,Matches
Yukinari Sugawara,jpJPN,DF,Southampton,24-229,2000,13.0,4,0,0,11,9,4,57,10,13,0,1,0,34,2,8,20.0,Matches
Kamaldeen Sulemana,ghGHA,"FW,MF",Southampton,22-363,2002,3.4,0,0,0,4,4,1,6,3,7,0,0,0,16,2,8,20.0,Matches
Crysencio Summerville,nlNED,"FW,MF",West Ham,23-105,2001,8.7,2,0,0,9,23,4,21,0,7,0,0,0,38,4,9,30.8,Matches
Sammie Szmodics,ieIRL,"FW,MF",Ipswich Town,29-141,1995,10.9,2,0,0,9,8,8,13,6,9,0,1,0,41,6,11,35.3,Matches
Dominik Szoboszlai,huHUN,MF,Liverpool,24-110,2000,16.2,6,0,0,27,14,1,26,8,9,0,0,0,86,16,12,57.1,Matches
Matt Targett,engENG,DF,Newcastle Utd,29-147,1995,0.1,0,0,0,0,0,0,0,1,0,0,0,0,1,0,0,,Matches
James Tarkowski,engENG,DF,Everton,32-085,1992,22.9,4,0,0,25,14,1,0,26,31,0,1,0,76,74,23,76.3,Matches
Marcus Tavernier,engENG,"FW,MF",Bournemouth,25-327,1999,13.1,2,0,0,14,14,3,72,3,19,0,0,0,67,10,25,28.6,Matches
Charlie Taylor,engENG,DF,Southampton,31-147,1993,3.0,1,0,0,2,2,0,9,3,5,0,0,0,7,4,2,66.7,Matches
Jack Taylor,ieIRL,MF,Ipswich Town,26-234,1998,4.6,3,0,0,9,2,0,5,4,3,0,0,0,31,6,3,66.7,Matches
Kenny Tete,nlNED,DF,Fulham,29-126,1995,14.0,3,0,0,23,12,0,19,28,27,0,0,0,49,15,11,57.7,Matches
Thiago,brBRA,FW,Brentford,23-231,2001,1.5,0,0,0,3,3,1,1,2,2,0,0,0,9,4,3,57.1,Matches
Luke Thomas,engENG,DF,Leicester City,23-247,2001,2.0,0,0,0,0,1,0,3,2,5,0,0,0,7,2,3,40.0,Matches
Youri Tielemans,beBEL,MF,Aston Villa,27-281,1997,22.7,4,0,0,32,39,0,95,18,40,0,0,0,97,14,16,46.7,Matches
Kieran Tierney,sctSCO,"FW,DF",Arsenal,27-252,1997,0.2,0,0,0,0,0,0,1,0,0,0,0,0,0,1,0,100.0,Matches
Jurriën Timber,nlNED,DF,Arsenal,23-240,2001,19.5,7,0,0,24,18,5,19,14,24,0,0,0,71,11,16,40.7,Matches
Jean-Clair Todibo,frFRA,DF,West Ham,25-044,1999,9.6,0,0,0,6,3,0,1,11,15,0,0,0,41,15,14,51.7,Matches
Harry Toffolo,engENG,DF,Nott'ham Forest,29-177,1995,0.5,0,0,0,0,0,0,3,1,0,0,0,0,2,1,0,100.0,Matches
Takehiro Tomiyasu,jpJPN,DF,Arsenal,26-099,1998,0.1,0,0,0,0,0,0,0,0,0,0,0,0,0,0,0,,Matches
Sandro Tonali,itITA,MF,Newcastle Utd,24-280,2000,16.2,5,0,0,25,32,2,24,22,20,1,0,0,104,8,8,50.0,Matches
Pau Torres,esESP,DF,Aston Villa,28-027,1997,17.2,1,0,0,6,6,0,1,6,13,0,0,0,52,14,21,40.0,Matches
Conor Townsend,engENG,"DF,MF",Ipswich Town,31-345,1993,0.5,0,0,0,0,0,0,2,1,3,0,0,0,2,0,1,0.0,Matches
Adama Traoré,esESP,FW,Fulham,29-018,1996,12.6,2,0,0,16,24,1,66,1,6,0,0,0,55,20,15,57.1,Matches
Mark Travers,ieIRL,GK,Bournemouth,25-270,1999,5.0,0,0,0,0,1,0,0,0,0,0,0,0,3,1,0,100.0,Matches
Ryan Trevitt,engENG,MF,Brentford,21-337,2003,0.0,0,0,0,0,0,0,0,0,1,0,0,0,2,0,0,,Matches
Kieran Trippier,engENG,DF,Newcastle Utd,34-146,1990,6.0,1,0,0,10,3,1,34,6,8,0,0,0,33,11,8,57.9,Matches
Leandro Trossard,beBEL,FW,Arsenal,30-070,1994,16.1,3,1,1,11,23,3,57,9,13,0,0,0,64,3,13,18.8,Matches
Kostas Tsimikas,grGRE,DF,Liverpool,28-276,1996,3.8,1,0,0,5,1,0,28,4,7,0,0,0,16,4,3,57.1,Matches
Axel Tuanzebe,cdCOD,DF,Ipswich Town,27-090,1997,10.9,3,0,0,6,7,0,4,12,13,0,0,0,28,10,9,52.6,Matches
Destiny Udogie,itITA,DF,Tottenham,22-076,2002,15.9,2,0,0,22,30,1,17,17,31,0,0,0,83,11,13,45.8,Matches
Manuel Ugarte Ribeiro,uyURU,MF,Manchester Utd,23-307,2001,12.0,8,0,0,28,19,0,1,17,32,0,0,1,68,9,13,40.9,Matches
Lesley Ugochukwu,frFRA,MF,Southampton,20-323,2004,8.3,3,0,0,18,7,0,5,4,16,0,1,0,33,11,7,61.1,Matches
Enes Ünal,trTUR,"FW,MF",Bournemouth,27-278,1997,3.8,2,0,0,6,9,1,4,0,0,0,0,0,16,24,22,52.2,Matches
Virgil van Dijk,nlNED,DF,Liverpool,33-219,1991,23.0,2,0,0,9,8,0,1,36,13,0,0,0,80,69,24,74.2,Matches
Jamie Vardy,engENG,FW,Leicester City,38-032,1987,19.7,4,0,0,15,9,16,7,3,8,1,0,0,20,34,31,52.3,Matches
Renato Veiga,ptPOR,"DF,MF",Chelsea,21-198,2003,2.0,2,0,0,6,1,1,0,1,6,0,0,0,9,3,3,50.0,Matches
Joël Veltman,nlNED,DF,Brighton,33-028,1992,17.3,4,0,0,26,41,0,23,17,28,0,1,0,65,21,18,53.8,Matches
Micky van de Ven,nlNED,DF,Tottenham,23-299,2001,8.8,4,0,0,8,6,0,0,9,5,0,0,0,54,16,16,50.0,Matches
Bart Verbruggen,nlNED,GK,Brighton,22-178,2002,22.0,4,0,0,0,1,0,0,0,0,0,0,0,43,9,1,90.0,Matches
Jannik Vestergaard,dkDEN,DF,Leicester City,32-193,1992,14.0,5,0,0,12,4,0,0,15,9,0,0,0,41,25,15,62.5,Matches
Guglielmo Vicario,itITA,GK,Tottenham,28-128,1996,12.0,1,0,0,0,1,0,0,1,0,0,0,0,19,4,0,100.0,Matches
Carlos Vinícius,brBRA,MF,Fulham,29-324,1995,0.0,0,0,0,0,0,0,0,0,0,0,0,0,0,0,0,,Matches
Kyle Walker,engENG,DF,Manchester City,34-260,1990,10.8,3,0,0,6,5,1,14,3,10,0,0,0,46,9,7,56.3,Matches
Kyle Walker-Peters,engENG,DF,Southampton,27-305,1997,21.8,5,0,0,21,34,1,38,13,20,0,0,0,87,8,15,34.8,Matches
Christian Walton,engENG,GK,Ipswich Town,29-095,1995,6.0,0,0,0,0,1,0,0,0,0,0,0,0,5,2,0,100.0,Matches
Aaron Wan-Bissaka,engENG,DF,West Ham,27-078,1997,22.0,1,0,0,17,16,3,43,43,31,0,0,1,118,13,22,37.1,Matches
Danny Ward,wlsWAL,GK,Leicester City,31-235,1993,1.5,0,0,0,0,0,0,0,0,0,0,0,0,1,0,0,,Matches
James Ward-Prowse,engENG,MF,West Ham,30-103,1994,0.2,0,0,0,0,0,0,3,0,0,0,0,0,0,0,0,,Matches
James Ward-Prowse,engENG,MF,Nott'ham Forest,30-103,1994,4.4,2,1,1,7,2,0,19,5,1,0,0,0,19,3,5,37.5,Matches
Ollie Watkins,engENG,FW,Aston Villa,29-044,1995,18.2,0,0,0,23,25,5,6,4,3,1,0,0,27,31,35,47.0,Matches
Adam Webster,engENG,DF,Brighton,30-039,1995,1.9,0,0,0,2,0,1,1,2,2,0,0,0,7,6,2,75.0,Matches
Danny Welbeck,engENG,FW,Brighton,34-078,1990,15.1,2,0,0,8,17,2,3,5,8,0,0,0,29,12,13,48.0,Matches
Welington,brBRA,DF,Southampton,23-359,2001,0.9,1,0,0,1,2,0,8,2,1,0,0,0,6,0,1,0.0,Matches
Timo Werner,deGER,"FW,MF",Tottenham,28-343,1996,5.6,0,0,0,3,5,5,28,1,4,0,0,0,18,0,1,0.0,Matches
Adam Wharton,engENG,MF,Crystal Palace,20-255,2004,6.9,0,0,0,5,12,0,16,11,10,0,0,0,53,5,11,31.3,Matches
Ben White,engENG,DF,Arsenal,27-127,1997,7.7,2,0,0,7,3,1,7,11,6,0,0,0,20,10,3,76.9,Matches
Mats Wieffer,nlNED,MF,Brighton,25-088,1999,5.2,2,0,0,14,5,0,1,7,11,0,0,0,41,16,9,64.0,Matches
Neco Williams,wlsWAL,DF,Nott'ham Forest,23-305,2001,14.8,4,0,0,14,23,1,19,18,24,0,0,0,54,23,13,63.9,Matches
Joe Willock,engENG,"MF,FW",Newcastle Utd,25-176,1999,6.9,2,0,0,12,10,2,9,3,11,0,0,0,20,1,8,11.1,Matches
Callum Wilson,engENG,"FW,MF",Newcastle Utd,32-351,1992,0.7,1,0,0,0,1,0,0,0,1,0,0,0,2,0,3,0.0,Matches
Harry Wilson,wlsWAL,"FW,MF",Fulham,27-327,1997,9.3,2,0,0,10,15,0,30,5,6,1,0,0,37,4,16,20.0,Matches
Harry Winks,engENG,MF,Leicester City,29-010,1996,16.2,4,0,0,9,12,0,32,8,11,0,0,0,99,7,6,53.8,Matches
Ben Winterburn,engENG,MF,Bournemouth,20-161,2004,0.1,0,0,0,0,0,0,0,0,0,0,0,0,1,1,0,100.0,Matches
Yoane Wissa,cdCOD,FW,Brentford,28-162,1996,18.5,2,0,0,17,29,8,15,6,4,0,0,0,41,20,22,47.6,Matches
Chris Wood,nzNZL,FW,Nott'ham Forest,33-067,1991,21.3,1,0,0,14,15,20,1,4,3,0,0,0,28,65,85,43.3,Matches
Nathan Wood-Gordon,engENG,DF,Southampton,22-257,2002,6.4,2,0,0,7,4,0,3,4,6,0,0,0,18,10,7,58.8,Matches
Luke Woolfenden,engENG,DF,Ipswich Town,26-114,1998,8.2,2,0,0,4,1,0,0,16,2,0,0,0,25,9,10,47.4,Matches
Yehor Yarmoliuk,uaUKR,"MF,FW",Brentford,20-348,2004,6.9,2,0,0,3,4,2,10,7,15,0,0,0,56,5,2,71.4,Matches
Ryan Yates,engENG,MF,Nott'ham Forest,27-083,1997,16.2,6,0,0,39,38,5,3,19,18,0,0,0,70,34,21,61.8,Matches
Leny Yoro,frFRA,DF,Manchester Utd,19-091,2005,6.1,2,0,0,5,1,1,0,13,4,0,0,0,18,7,9,43.8,Matches
Ashley Young,engENG,DF,Everton,39-218,1985,16.5,5,1,0,24,15,0,55,21,26,0,0,0,59,8,10,44.4,Matches
Illia Zabarnyi,uaUKR,DF,Bournemouth,22-164,2002,24.0,3,0,0,13,4,0,4,24,26,0,0,0,116,53,26,67.1,Matches
Oleksandr Zinchenko,uaUKR,"DF,MF",Arsenal,28-059,1996,2.7,1,0,0,7,1,0,5,3,0,0,0,0,13,6,6,50.0,Matches
Joshua Zirkzee,nlNED,"FW,MF",Manchester Utd,23-266,2001,9.8,1,0,0,7,7,2,4,4,5,1,0,0,33,17,36,32.1,Matches
Martin Ødegaard,noNOR,MF,Arsenal,26-057,1998,14.3,2,0,0,8,14,0,47,2,9,0,0,0,53,6,3,66.7,Matches
