,Performance,Aerial Duels,,Rk,Player,Nation,Pos,Squad,Age,Born,90s,CrdY,CrdR,2CrdY,Fls,Fld,Off,Crs,Int,TklW,PKwon,PKcon,OG,Recov,Won,Lost,Won%,Matches
1,Max Aarons,eng ENG,DF,Bournemouth,25-022,2000,1.0,0,0,0,0,2,0,2,1,2,0,0,0,7,0,0,,Matches,,,,
2,Joshua Acheampong,eng ENG,DF,Chelsea,18-266,2006,1.8,0,0,0,0,1,0,0,1,1,0,0,0,7,1,6,14.3,Matches,,,,
3,Tyler Adams,us USA,MF,Bournemouth,25-347,1999,8.6,4,0,0,18,8,0,0,23,29,0,1,0,39,13,7,65.0,Matches,,,,
4,Tosin Adarabioyo,eng ENG,DF,Chelsea,27-124,1997,8.1,2,0,0,4,2,1,0,3,9,0,0,0,24,19,12,61.3,Matches,,,,
5,Simon Adingra,ci CIV,"FW,MF",Brighton,23-025,2002,6.1,0,0,0,9,0,0,18,6,6,0,0,0,30,3,1,75.0,Matches,,,,
6,Emmanuel Agbadou,ci CIV,DF,Wolves,27-223,1997,3.0,1,0,0,0,1,1,0,3,8,0,0,0,23,7,4,63.6,Matches,,,,
7,Asher Agbinone,eng ENG,MF,Crystal Palace,19-120,2005,0.1,0,0,0,0,0,0,1,0,1,0,0,0,0,0,1,0.0,Matches,,,,
8,Ola Aina,ng NGA,DF,Nott'ham Forest,28-110,1996,22.1,2,0,0,14,25,2,33,28,34,0,0,0,129,8,14,36.4,Matches,,,,
9,Rayan Aït-Nouri,dz ALG,DF,Wolves,23-234,2001,20.9,6,1,1,22,22,2,45,15,31,0,0,0,96,12,19,38.7,Matches,,,,
10,Kristoffer Ajer,no NOR,DF,Brentford,26-284,1998,8.0,3,0,0,8,4,0,6,6,7,0,0,0,21,13,13,50.0,Matches,,,,
11,Manuel Akanji,ch SUI,DF,Manchester City,29-191,1995,18.0,3,0,0,15,9,0,11,6,10,0,0,0,83,21,29,42.0,Matches,,,,
12,Nathan Aké,nl NED,DF,Manchester City,29-343,1995,6.7,0,0,0,2,0,0,1,3,7,0,0,0,22,13,10,56.5,Matches,,,,
13,Carlos Alcaraz,ar ARG,MF,Southampton,22-057,2002,0.1,0,0,0,1,0,0,1,1,0,0,0,0,2,1,0,100.0,Matches,,,,
14,Trent Alexander-Arnold,eng ENG,DF,Liverpool,26-111,1998,18.5,4,0,0,9,6,1,128,23,35,0,0,0,98,2,11,15.4,Matches,,,,
15,Alisson,br BRA,GK,Liverpool,32-116,1992,13.9,0,0,0,0,1,0,0,0,0,0,0,0,23,5,0,100.0,Matches,,,,
16,Miguel Almirón,py PAR,FW,Newcastle Utd,30-351,1994,1.7,0,0,0,1,3,2,0,0,2,0,0,0,4,0,2,0.0,Matches,,,,
17,Edson Álvarez,mx MEX,MF,West Ham,27-094,1997,12.7,7,1,1,24,15,0,3,13,16,0,0,0,66,18,12,60.0,Matches,,,,
18,Will Alves,eng ENG,FW,Leicester City,19-358,2005,0.0,0,0,0,0,0,0,0,0,0,0,0,0,0,0,0,,Matches,,,,
19,Samuel Amo-Ameyaw,eng ENG,"FW,DF",Southampton,18-192,2006,0.3,1,0,0,1,2,0,2,0,0,0,0,0,1,0,1,0.0,Matches,,,,
20,Joachim Andersen,dk DEN,DF,Crystal Palace,28-240,1996,1.0,1,0,0,2,0,0,1,0,1,0,0,0,7,2,0,100.0,Matches,,,,
21,Joachim Andersen,dk DEN,DF,Fulham,28-240,1996,12.7,2,1,0,11,10,0,3,15,8,0,0,0,60,27,22,55.1,Matches,,,,
22,Elliot Anderson,eng ENG,MF,Nott'ham Forest,22-081,2002,16.3,5,0,0,26,31,2,55,17,36,0,0,0,118,23,12,65.7,Matches,,,,
23,André,br BRA,MF,Wolves,23-194,2001,13.6,3,0,0,18,19,0,0,16,34,0,1,0,82,1,6,14.3,Matches,,,,
24,Michail Antonio,jm JAM,FW,West Ham,34-304,1990,9.3,1,0,0,12,7,4,25,0,2,0,0,0,22,17,22,43.6,Matches,,,,
25,Antony,br BRA,"DF,MF",Manchester Utd,24-337,2000,1.6,0,0,0,2,5,0,5,2,3,0,0,0,11,0,1,0.0,Matches,,,,
Rk,Player,Nation,Pos,Squad,Age,Born,90s,CrdY,CrdR,2CrdY,Fls,Fld,Off,Crs,Int,TklW,PKwon,PKcon,OG,Recov,Won,Lost,Won%,Matches,,,,
26,Julian Araujo,mx MEX,DF,Bournemouth,23-166,2001,3.9,1,0,0,4,1,0,4,4,3,0,0,0,24,2,6,25.0,Matches,,,,
27,Cameron Archer,eng ENG,FW,Southampton,23-189,2001,11.6,0,0,0,10,10,5,3,2,5,0,0,0,25,8,19,29.6,Matches,,,,
28,Alphonse Areola,fr FRA,GK,West Ham,31-334,1993,10.1,0,0,0,0,0,0,0,0,1,0,0,1,16,2,0,100.0,Matches,,,,
29,Joe Aribo,ng NGA,MF,Southampton,28-189,1996,15.3,1,0,0,15,21,1,8,11,16,0,1,0,80,16,14,53.3,Matches,,,,
30,Adam Armstrong,eng ENG,"FW,MF",Southampton,27-351,1997,13.9,4,0,0,12,5,9,14,3,3,0,0,0,23,5,9,35.7,Matches,,,,
31,Harrison Armstrong,eng ENG,MF,Everton,18-007,2007,0.5,1,0,0,2,2,0,1,0,0,0,0,0,2,0,2,0.0,Matches,,,,
32,Kepa Arrizabalaga,es ESP,GK,Bournemouth,30-115,1994,16.0,2,0,0,0,3,0,0,0,0,0,0,0,32,3,1,75.0,Matches,,,,
33,Brandon Austin,eng ENG,GK,Tottenham,26-018,1999,1.0,0,0,0,0,2,0,0,0,0,0,0,0,1,2,0,100.0,Matches,,,,
34,Taiwo Awoniyi,ng NGA,FW,Nott'ham Forest,27-167,1997,2.8,0,0,0,7,7,1,1,0,2,0,0,0,13,8,23,25.8,Matches,,,,
35,Yasin Ayari,se SWE,MF,Brighton,21-112,2003,14.1,3,0,0,26,18,3,50,13,21,0,0,0,84,7,14,33.3,Matches,,,,
36,Jordan Ayew,gh GHA,"FW,MF",Crystal Palace,33-137,1991,0.2,1,0,0,1,0,0,1,0,0,0,0,0,1,1,1,50.0,Matches,,,,
37,Jordan Ayew,gh GHA,"FW,MF",Leicester City,33-137,1991,11.0,4,0,0,20,36,3,28,11,9,0,0,0,58,23,35,39.7,Matches,,,,
38,Benoît Badiashile,fr FRA,DF,Chelsea,23-306,2001,2.8,0,0,0,6,2,0,0,6,4,0,0,0,15,6,1,85.7,Matches,,,,
39,Leon Bailey,jm JAM,"FW,MF",Aston Villa,27-170,1997,10.3,2,0,0,9,16,3,30,3,3,1,0,0,48,4,7,36.4,Matches,,,,
40,Carlos Baleba,cm CMR,MF,Brighton,21-023,2004,16.9,7,1,1,26,29,0,4,31,26,0,2,0,114,23,14,62.2,Matches,,,,
41,Ross Barkley,eng ENG,MF,Aston Villa,31-052,1993,6.2,3,0,0,8,3,0,1,9,3,0,0,0,40,6,4,60.0,Matches,,,,
42,Harvey Barnes,eng ENG,FW,Newcastle Utd,27-048,1997,8.7,0,0,0,8,11,2,23,4,6,0,0,0,29,3,8,27.3,Matches,,,,
43,Calvin Bassey,ng NGA,DF,Fulham,25-026,1999,21.0,5,0,0,13,19,2,3,12,18,0,0,0,94,26,25,51.0,Matches,,,,
44,Jan Bednarek,pl POL,DF,Southampton,28-289,1996,18.8,4,0,0,23,8,0,0,37,13,0,0,0,78,44,28,61.1,Matches,,,,
45,Jean-Ricner Bellegarde,fr FRA,"MF,FW",Wolves,26-213,1998,9.6,3,0,0,17,21,1,16,8,9,0,0,0,31,3,13,18.8,Matches,,,,
46,Rodrigo Bentancur,uy URU,MF,Tottenham,27-215,1997,7.6,5,0,0,17,3,0,1,17,10,0,0,0,55,15,10,60.0,Matches,,,,
47,Sander Berge,no NOR,MF,Fulham,26-347,1998,11.6,2,0,0,12,2,0,1,15,19,0,0,0,70,16,8,66.7,Matches,,,,
48,Lucas Bergvall,se SWE,MF,Tottenham,18-359,2006,5.2,3,0,0,11,8,0,12,10,14,0,0,0,35,4,7,36.4,Matches,,,,
49,Victor Bernth Kristiansen,dk DEN,DF,Leicester City,22-041,2002,18.5,1,0,0,11,13,1,60,25,35,0,0,1,68,15,31,32.6,Matches,,,,
50,Beto,gw GNB,FW,Everton,26-361,1998,3.5,1,0,0,12,8,5,1,0,2,0,0,0,7,21,26,44.7,Matches,,,,
Rk,Player,Nation,Pos,Squad,Age,Born,90s,CrdY,CrdR,2CrdY,Fls,Fld,Off,Crs,Int,TklW,PKwon,PKcon,OG,Recov,Won,Lost,Won%,Matches,,,,
51,Philip Billing,dk DEN,MF,Bournemouth,28-229,1996,2.0,1,0,0,3,2,0,10,5,5,0,0,0,14,6,4,60.0,Matches,,,,
52,Yves Bissouma,ml MLI,MF,Tottenham,28-149,1996,10.8,5,0,0,17,14,0,1,13,21,0,1,0,58,3,6,33.3,Matches,,,,
53,Lamare Bogarde,nl NED,"DF,MF",Aston Villa,21-021,2004,3.0,1,0,0,5,5,0,0,1,6,0,0,0,8,1,4,20.0,Matches,,,,
54,Willy Boly,ci CIV,DF,Nott'ham Forest,33-358,1991,1.3,1,0,0,1,0,0,0,2,1,0,0,0,2,5,2,71.4,Matches,,,,
55,Sven Botman,nl NED,DF,Newcastle Utd,25-014,2000,2.5,1,0,0,4,2,0,0,4,3,0,0,0,8,9,5,64.3,Matches,,,,
56,Jarrod Bowen,eng ENG,"FW,MF",West Ham,28-037,1996,18.4,1,0,0,15,23,5,75,11,15,0,0,0,89,6,22,21.4,Matches,,,,
57,Conor Bradley,nir NIR,DF,Liverpool,21-201,2003,2.7,1,0,0,4,4,0,1,2,2,0,0,0,17,2,1,66.7,Matches,,,,
58,Jarrad Branthwaite,eng ENG,DF,Everton,22-213,2002,13.1,3,0,0,2,7,1,1,16,11,0,0,0,42,17,24,41.5,Matches,,,,
59,James Bree,eng ENG,DF,Southampton,27-107,1997,6.4,0,0,0,1,1,0,17,5,8,0,0,0,34,11,3,78.6,Matches,,,,
60,Ben Brereton,cl CHI,FW,Southampton,25-283,1999,5.0,1,0,0,4,8,1,5,0,2,0,0,0,16,9,7,56.3,Matches,,,,
61,Nathan Broadhead,wls WAL,"MF,FW",Ipswich Town,26-296,1998,3.5,1,0,0,2,7,1,5,3,2,0,0,0,13,0,6,0.0,Matches,,,,
62,Armando Broja,al ALB,FW,Everton,23-138,2001,1.8,1,0,0,4,2,2,1,0,1,0,0,0,5,9,7,56.3,Matches,,,,
63,David Brooks,wls WAL,FW,Bournemouth,27-202,1997,5.6,3,0,0,6,9,0,30,4,1,0,0,0,32,4,8,33.3,Matches,,,,
64,Emi Buendía,ar ARG,"MF,FW",Aston Villa,28-032,1996,0.9,1,0,0,3,6,0,0,0,5,0,0,0,8,0,1,0.0,Matches,,,,
65,Santiago Bueno,uy URU,DF,Wolves,26-078,1998,14.8,0,0,0,21,3,0,0,13,13,0,0,0,36,31,25,55.4,Matches,,,,
66,Facundo Buonanotte,ar ARG,"FW,MF",Leicester City,20-034,2004,12.6,5,0,0,24,26,3,32,8,21,0,0,0,65,8,22,26.7,Matches,,,,
67,Cameron Burgess,au AUS,DF,Ipswich Town,29-097,1995,10.0,0,0,0,2,2,0,0,9,7,0,0,0,30,31,14,68.9,Matches,,,,
68,Dan Burn,eng ENG,DF,Newcastle Utd,32-262,1992,22.0,6,0,0,16,8,3,1,15,14,0,0,1,61,77,46,62.6,Matches,,,,
69,Wes Burns,wls WAL,"FW,DF",Ipswich Town,30-064,1994,10.3,1,0,0,4,11,0,46,10,11,0,0,0,50,8,21,27.6,Matches,,,,
70,Moisés Caicedo,ec ECU,MF,Chelsea,23-085,2001,22.6,6,0,0,47,32,0,8,33,40,1,1,0,137,24,10,70.6,Matches,,,,
71,Tom Cairney,sct SCO,MF,Fulham,34-006,1991,4.3,2,1,0,6,14,0,12,4,2,0,0,0,32,3,6,33.3,Matches,,,,
72,Jens Cajuste,se SWE,MF,Ipswich Town,25-169,1999,10.7,2,0,0,13,10,0,6,13,9,0,0,0,48,3,8,27.3,Matches,,,,
73,Riccardo Calafiori,it ITA,DF,Arsenal,22-252,2002,8.4,3,0,0,14,6,2,9,9,17,0,0,0,29,19,10,65.5,Matches,,,,
74,Dominic Calvert-Lewin,eng ENG,FW,Everton,27-316,1997,17.5,2,0,0,27,22,27,6,6,7,0,0,0,32,83,79,51.2,Matches,,,,
75,Diego Carlos,br BRA,DF,Aston Villa,31-317,1993,9.2,1,0,0,11,1,1,0,5,3,0,0,0,36,11,10,52.4,Matches,,,,
Rk,Player,Nation,Pos,Squad,Age,Born,90s,CrdY,CrdR,2CrdY,Fls,Fld,Off,Crs,Int,TklW,PKwon,PKcon,OG,Recov,Won,Lost,Won%,Matches,,,,
76,Fabio Carvalho,pt POR,"FW,MF",Brentford,22-149,2002,4.8,1,0,0,5,10,1,10,3,9,0,0,0,28,2,6,25.0,Matches,,,,
77,Casemiro,br BRA,MF,Manchester Utd,32-338,1992,9.3,1,0,0,9,13,3,16,8,26,0,0,0,58,18,11,62.1,Matches,,,,
78,Kaelan Casey,eng ENG,DF,West Ham,20-090,2004,0.0,0,0,0,0,0,0,0,0,0,0,0,0,0,1,0,100.0,Matches,,,,
79,Matty Cash,pl POL,DF,Aston Villa,27-172,1997,13.0,5,0,0,19,8,1,16,16,19,0,2,0,42,12,11,52.2,Matches,,,,
80,Timothy Castagne,be BEL,DF,Fulham,29-052,1995,8.0,1,0,0,3,2,1,19,10,11,0,1,0,27,19,21,47.5,Matches,,,,
81,Trevoh Chalobah,eng ENG,DF,Crystal Palace,25-205,1999,11.8,1,0,0,10,15,1,7,19,16,0,0,0,56,22,19,53.7,Matches,,,,
82,Trevoh Chalobah,eng ENG,DF,Chelsea,25-205,1999,2.0,0,0,0,1,2,0,1,4,1,0,0,0,5,7,3,70.0,Matches,,,,
83,Conor Chaplin,eng ENG,"MF,FW",Ipswich Town,27-345,1997,6.8,1,0,0,10,5,0,9,3,5,0,0,0,23,1,8,11.1,Matches,,,,
84,Federico Chiesa,it ITA,FW,Liverpool,27-093,1997,0.3,0,0,0,1,1,0,1,0,0,0,0,0,3,0,0,,Matches,,,,
85,Chiquinho,pt POR,MF,Wolves,24-356,2000,0.1,0,0,0,1,0,0,1,0,0,0,0,0,1,0,0,,Matches,,,,
86,Hamza Choudhury,eng ENG,"MF,DF",Leicester City,27-117,1997,1.5,0,0,0,1,0,0,5,5,1,0,0,0,2,0,0,,Matches,,,,
87,Ryan Christie,sct SCO,MF,Bournemouth,29-339,1995,18.6,8,0,0,37,25,1,34,24,27,0,0,0,142,13,22,37.1,Matches,,,,
88,Harry Clarke,eng ENG,DF,Ipswich Town,23-330,2001,4.2,3,1,1,5,1,0,5,4,3,0,1,0,17,10,4,71.4,Matches,,,,
89,Jack Clarke,eng ENG,"FW,MF",Ipswich Town,24-064,2000,6.7,1,0,0,12,15,2,9,4,11,0,0,0,39,4,10,28.6,Matches,,,,
90,Nathaniel Clyne,eng ENG,"DF,MF",Crystal Palace,33-296,1991,4.4,1,0,0,2,2,0,5,3,7,0,0,0,5,1,7,12.5,Matches,,,,
91,Conor Coady,eng ENG,DF,Leicester City,31-336,1993,7.9,1,0,0,3,0,0,0,7,4,0,1,0,19,8,9,47.1,Matches,,,,
92,Séamus Coleman,ie IRL,DF,Everton,36-107,1988,2.2,1,0,0,0,1,0,3,1,1,0,0,0,7,1,1,50.0,Matches,,,,
93,Nathan Collins,ie IRL,DF,Brentford,23-271,2001,22.0,2,0,0,13,16,5,5,20,16,1,0,0,100,74,39,65.5,Matches,,,,
94,Toby Collyer,eng ENG,MF,Manchester Utd,21-023,2004,1.2,0,0,0,2,3,0,0,0,6,0,0,0,7,1,1,50.0,Matches,,,,
95,Levi Colwill,eng ENG,DF,Chelsea,21-335,2003,21.0,6,0,0,22,15,2,9,24,13,0,1,0,62,43,32,57.3,Matches,,,,
96,Lewis Cook,eng ENG,"MF,DF",Bournemouth,27-358,1997,20.6,5,0,0,39,4,2,95,28,31,0,0,0,121,23,21,52.3,Matches,,,,
97,Maxwel Cornet,ci CIV,FW,Southampton,28-121,1996,0.8,1,0,0,0,1,1,3,0,5,0,0,0,2,3,0,100.0,Matches,,,,
98,Vladimír Coufal,cz CZE,DF,West Ham,32-157,1992,6.4,2,0,0,15,7,0,16,3,8,0,0,1,18,14,9,60.9,Matches,,,,
99,Aaron Cresswell,eng ENG,DF,West Ham,35-042,1989,1.3,1,0,0,1,0,0,10,1,0,0,0,0,4,3,1,75.0,Matches,,,,
100,Marc Cucurella,es ESP,DF,Chelsea,26-188,1998,19.0,8,1,1,22,22,2,21,16,21,0,0,0,82,17,35,32.7,Matches,,,,
Rk,Player,Nation,Pos,Squad,Age,Born,90s,CrdY,CrdR,2CrdY,Fls,Fld,Off,Crs,Int,TklW,PKwon,PKcon,OG,Recov,Won,Lost,Won%,Matches,,,,
101,Jorge Cuenca,es ESP,DF,Fulham,25-070,1999,1.0,0,0,0,0,1,0,0,1,1,0,0,0,3,3,1,75.0,Matches,,,,
102,Matheus Cunha,br BRA,"MF,FW",Wolves,25-244,1999,19.8,2,0,0,28,43,8,89,15,15,0,0,0,96,9,17,34.6,Matches,,,,
103,Patson Daka,zm ZAM,"FW,MF",Leicester City,26-109,1998,2.9,0,0,0,2,8,1,0,0,2,0,0,0,6,4,10,28.6,Matches,,,,
104,Diogo Dalot,pt POR,DF,Manchester Utd,25-314,1999,20.6,4,0,0,29,7,3,34,28,30,0,1,0,121,22,14,61.1,Matches,,,,
105,Mikkel Damsgaard,dk DEN,"MF,FW",Brentford,24-207,2000,17.9,1,0,0,8,18,3,60,19,27,0,0,0,97,9,13,40.9,Matches,,,,
106,Danilo,br BRA,MF,Nott'ham Forest,23-272,2001,0.2,0,0,0,1,0,0,0,0,0,0,0,0,1,0,0,,Matches,,,,
107,Jayden Danns,eng ENG,MF,Liverpool,19-010,2006,0.1,0,0,0,0,0,0,0,0,0,0,0,0,0,0,0,,Matches,,,,
108,Ben Davies,wls WAL,DF,Tottenham,31-277,1993,4.0,1,0,0,4,3,0,1,5,3,0,0,0,11,14,16,46.7,Matches,,,,
109,Leif Davis,eng ENG,DF,Ipswich Town,25-014,2000,22.5,5,0,0,21,24,3,108,18,22,0,2,0,95,24,20,54.5,Matches,,,,
110,Craig Dawson,eng ENG,DF,Wolves,34-265,1990,10.8,2,0,0,6,5,2,0,9,3,0,0,2,35,21,11,65.6,Matches,,,,
111,Kevin De Bruyne,be BEL,MF,Manchester City,33-212,1991,11.0,2,0,0,10,11,4,81,5,4,0,0,0,40,3,11,21.4,Matches,,,,
112,Liam Delap,eng ENG,FW,Ipswich Town,21-353,2003,18.6,7,0,0,48,32,10,0,2,6,2,0,0,38,33,41,44.6,Matches,,,,
113,Sepp van den Berg,nl NED,DF,Brentford,23-037,2001,16.9,1,0,0,12,4,1,6,14,15,1,0,0,49,52,49,51.5,Matches,,,,
114,Justin Devenny,nir NIR,MF,Crystal Palace,21-107,2003,3.0,0,0,0,2,0,1,13,0,7,0,0,0,12,1,5,16.7,Matches,,,,
115,Kiernan Dewsbury-Hall,eng ENG,MF,Chelsea,26-142,1998,1.5,0,0,0,2,2,0,1,1,2,0,0,0,3,0,1,0.0,Matches,,,,
116,Amad Diallo,ci CIV,"FW,MF",Manchester Utd,22-199,2002,15.7,3,0,0,15,20,8,33,11,25,1,0,0,84,8,13,38.1,Matches,,,,
117,Rúben Dias,pt POR,DF,Manchester City,27-257,1997,13.1,3,0,0,6,4,0,2,14,5,0,0,1,40,18,14,56.3,Matches,,,,
118,Luis Díaz,co COL,FW,Liverpool,28-013,1997,14.9,2,0,0,31,18,6,12,3,9,1,0,0,54,7,20,25.9,Matches,,,,
119,Tyler Dibling,eng ENG,"FW,MF",Southampton,18-320,2006,13.7,6,0,0,21,36,0,22,5,14,2,0,0,50,4,14,22.2,Matches,,,,
120,Lucas Digne,fr FRA,DF,Aston Villa,31-190,1993,18.2,3,0,0,17,9,5,113,24,27,0,0,0,74,21,18,53.8,Matches,,,,
121,Issa Diop,fr FRA,DF,Fulham,28-017,1997,11.9,2,0,0,7,3,0,1,5,10,0,0,1,35,17,9,65.4,Matches,,,,
122,Axel Disasi,fr FRA,DF,Chelsea,26-321,1998,4.0,1,0,0,2,0,0,0,2,4,0,0,0,15,5,2,71.4,Matches,,,,
123,Roman Dixon,eng ENG,DF,Everton,20-031,2004,1.0,0,0,0,0,0,0,0,1,5,0,0,0,6,0,3,0.0,Matches,,,,
124,Matt Doherty,ie IRL,DF,Wolves,33-010,1992,11.9,3,0,0,10,5,2,15,14,11,0,0,1,61,27,9,75.0,Matches,,,,
125,Jeremy Doku,be BEL,"FW,MF",Manchester City,22-244,2002,8.8,0,0,0,3,18,4,30,2,12,0,0,0,36,0,7,0.0,Matches,,,,
Rk,Player,Nation,Pos,Squad,Age,Born,90s,CrdY,CrdR,2CrdY,Fls,Fld,Off,Crs,Int,TklW,PKwon,PKcon,OG,Recov,Won,Lost,Won%,Matches,,,,
126,Nicolás Domínguez,ar ARG,"MF,FW",Nott'ham Forest,26-212,1998,12.2,6,0,0,18,11,1,1,20,20,0,0,0,59,11,13,45.8,Matches,,,,
127,Alfie Dorrington,eng ENG,DF,Tottenham,19-281,2005,0.2,0,0,0,0,0,0,0,0,0,0,0,0,3,0,0,,Matches,,,,
128,Abdoulaye Doucouré,ml MLI,MF,Everton,32-025,1993,17.7,2,0,0,34,2,8,14,6,19,0,0,0,93,19,22,46.3,Matches,,,,
129,Cheick Doucouré,ml MLI,MF,Crystal Palace,25-018,2000,5.0,1,0,0,7,7,0,1,11,8,0,0,0,31,5,5,50.0,Matches,,,,
130,Flynn Downes,eng ENG,MF,Southampton,26-006,1999,15.9,9,0,0,37,29,0,2,22,19,0,0,0,53,11,9,55.0,Matches,,,,
131,Tommy Doyle,eng ENG,MF,Wolves,23-101,2001,4.9,1,0,0,5,5,0,13,5,5,0,0,0,37,1,5,16.7,Matches,,,,
132,Radu Drăgușin,ro ROU,DF,Tottenham,22-358,2002,12.9,1,0,0,6,10,0,0,14,6,0,0,0,45,29,22,56.9,Matches,,,,
133,Martin Dúbravka,sk SVK,GK,Newcastle Utd,36-011,1989,8.0,0,0,0,0,1,0,0,0,0,0,0,0,14,3,0,100.0,Matches,,,,
134,Lewis Dunk,eng ENG,DF,Brighton,33-066,1991,16.4,4,0,0,5,8,2,2,10,6,0,0,0,80,37,22,62.7,Matches,,,,
135,Jhon Durán,co COL,FW,Aston Villa,21-044,2003,6.8,3,1,0,14,15,5,3,0,7,0,0,0,17,19,18,51.4,Matches,,,,
136,Ederson,br BRA,GK,Manchester City,31-162,1993,15.0,3,0,0,1,0,0,0,1,0,0,1,0,26,2,1,66.7,Matches,,,,
137,George Edmundson,eng ENG,DF,Ipswich Town,27-148,1997,0.0,0,0,0,0,0,0,0,0,0,0,0,0,0,0,0,,Matches,,,,
138,Odsonne Édouard,fr FRA,"MF,FW",Crystal Palace,27-010,1998,1.3,0,0,0,4,0,2,1,0,0,0,0,0,5,1,4,20.0,Matches,,,,
139,Odsonne Édouard,fr FRA,FW,Leicester City,27-010,1998,0.3,0,0,0,2,0,0,0,0,1,0,0,0,1,1,1,50.0,Matches,,,,
140,Samuel Edozie,eng ENG,"DF,FW",Southampton,21-364,2003,0.7,1,0,0,2,1,0,4,0,1,0,0,0,1,0,0,,Matches,,,,
141,Ronnie Edwards,eng ENG,DF,Southampton,21-304,2003,0.1,0,0,0,0,0,0,0,0,0,0,0,0,0,0,0,,Matches,,,,
142,Anthony Elanga,se SWE,"FW,MF",Nott'ham Forest,22-274,2002,15.2,1,0,0,4,24,10,104,5,8,0,0,0,54,14,23,37.8,Matches,,,,
143,Harvey Elliott,eng ENG,"MF,FW",Liverpool,21-297,2003,0.9,0,0,0,0,0,1,9,0,2,0,0,0,3,0,0,,Matches,,,,
144,Yunus Emre Konak,tr TUR,"MF,FW",Brentford,19-016,2006,0.2,0,0,0,2,0,0,0,0,1,0,0,0,1,2,2,50.0,Matches,,,,
145,Julio Enciso,py PAR,MF,Ipswich Town,21-003,2004,0.1,1,0,0,1,1,0,1,0,0,0,0,0,1,0,0,,Matches,,,,
146,Julio Enciso,py PAR,"MF,FW",Brighton,21-003,2004,3.3,0,0,0,3,7,0,20,0,0,0,0,0,15,6,5,54.5,Matches,,,,
147,Wataru Endo,jp JPN,MF,Liverpool,31-352,1993,0.9,0,0,0,6,4,0,0,2,3,0,0,0,7,0,2,0.0,Matches,,,,
148,Christian Eriksen,dk DEN,MF,Manchester Utd,32-347,1992,7.0,2,0,0,5,2,0,48,5,5,0,0,0,39,1,4,20.0,Matches,,,,
149,Pervis Estupiñán,ec ECU,DF,Brighton,27-005,1998,15.7,3,0,0,24,12,3,83,18,27,0,0,0,92,24,18,57.1,Matches,,,,
150,Evanilson,br BRA,FW,Bournemouth,25-112,1999,15.2,0,0,0,23,34,11,0,0,4,5,0,0,43,26,46,36.1,Matches,,,,
Rk,Player,Nation,Pos,Squad,Age,Born,90s,CrdY,CrdR,2CrdY,Fls,Fld,Off,Crs,Int,TklW,PKwon,PKcon,OG,Recov,Won,Lost,Won%,Matches,,,,
151,Jonny Evans,nir NIR,DF,Manchester Utd,37-023,1988,3.2,1,0,0,5,6,0,0,4,5,0,0,0,15,8,3,72.7,Matches,,,,
152,Eberechi Eze,eng ENG,"MF,FW",Crystal Palace,26-211,1998,16.6,1,0,0,6,31,5,69,7,16,0,0,0,84,3,26,10.3,Matches,,,,
153,Łukasz Fabiański,pl POL,GK,West Ham,39-283,1985,11.9,2,0,0,2,1,0,0,0,0,0,2,0,5,2,1,66.7,Matches,,,,
154,Wout Faes,be BEL,DF,Leicester City,26-298,1998,16.3,3,0,0,12,5,1,2,13,16,0,0,0,47,31,17,64.6,Matches,,,,
155,Abdul Fatawu Issahaku,gh GHA,FW,Leicester City,20-324,2004,6.4,0,0,0,11,20,2,30,4,15,0,0,0,38,14,13,51.9,Matches,,,,
156,João Félix,pt POR,"FW,MF",Chelsea,25-077,1999,4.1,2,0,0,6,17,1,0,3,3,0,0,0,22,4,5,44.4,Matches,,,,
157,Evan Ferguson,ie IRL,FW,Brighton,20-099,2004,2.5,0,0,0,3,1,0,0,0,2,0,0,0,8,4,7,36.4,Matches,,,,
158,Bruno Fernandes,pt POR,"MF,FW",Manchester Utd,30-140,1994,19.4,3,2,1,18,26,2,92,15,25,0,0,0,109,12,22,35.3,Matches,,,,
159,Mateus Fernandes,pt POR,MF,Southampton,20-200,2004,18.3,7,0,0,29,29,2,75,12,29,0,0,0,94,11,7,61.1,Matches,,,,
160,Enzo Fernández,ar ARG,MF,Chelsea,24-009,2001,17.8,3,0,0,27,26,0,51,7,22,0,0,0,85,6,20,23.1,Matches,,,,
161,Mark Flekken,nl NED,GK,Brentford,31-227,1993,21.4,1,0,0,0,2,0,0,0,2,0,0,0,28,4,0,100.0,Matches,,,,
162,Phil Foden,eng ENG,"MF,FW",Manchester City,24-243,2000,14.4,2,0,0,4,24,3,58,8,3,0,0,0,47,3,7,30.0,Matches,,,,
163,Wesley Fofana,fr FRA,DF,Chelsea,24-040,2000,11.3,6,0,0,19,15,0,1,12,12,0,0,0,49,23,10,69.7,Matches,,,,
164,Carlos Forbs,pt POR,"MF,FW",Wolves,20-313,2004,2.6,2,0,0,2,1,0,9,1,5,0,0,0,11,1,3,25.0,Matches,,,,
165,Fraser Forster,eng ENG,GK,Tottenham,36-315,1988,7.0,0,0,0,0,0,0,0,0,0,0,0,0,1,1,0,100.0,Matches,,,,
166,Ryan Fraser,sct SCO,"FW,DF",Southampton,30-337,1994,3.4,0,1,0,1,4,1,12,1,2,0,1,0,10,2,3,40.0,Matches,,,,
167,Niclas Füllkrug,de GER,FW,West Ham,31-352,1993,4.1,1,0,0,9,3,4,0,0,2,0,0,0,4,20,24,45.5,Matches,,,,
168,Cody Gakpo,nl NED,FW,Liverpool,25-264,1999,13.7,4,0,0,14,16,4,52,6,11,0,0,0,49,12,13,48.0,Matches,,,,
169,Idrissa Gana Gueye,sn SEN,MF,Everton,35-122,1989,18.5,4,0,0,31,27,0,4,27,43,0,0,0,102,13,8,61.9,Matches,,,,
170,Alejandro Garnacho,ar ARG,"FW,MF",Manchester Utd,20-209,2004,12.8,1,0,0,6,23,5,28,7,10,0,0,0,68,1,18,5.3,Matches,,,,
171,James Garner,eng ENG,"DF,MF",Everton,23-319,2001,3.0,1,0,0,4,1,0,6,4,8,0,0,0,15,1,3,25.0,Matches,,,,
172,Tyrique George,eng ENG,FW,Chelsea,18-357,2006,0.1,1,0,0,0,0,1,0,0,0,0,0,0,0,0,0,,Matches,,,,
173,Morgan Gibbs-White,eng ENG,MF,Nott'ham Forest,24-365,2000,16.7,7,1,1,26,25,4,20,11,10,0,0,0,78,26,31,45.6,Matches,,,,
174,Billy Gilmour,sct SCO,MF,Brighton,23-229,2001,1.1,0,0,0,2,3,0,1,0,3,0,0,0,5,0,0,,Matches,,,,
175,Ben Godfrey,eng ENG,DF,Ipswich Town,27-011,1998,0.7,0,0,0,0,0,0,0,0,0,0,0,0,2,2,0,100.0,Matches,,,,
Rk,Player,Nation,Pos,Squad,Age,Born,90s,CrdY,CrdR,2CrdY,Fls,Fld,Off,Crs,Int,TklW,PKwon,PKcon,OG,Recov,Won,Lost,Won%,Matches,,,,
176,Martial Godo,eng ENG,FW,Fulham,21-318,2003,0.2,0,0,0,0,0,0,1,1,0,0,0,0,0,0,1,0.0,Matches,,,,
177,João Gomes,br BRA,MF,Wolves,23-349,2001,20.6,8,1,1,51,20,1,18,18,38,0,0,0,119,8,17,32.0,Matches,,,,
178,Rodrigo Gomes,pt POR,"DF,FW",Wolves,21-203,2003,6.1,0,0,0,2,4,0,18,4,11,0,0,0,19,4,14,22.2,Matches,,,,
179,Toti Gomes,pt POR,DF,Wolves,26-010,1999,14.0,4,0,0,11,9,3,6,7,23,0,1,0,51,24,10,70.6,Matches,,,,
180,Diego Gómez,py PAR,MF,Brighton,21-305,2003,0.0,0,0,0,0,0,0,0,0,0,0,0,0,0,0,1,0.0,Matches,,,,
181,Joe Gomez,eng ENG,DF,Liverpool,27-248,1997,5.8,1,0,0,2,3,0,2,7,10,0,0,0,34,9,4,69.2,Matches,,,,
182,Anthony Gordon,eng ENG,FW,Newcastle Utd,23-337,2001,19.6,1,0,0,16,48,4,93,6,14,1,0,0,82,5,6,45.5,Matches,,,,
183,Ryan Gravenberch,nl NED,MF,Liverpool,22-255,2002,21.1,4,0,0,31,31,0,4,36,19,0,0,0,116,17,5,77.3,Matches,,,,
184,Archie Gray,eng ENG,DF,Tottenham,18-320,2006,8.7,0,0,0,5,3,0,2,6,4,0,0,1,38,8,4,66.7,Matches,,,,
185,Jack Grealish,eng ENG,"FW,MF",Manchester City,29-138,1995,6.8,3,0,0,3,21,0,20,2,5,0,0,0,20,1,6,14.3,Matches,,,,
186,Jacob Greaves,eng ENG,DF,Ipswich Town,24-136,2000,13.0,2,0,0,6,11,1,0,16,9,0,0,0,26,41,20,67.2,Matches,,,,
187,Brajan Gruda,de GER,"FW,MF",Brighton,20-240,2004,4.1,0,0,0,3,6,1,13,2,4,0,0,0,15,2,3,40.0,Matches,,,,
188,Gonçalo Guedes,pt POR,"MF,FW",Wolves,28-058,1996,6.9,1,0,0,14,13,0,16,4,4,0,0,0,29,3,7,30.0,Matches,,,,
189,Marc Guéhi,eng ENG,DF,Crystal Palace,24-197,2000,21.0,5,0,0,10,16,0,7,13,18,0,0,2,95,52,31,62.7,Matches,,,,
190,Luis Guilherme,br BRA,"MF,FW",West Ham,18-352,2006,0.6,0,0,0,0,2,0,3,1,0,0,0,0,3,1,1,50.0,Matches,,,,
191,Bruno Guimarães,br BRA,MF,Newcastle Utd,27-071,1997,22.2,3,0,0,35,78,0,15,21,31,0,0,0,111,12,10,54.5,Matches,,,,
192,Marc Guiu,es ESP,FW,Chelsea,19-022,2006,0.4,0,0,0,0,0,0,0,0,0,0,0,0,0,0,0,,Matches,,,,
193,İlkay Gündoğan,de GER,MF,Manchester City,34-094,1990,14.9,1,0,0,10,17,0,44,12,10,0,0,0,74,11,6,64.7,Matches,,,,
194,Malo Gusto,fr FRA,DF,Chelsea,21-252,2003,14.1,3,0,0,13,13,1,35,15,21,0,0,0,76,6,10,37.5,Matches,,,,
195,Joško Gvardiol,hr CRO,DF,Manchester City,23-003,2002,21.5,1,0,0,10,15,2,17,23,22,0,0,0,83,32,21,60.4,Matches,,,,
196,Erling Haaland,no NOR,FW,Manchester City,24-189,2000,22.6,2,0,0,15,12,4,3,4,4,0,0,0,18,40,33,54.8,Matches,,,,
197,Lewis Hall,eng ENG,DF,Newcastle Utd,20-140,2004,20.4,3,0,0,7,18,1,95,16,27,0,0,0,98,29,26,52.7,Matches,,,,
198,Ali Al Hamadi,iq IRQ,FW,Ipswich Town,22-331,2002,1.5,3,0,0,8,3,1,0,0,0,0,0,0,4,5,9,35.7,Matches,,,,
199,Marcus Harness,eng ENG,MF,Ipswich Town,28-337,1996,0.5,0,0,0,0,0,1,0,0,0,0,0,0,2,0,0,,Matches,,,,
200,Jack Harrison,eng ENG,FW,Everton,28-067,1996,11.1,0,0,0,7,15,3,38,5,12,0,0,0,39,3,11,21.4,Matches,,,,
Rk,Player,Nation,Pos,Squad,Age,Born,90s,CrdY,CrdR,2CrdY,Fls,Fld,Off,Crs,Int,TklW,PKwon,PKcon,OG,Recov,Won,Lost,Won%,Matches,,,,
201,Taylor Harwood-Bellis,eng ENG,DF,Southampton,22-362,2002,20.6,7,0,0,23,11,0,9,24,13,0,0,0,85,39,24,61.9,Matches,,,,
202,Kai Havertz,de GER,"FW,MF",Arsenal,25-229,1999,19.4,4,0,0,36,19,13,11,6,9,0,0,0,37,60,71,45.8,Matches,,,,
203,Jan Paul van Hecke,nl NED,DF,Brighton,24-232,2000,19.9,4,0,0,15,11,0,10,17,19,0,0,0,87,48,35,57.8,Matches,,,,
204,Hwang Hee-chan,kr KOR,"MF,FW",Wolves,29-000,1996,6.8,0,0,0,5,8,0,8,2,4,0,0,0,26,3,7,30.0,Matches,,,,
205,Dean Henderson,eng ENG,GK,Crystal Palace,27-320,1997,22.0,2,0,0,0,0,0,0,0,1,0,0,0,16,8,1,88.9,Matches,,,,
206,Rico Henry,eng ENG,DF,Brentford,27-202,1997,0.0,0,0,0,0,0,0,0,1,0,0,0,0,1,1,0,100.0,Matches,,,,
207,Mads Hermansen,dk DEN,GK,Leicester City,24-199,2000,15.5,0,0,0,0,2,0,0,0,1,0,0,0,9,2,1,66.7,Matches,,,,
208,Son Heung-min,kr KOR,FW,Tottenham,32-202,1992,15.6,0,0,0,3,17,10,40,4,6,0,0,0,55,4,8,33.3,Matches,,,,
209,James Hill,eng ENG,"DF,MF",Bournemouth,23-016,2002,2.0,0,0,0,4,4,0,6,4,2,0,0,0,5,3,4,42.9,Matches,,,,
210,Jack Hinshelwood,eng ENG,"MF,DF",Brighton,19-290,2005,9.5,2,0,0,8,2,0,21,4,9,0,0,0,30,5,7,41.7,Matches,,,,
211,George Hirst,eng ENG,FW,Ipswich Town,25-346,1999,2.4,1,0,0,5,2,0,1,0,1,0,0,0,3,13,7,65.0,Matches,,,,
212,Mason Holgate,eng ENG,"FW,DF",Everton,28-096,1996,0.1,0,0,0,0,0,0,0,0,0,0,0,0,0,0,1,0.0,Matches,,,,
213,Callum Hudson-Odoi,eng ENG,"FW,MF",Nott'ham Forest,24-080,2000,16.9,1,0,0,7,13,7,52,12,10,1,0,0,59,1,10,9.1,Matches,,,,
214,Will Hughes,eng ENG,MF,Crystal Palace,29-284,1995,13.8,7,0,0,39,17,0,47,10,27,0,1,0,72,9,10,47.4,Matches,,,,
215,Dean Huijsen,es ESP,DF,Bournemouth,19-287,2005,12.8,4,0,0,12,3,1,5,27,17,0,0,0,59,34,25,57.6,Matches,,,,
216,Omari Hutchinson,eng ENG,"MF,FW",Ipswich Town,21-088,2003,19.7,4,0,0,20,29,3,42,7,9,0,0,0,66,6,20,23.1,Matches,,,,
217,Rasmus Højlund,dk DEN,FW,Manchester Utd,21-357,2003,11.5,1,0,0,8,17,7,4,1,0,1,0,0,20,16,44,26.7,Matches,,,,
218,Igor,br BRA,DF,Brighton,26-354,1998,10.0,4,0,0,9,6,0,2,4,4,0,0,0,40,8,6,57.1,Matches,,,,
219,Danny Ings,eng ENG,FW,West Ham,32-187,1992,2.7,0,0,0,0,1,0,3,1,2,1,0,0,6,8,7,53.3,Matches,,,,
220,Tim Iroegbunam,eng ENG,MF,Everton,21-210,2003,4.3,2,0,0,10,6,0,0,8,9,0,0,0,33,5,1,83.3,Matches,,,,
221,Andy Irving,sct SCO,MF,West Ham,24-258,2000,1.0,1,0,0,2,0,0,0,0,3,0,0,0,4,0,1,0.0,Matches,,,,
222,Alexander Isak,se SWE,FW,Newcastle Utd,25-127,1999,19.0,1,0,0,18,10,15,11,1,3,1,0,0,36,17,35,32.7,Matches,,,,
223,Alex Iwobi,ng NGA,"FW,MF",Fulham,28-268,1996,20.5,1,0,0,12,15,2,62,7,16,0,0,0,80,3,21,12.5,Matches,,,,
224,Nicolas Jackson,sn SEN,FW,Chelsea,23-220,2001,18.7,5,0,0,21,22,15,3,2,9,0,0,0,35,12,25,32.4,Matches,,,,
225,Reece James,eng ENG,DF,Chelsea,25-049,1999,4.7,0,0,0,4,5,0,20,5,6,0,0,0,20,16,4,80.0,Matches,,,,
Rk,Player,Nation,Pos,Squad,Age,Born,90s,CrdY,CrdR,2CrdY,Fls,Fld,Off,Crs,Int,TklW,PKwon,PKcon,OG,Recov,Won,Lost,Won%,Matches,,,,
226,Vitaly Janelt,de GER,MF,Brentford,26-261,1998,17.4,2,0,0,16,10,0,22,18,12,0,0,0,80,12,7,63.2,Matches,,,,
227,Vitezslav Jaros,cz CZE,GK,Liverpool,23-187,2001,0.1,0,0,0,0,0,0,0,0,0,0,0,0,0,0,0,,Matches,,,,
228,Daniel Jebbison,eng ENG,"FW,MF",Bournemouth,21-166,2003,0.5,1,0,0,1,2,0,1,1,0,0,0,0,3,2,3,40.0,Matches,,,,
229,Mathias Jensen,dk DEN,MF,Brentford,29-025,1996,7.1,1,0,0,6,9,0,26,4,7,0,0,0,33,6,3,66.7,Matches,,,,
230,Gabriel Jesus,br BRA,FW,Arsenal,27-298,1997,6.8,4,0,0,14,10,9,7,4,6,0,0,0,28,9,18,33.3,Matches,,,,
231,Raúl Jiménez,mx MEX,FW,Fulham,33-266,1991,15.4,3,0,0,23,26,11,13,8,11,1,0,0,35,39,54,41.9,Matches,,,,
232,Kim Jisoo,kr KOR,DF,Brentford,20-033,2004,0.3,0,0,0,1,0,0,0,0,0,0,0,0,0,0,0,,Matches,,,,
233,João Pedro,br BRA,"FW,MF",Brighton,23-122,2001,14.4,3,0,0,13,32,0,16,5,6,1,1,0,35,25,25,50.0,Matches,,,,
234,Joelinton,br BRA,"MF,FW",Newcastle Utd,28-165,1996,20.6,8,0,0,44,25,6,14,19,28,0,0,0,123,41,32,56.2,Matches,,,,
235,Ben Johnson,eng ENG,"DF,FW",Ipswich Town,25-002,2000,9.2,2,0,0,14,5,1,15,11,15,0,0,0,30,13,9,59.1,Matches,,,,
236,Brennan Johnson,wls WAL,FW,Tottenham,23-248,2001,16.6,3,0,0,19,14,5,38,4,20,1,0,0,42,7,14,33.3,Matches,,,,
237,Sam Johnstone,eng ENG,GK,Wolves,31-307,1993,7.0,0,0,0,0,0,0,0,0,0,0,0,0,9,4,0,100.0,Matches,,,,
238,Curtis Jones,eng ENG,MF,Liverpool,23-362,2001,10.0,1,0,0,9,16,0,4,3,11,1,0,0,43,7,5,58.3,Matches,,,,
239,Jorginho,it ITA,MF,Arsenal,33-037,1991,5.1,3,0,0,8,12,0,0,5,3,0,0,0,37,1,3,25.0,Matches,,,,
240,Diogo Jota,pt POR,FW,Liverpool,28-053,1996,7.0,1,0,0,10,9,0,7,4,4,1,0,0,24,16,20,44.4,Matches,,,,
241,James Justin,eng ENG,DF,Leicester City,26-338,1998,20.1,2,0,0,10,28,2,33,29,21,0,0,0,47,39,34,53.4,Matches,,,,
242,Filip Jørgensen,dk DEN,GK,Chelsea,22-285,2002,2.0,0,0,0,1,0,0,0,0,0,0,1,0,2,0,0,,Matches,,,,
243,Ferdi Kadioglu,tr TUR,"DF,MF",Brighton,25-111,1999,4.3,1,0,0,5,3,1,9,8,6,0,0,0,14,3,1,75.0,Matches,,,,
244,Daichi Kamada,jp JPN,MF,Crystal Palace,28-174,1996,9.6,2,1,0,20,12,2,19,13,15,0,0,0,42,2,8,20.0,Matches,,,,
245,Boubacar Kamara,fr FRA,MF,Aston Villa,25-064,1999,9.5,2,0,0,14,15,0,1,11,12,0,0,0,44,7,9,43.8,Matches,,,,
246,Michael Keane,eng ENG,DF,Everton,32-015,1993,9.0,4,0,0,9,0,0,1,10,7,0,0,0,23,19,14,57.6,Matches,,,,
247,Caoimhín Kelleher,ie IRL,GK,Liverpool,26-064,1998,8.0,0,0,0,0,1,0,0,0,0,0,0,0,15,1,0,100.0,Matches,,,,
248,Lloyd Kelly,eng ENG,DF,Newcastle Utd,26-112,1998,3.3,2,0,0,5,5,1,1,1,4,0,0,0,18,6,2,75.0,Matches,,,,
249,Milos Kerkez,hu HUN,DF,Bournemouth,21-080,2003,22.2,3,0,0,20,24,0,68,25,19,0,0,0,102,13,30,30.2,Matches,,,,
250,Bilal El Khannouss,ma MAR,MF,Leicester City,20-261,2004,10.3,1,0,0,18,3,0,31,4,13,0,0,0,33,11,7,61.1,Matches,,,,
Rk,Player,Nation,Pos,Squad,Age,Born,90s,CrdY,CrdR,2CrdY,Fls,Fld,Off,Crs,Int,TklW,PKwon,PKcon,OG,Recov,Won,Lost,Won%,Matches,,,,
251,Abdukodir Khusanov,uz UZB,DF,Manchester City,20-332,2004,0.6,1,0,0,1,1,0,0,0,0,0,0,0,2,0,1,0.0,Matches,,,,
252,Max Kilman,eng ENG,DF,West Ham,27-248,1997,21.2,3,0,0,8,7,1,0,25,8,0,0,0,97,62,27,69.7,Matches,,,,
253,Joshua King,eng ENG,"MF,FW",Fulham,18-023,2007,0.9,0,0,0,2,2,0,1,1,3,0,0,0,3,0,0,,Matches,,,,
254,Antonín Kinský,cz CZE,GK,Tottenham,21-319,2003,2.0,0,0,0,0,0,0,0,0,1,0,0,0,2,1,0,100.0,Matches,,,,
255,Jakub Kiwior,pl POL,DF,Arsenal,24-346,2000,3.6,0,0,0,5,1,0,0,1,2,0,0,0,9,5,3,62.5,Matches,,,,
256,Justin Kluivert,nl NED,"MF,FW",Bournemouth,25-266,1999,16.0,6,0,0,30,16,6,43,11,8,1,0,0,53,6,16,27.3,Matches,,,,
257,Ibrahima Konaté,fr FRA,DF,Liverpool,25-246,1999,14.5,4,0,0,14,9,0,0,8,13,0,0,0,57,46,13,78.0,Matches,,,,
258,Ezri Konsa,eng ENG,DF,Aston Villa,27-095,1997,19.1,0,0,0,2,26,0,5,12,13,0,0,0,54,16,13,55.2,Matches,,,,
259,Mateo Kovačić,hr CRO,MF,Manchester City,30-265,1994,16.2,5,0,0,18,15,0,0,12,24,0,0,0,73,7,4,63.6,Matches,,,,
260,Caleb Kporha,eng ENG,DF,Crystal Palace,18-195,2006,0.1,0,0,0,0,0,0,2,0,1,0,0,0,1,0,1,0.0,Matches,,,,
261,Emil Krafth,se SWE,DF,Newcastle Utd,30-177,1994,2.7,0,0,0,2,1,0,0,2,1,0,0,0,11,4,3,57.1,Matches,,,,
262,Mohammed Kudus,gh GHA,"MF,FW",West Ham,24-177,2000,15.4,0,1,0,18,32,14,40,2,14,0,0,0,69,4,17,19.0,Matches,,,,
263,Dejan Kulusevski,se SWE,"MF,FW",Tottenham,24-276,2000,19.7,3,0,0,33,29,5,80,10,17,0,0,0,91,7,9,43.8,Matches,,,,
264,Maxence Lacroix,fr FRA,DF,Crystal Palace,24-295,2000,19.0,3,0,0,21,12,1,4,36,24,0,0,0,88,32,27,54.2,Matches,,,,
265,Adam Lallana,eng ENG,MF,Southampton,36-261,1988,3.7,4,0,0,7,8,0,4,4,5,0,0,0,17,1,2,33.3,Matches,,,,
266,Tariq Lamptey,gh GHA,DF,Brighton,24-118,2000,4.8,0,0,0,4,4,0,14,4,6,0,0,0,20,1,6,14.3,Matches,,,,
267,Will Lankshear,eng ENG,FW,Tottenham,19-281,2005,0.1,0,0,0,0,0,0,0,0,0,0,0,0,0,0,0,,Matches,,,,
268,Roméo Lavia,be BEL,MF,Chelsea,21-020,2004,5.9,4,0,0,10,3,0,0,11,10,0,1,0,28,7,2,77.8,Matches,,,,
269,Mario Lemina,ga GAB,"MF,DF",Wolves,31-147,1993,15.2,4,0,0,17,8,4,10,27,31,0,1,0,73,25,16,61.0,Matches,,,,
270,Bernd Leno,de GER,GK,Fulham,32-328,1992,22.0,2,0,0,0,2,0,0,0,2,0,0,0,34,4,0,100.0,Matches,,,,
271,Jefferson Lerma,co COL,MF,Crystal Palace,30-093,1994,12.4,4,0,0,18,22,0,4,20,4,0,0,0,86,20,27,42.6,Matches,,,,
272,Rico Lewis,eng ENG,"DF,MF",Manchester City,20-066,2004,15.6,5,1,1,10,24,0,2,11,15,0,0,0,71,5,12,29.4,Matches,,,,
273,Keane Lewis-Potter,eng ENG,"DF,FW",Brentford,23-339,2001,19.3,3,0,0,8,17,4,42,9,16,1,0,0,76,13,19,40.6,Matches,,,,
274,Myles Lewis-Skelly,eng ENG,DF,Arsenal,18-122,2006,5.1,2,1,0,4,15,0,3,5,12,0,0,0,22,1,5,16.7,Matches,,,,
275,Matthijs de Ligt,nl NED,DF,Manchester Utd,25-167,1999,16.5,3,0,0,13,9,1,3,26,11,0,2,0,46,36,18,66.7,Matches,,,,
Rk,Player,Nation,Pos,Squad,Age,Born,90s,CrdY,CrdR,2CrdY,Fls,Fld,Off,Crs,Int,TklW,PKwon,PKcon,OG,Recov,Won,Lost,Won%,Matches,,,,
276,Pedro Lima,br BRA,DF,Wolves,18-209,2006,0.6,0,0,0,0,0,0,5,1,0,0,0,0,1,0,2,0.0,Matches,,,,
277,Victor Lindelöf,se SWE,"DF,MF",Manchester Utd,30-193,1994,0.7,1,0,0,2,0,0,1,2,0,0,0,0,2,2,3,40.0,Matches,,,,
278,Jesper Lindstrøm,dk DEN,FW,Everton,24-332,2000,8.9,1,0,0,7,6,1,59,10,18,0,0,0,43,4,10,28.6,Matches,,,,
279,Valentino Livramento,eng ENG,DF,Newcastle Utd,22-075,2002,17.6,0,0,0,4,23,2,30,19,21,0,0,0,112,16,24,40.0,Matches,,,,
280,Sean Longstaff,eng ENG,MF,Newcastle Utd,27-088,1997,8.0,2,0,0,8,5,0,5,5,16,0,0,0,29,6,7,46.2,Matches,,,,
281,Saša Lukić,rs SRB,MF,Fulham,28-166,1996,14.8,9,0,0,39,17,0,23,18,18,0,0,0,66,13,10,56.5,Matches,,,,
282,Joe Lumley,eng ENG,GK,Southampton,29-346,1995,3.0,0,0,0,0,0,0,0,0,0,0,0,0,2,2,1,66.7,Matches,,,,
283,Massimo Luongo,au AUS,MF,Ipswich Town,32-123,1992,1.9,0,0,0,1,2,0,1,2,5,0,0,0,10,1,0,100.0,Matches,,,,
284,Ian Maatsen,nl NED,DF,Aston Villa,22-322,2002,4.0,2,0,0,5,3,2,19,5,7,0,0,0,26,4,2,66.7,Matches,,,,
285,Alexis Mac Allister,ar ARG,MF,Liverpool,26-033,1998,17.4,5,0,0,39,25,0,21,13,37,0,0,0,93,12,13,48.0,Matches,,,,
286,James Maddison,eng ENG,MF,Tottenham,28-064,1996,14.4,4,0,0,20,46,2,77,11,12,0,0,0,56,5,6,45.5,Matches,,,,
287,Noni Madueke,eng ENG,FW,Chelsea,22-322,2002,15.3,3,0,0,17,16,3,43,7,11,0,0,0,58,8,11,42.1,Matches,,,,
288,Gabriel Magalhães,br BRA,DF,Arsenal,27-038,1997,20.1,3,0,0,16,14,0,7,11,12,1,0,0,42,42,24,63.6,Matches,,,,
289,Edmond-Paris Maghoma,eng ENG,MF,Brentford,23-263,2001,0.9,0,0,0,2,3,0,1,1,1,0,0,0,3,1,2,33.3,Matches,,,,
290,Harry Maguire,eng ENG,DF,Manchester Utd,31-327,1993,10.1,6,0,0,12,4,1,2,25,7,0,0,0,33,25,11,69.4,Matches,,,,
291,Kobbie Mainoo,eng ENG,MF,Manchester Utd,19-282,2005,13.4,5,0,0,22,18,1,4,16,23,0,0,0,68,15,20,42.9,Matches,,,,
292,Tyrell Malacia,nl NED,DF,Manchester Utd,25-162,1999,1.0,1,0,0,3,2,0,1,1,0,0,0,0,2,0,0,,Matches,,,,
293,Orel Mangala,be BEL,MF,Everton,26-314,1998,14.0,2,0,0,24,17,2,6,21,8,0,0,0,49,6,8,42.9,Matches,,,,
294,Ryan Manning,ie IRL,DF,Southampton,28-226,1996,8.5,1,0,0,10,17,0,41,8,14,0,0,0,33,8,4,66.7,Matches,,,,
295,Solly March,eng ENG,"MF,DF",Brighton,30-190,1994,0.3,1,0,0,0,1,0,3,1,2,0,0,0,1,0,0,,Matches,,,,
296,Omar Marmoush,eg EGY,FW,Manchester City,25-354,1999,0.8,0,0,0,0,2,3,2,0,2,0,0,0,3,0,0,,Matches,,,,
297,Gabriel Martinelli,br BRA,"FW,MF",Arsenal,23-222,2001,15.2,1,0,0,10,14,5,54,2,13,0,0,0,54,12,20,37.5,Matches,,,,
298,Emiliano Martínez,ar ARG,GK,Aston Villa,32-146,1992,21.5,2,0,0,1,4,0,0,0,1,0,0,0,16,5,1,83.3,Matches,,,,
299,Lisandro Martínez,ar ARG,DF,Manchester Utd,27-008,1998,17.6,7,0,0,20,4,0,9,31,20,0,0,0,74,13,13,50.0,Matches,,,,
300,Pape Matar Sarr,sn SEN,MF,Tottenham,22-134,2002,13.1,4,0,0,19,23,1,7,18,24,0,1,0,83,19,26,42.2,Matches,,,,
Rk,Player,Nation,Pos,Squad,Age,Born,90s,CrdY,CrdR,2CrdY,Fls,Fld,Off,Crs,Int,TklW,PKwon,PKcon,OG,Recov,Won,Lost,Won%,Matches,,,,
301,Jean-Philippe Mateta,fr FRA,FW,Crystal Palace,27-212,1997,18.7,2,0,0,16,19,9,19,1,6,0,0,0,48,46,74,38.3,Matches,,,,
302,Stephy Mavididi,eng ENG,FW,Leicester City,26-240,1998,14.2,2,0,0,15,13,2,50,9,15,0,0,0,65,9,12,42.9,Matches,,,,
303,Konstantinos Mavropanos,gr GRE,DF,West Ham,27-046,1997,15.4,4,1,1,11,10,2,2,32,20,0,0,0,52,40,12,76.9,Matches,,,,
304,Noussair Mazraoui,ma MAR,DF,Manchester Utd,27-073,1997,18.7,1,0,0,24,12,3,13,22,41,0,1,0,86,29,13,69.0,Matches,,,,
305,Bryan Mbeumo,cm CMR,FW,Brentford,25-172,1999,21.9,2,0,0,14,25,10,109,9,17,0,0,0,90,21,51,29.2,Matches,,,,
306,James Mcatee,eng ENG,"MF,FW",Manchester City,22-100,2002,0.8,0,0,0,2,1,0,2,1,1,0,0,0,2,1,2,33.3,Matches,,,,
307,Kasey McAteer,ie IRL,"FW,MF",Leicester City,23-065,2001,4.3,1,0,0,9,10,2,11,2,8,0,0,0,24,9,12,42.9,Matches,,,,
308,Alex McCarthy,eng ENG,GK,Southampton,35-054,1989,5.0,0,0,0,0,1,0,0,0,0,0,0,0,4,2,0,100.0,Matches,,,,
309,John McGinn,sct SCO,"FW,MF",Aston Villa,30-100,1994,13.9,3,0,0,20,38,3,40,4,11,0,0,0,54,9,6,60.0,Matches,,,,
310,Dwight McNeil,eng ENG,"MF,FW",Everton,25-065,1999,12.7,1,0,0,6,13,1,91,5,6,0,0,0,63,3,14,17.6,Matches,,,,
311,Scott McTominay,sct SCO,MF,Manchester Utd,28-049,1996,0.2,0,0,0,0,0,0,0,0,0,0,0,0,1,1,0,100.0,Matches,,,,
312,Ben Mee,eng ENG,DF,Brentford,35-127,1989,2.0,2,0,0,5,0,0,0,4,2,0,0,0,11,4,5,44.4,Matches,,,,
313,Jayden Meghoma,eng ENG,DF,Brentford,18-212,2006,0.1,0,0,0,0,0,0,0,0,0,0,0,0,1,0,0,,Matches,,,,
314,Mikel Merino,es ESP,MF,Arsenal,28-218,1996,8.4,2,0,0,20,12,3,10,12,12,0,0,0,50,29,19,60.4,Matches,,,,
315,Nikola Milenković,rs SRB,DF,Nott'ham Forest,27-106,1997,22.0,2,0,0,10,3,1,0,16,17,0,0,0,47,63,29,68.5,Matches,,,,
316,Lewis Miley,eng ENG,MF,Newcastle Utd,18-270,2006,0.4,0,0,0,0,0,0,0,0,2,0,0,0,6,0,0,,Matches,,,,
317,James Milner,eng ENG,MF,Brighton,39-022,1986,1.9,1,0,0,3,1,0,8,2,2,0,0,0,2,0,1,0.0,Matches,,,,
318,Tyrone Mings,eng ENG,DF,Aston Villa,31-319,1993,4.8,1,0,0,2,3,0,0,1,2,0,0,0,7,9,10,47.4,Matches,,,,
319,Yankuba Minteh,gm GAM,"FW,MF",Brighton,20-188,2004,8.3,5,0,0,11,4,2,42,4,9,0,0,0,33,8,16,33.3,Matches,,,,
320,Tyrick Mitchell,eng ENG,DF,Crystal Palace,25-147,1999,21.3,2,0,0,12,19,1,70,8,41,0,0,0,109,13,12,52.0,Matches,,,,
321,Kaoru Mitoma,jp JPN,"FW,MF",Brighton,27-251,1997,20.5,0,0,0,28,15,4,56,11,19,0,0,0,62,17,19,47.2,Matches,,,,
322,Jakub Moder,pl POL,MF,Brighton,25-294,1999,0.1,0,0,0,0,0,0,1,0,0,0,0,0,2,0,1,0.0,Matches,,,,
323,Mikey Moore,eng ENG,"FW,MF",Tottenham,17-168,2007,1.1,0,0,0,2,3,0,8,1,0,0,0,0,1,1,1,50.0,Matches,,,,
324,Morato,br BRA,DF,Nott'ham Forest,23-210,2001,4.9,1,0,0,6,1,0,0,6,9,0,0,0,18,2,9,18.2,Matches,,,,
325,Álex Moreno,es ESP,DF,Nott'ham Forest,31-232,1993,9.0,2,0,0,11,5,0,15,14,18,0,0,0,40,1,8,11.1,Matches,,,,
Rk,Player,Nation,Pos,Squad,Age,Born,90s,CrdY,CrdR,2CrdY,Fls,Fld,Off,Crs,Int,TklW,PKwon,PKcon,OG,Recov,Won,Lost,Won%,Matches,,,,
326,Sam Morsy,eg EGY,MF,Ipswich Town,33-138,1991,20.1,7,0,0,37,18,0,9,21,25,0,1,0,105,9,21,30.0,Matches,,,,
327,Yerson Mosquera,co COL,DF,Wolves,23-269,2001,4.9,2,0,0,6,7,1,2,10,7,0,0,0,24,11,6,64.7,Matches,,,,
328,Mason Mount,eng ENG,"MF,FW",Manchester Utd,26-016,1999,2.7,2,0,0,8,4,0,6,0,2,0,0,0,6,1,5,16.7,Matches,,,,
329,Divin Mubama,eng ENG,FW,Manchester City,20-093,2004,0.3,0,0,0,0,0,0,0,0,0,0,0,0,1,0,1,0.0,Matches,,,,
330,Mykhailo Mudryk,ua UKR,FW,Chelsea,24-021,2001,1.7,0,0,0,2,2,1,7,0,2,0,0,0,9,2,4,33.3,Matches,,,,
331,Rodrigo Muniz,br BRA,FW,Fulham,23-267,2001,7.0,1,0,0,8,19,1,1,4,2,0,0,0,9,39,45,46.4,Matches,,,,
332,Daniel Muñoz,co COL,DF,Crystal Palace,28-245,1996,20.0,5,0,0,31,11,7,41,24,51,0,0,0,94,40,43,48.2,Matches,,,,
333,Arijanet Muric,xk KVX,GK,Ipswich Town,26-080,1998,17.0,1,0,0,0,4,0,0,0,0,0,0,0,22,11,1,91.7,Matches,,,,
334,Murillo,br BRA,DF,Nott'ham Forest,22-206,2002,21.7,4,0,0,16,3,0,6,22,27,0,1,0,82,23,16,59.0,Matches,,,,
335,Jacob Murphy,eng ENG,FW,Newcastle Utd,29-337,1995,13.9,2,0,0,5,6,2,54,8,10,0,0,0,51,2,9,18.2,Matches,,,,
336,Vitaliy Mykolenko,ua UKR,DF,Everton,25-242,1999,19.3,2,0,0,17,17,0,50,24,23,0,1,0,52,28,24,53.8,Matches,,,,
337,Iliman Ndiaye,sn SEN,FW,Everton,24-326,2000,19.6,3,0,0,15,36,5,32,16,20,0,0,0,137,4,12,25.0,Matches,,,,
338,Wilfred Ndidi,ng NGA,MF,Leicester City,28-041,1996,13.5,4,0,0,26,7,2,12,9,28,0,0,1,69,27,24,52.9,Matches,,,,
339,Kosta Nedeljković,rs SRB,DF,Aston Villa,19-041,2005,1.3,0,0,0,0,1,0,1,0,5,0,0,0,3,0,1,0.0,Matches,,,,
340,Reiss Nelson,eng ENG,FW,Arsenal,25-047,1999,0.0,0,0,0,1,1,0,0,0,0,0,0,0,0,0,0,,Matches,,,,
341,Reiss Nelson,eng ENG,FW,Fulham,25-047,1999,5.4,1,0,0,6,9,1,23,5,6,0,0,0,29,0,4,0.0,Matches,,,,
342,Neto,br BRA,GK,Bournemouth,35-191,1989,2.0,0,0,0,0,2,0,0,0,0,0,0,0,3,0,0,,Matches,,,,
343,Pedro Neto,pt POR,FW,Chelsea,24-323,2000,12.1,6,0,0,11,17,1,60,7,6,0,0,0,38,6,16,27.3,Matches,,,,
344,Eddie Nketiah,eng ENG,"MF,FW",Crystal Palace,25-241,1999,6.8,3,0,0,16,18,2,5,2,5,1,0,0,17,10,15,40.0,Matches,,,,
345,Christopher Nkunku,fr FRA,FW,Chelsea,27-073,1997,4.8,1,0,0,10,5,1,1,4,4,0,0,0,15,8,11,42.1,Matches,,,,
346,Matheus Nunes,pt POR,"DF,MF",Manchester City,26-152,1998,8.9,2,0,0,18,10,4,24,8,14,0,1,0,33,10,11,47.6,Matches,,,,
347,Darwin Núñez,uy URU,FW,Liverpool,25-216,1999,8.9,6,0,0,20,12,8,2,1,14,0,0,0,30,11,25,30.6,Matches,,,,
348,Ethan Nwaneri,eng ENG,"MF,FW",Arsenal,17-311,2007,3.2,1,0,0,3,3,2,16,0,2,0,0,0,15,0,2,0.0,Matches,,,,
349,Christian Nørgaard,dk DEN,MF,Brentford,30-322,1994,17.3,4,1,0,27,19,1,9,31,33,0,0,0,111,23,15,60.5,Matches,,,,
350,Jake O'Brien,ie IRL,DF,Everton,23-256,2001,2.5,2,0,0,2,0,0,1,1,6,0,0,0,7,3,2,60.0,Matches,,,,
Rk,Player,Nation,Pos,Squad,Age,Born,90s,CrdY,CrdR,2CrdY,Fls,Fld,Off,Crs,Int,TklW,PKwon,PKcon,OG,Recov,Won,Lost,Won%,Matches,,,,
351,Matt O'Riley,dk DEN,MF,Brighton,24-066,2000,4.7,1,0,0,6,4,0,20,10,7,0,0,1,17,3,1,75.0,Matches,,,,
352,Dara O'Shea,ie IRL,DF,Ipswich Town,25-328,1999,19.7,5,0,0,9,10,2,4,22,19,0,0,0,69,68,42,61.8,Matches,,,,
353,Wilson Odobert,fr FRA,FW,Tottenham,20-059,2004,1.8,0,0,0,0,2,0,5,0,2,0,0,0,9,3,0,100.0,Matches,,,,
354,Chiedozie Ogbene,ie IRL,FW,Ipswich Town,27-270,1997,2.6,0,0,0,2,7,1,4,1,3,0,0,0,6,1,6,14.3,Matches,,,,
355,Caleb Okoli,it ITA,DF,Leicester City,23-197,2001,8.9,2,0,0,8,7,0,1,11,12,0,0,0,36,15,19,44.1,Matches,,,,
356,Robin Olsen,se SWE,GK,Aston Villa,35-018,1990,0.5,0,0,0,0,0,0,0,0,0,0,0,0,1,0,0,,Matches,,,,
357,Amadou Onana,be BEL,MF,Aston Villa,23-163,2001,11.5,4,0,0,23,15,0,1,19,20,0,0,0,54,19,14,57.6,Matches,,,,
358,André Onana,cm CMR,GK,Manchester Utd,28-299,1996,22.0,0,0,0,0,2,0,0,0,1,0,0,0,21,5,0,100.0,Matches,,,,
359,Paul Onuachu,ng NGA,FW,Southampton,30-243,1994,5.0,1,0,0,13,10,2,0,1,1,0,0,0,8,44,21,67.7,Matches,,,,
360,Frank Onyeka,ng NGA,MF,Brentford,27-025,1998,0.3,0,0,0,2,0,0,0,0,0,0,0,0,2,0,0,,Matches,,,,
361,Lewis Orford,eng ENG,MF,West Ham,18-343,2006,0.4,0,0,0,0,0,0,0,1,0,0,0,0,5,0,0,,Matches,,,,
362,Stefan Ortega,de GER,GK,Manchester City,32-081,1992,8.0,1,0,0,1,1,0,0,0,0,0,1,0,5,0,0,,Matches,,,,
363,William Osula,dk DEN,"FW,MF",Newcastle Utd,21-175,2003,0.5,0,0,0,1,1,1,0,1,0,0,0,0,1,2,0,100.0,Matches,,,,
364,Dango Ouattara,bf BFA,FW,Bournemouth,22-350,2002,12.8,1,0,0,9,8,8,56,7,23,0,0,0,48,27,35,43.5,Matches,,,,
365,Nico O’Reilly,eng ENG,MF,Manchester City,19-311,2005,0.2,0,0,0,0,0,0,0,0,0,0,0,0,1,0,0,,Matches,,,,
366,Cole Palmer,eng ENG,MF,Chelsea,22-265,2002,22.3,3,0,0,11,47,6,104,5,8,1,0,0,71,0,4,0.0,Matches,,,,
367,Emerson Palmieri,it ITA,DF,West Ham,30-176,1994,16.5,5,0,0,17,8,0,51,15,26,0,0,0,65,11,11,50.0,Matches,,,,
368,Lucas Paquetá,br BRA,MF,West Ham,27-152,1997,16.9,6,0,0,29,28,6,21,11,27,0,1,0,98,24,41,36.9,Matches,,,,
369,Thomas Partey,gh GHA,"MF,DF",Arsenal,31-227,1993,19.6,2,0,0,28,22,1,8,24,38,0,0,0,89,21,13,61.8,Matches,,,,
370,Nathan Patterson,sct SCO,"DF,FW",Everton,23-102,2001,1.4,0,0,0,0,1,0,6,0,1,0,0,0,6,1,4,20.0,Matches,,,,
371,Andreas Pereira,br BRA,MF,Fulham,29-025,1996,13.8,6,0,0,15,15,1,104,5,5,1,0,0,67,9,12,42.9,Matches,,,,
372,Ricardo Pereira,pt POR,DF,Leicester City,31-112,1993,1.6,1,0,0,1,3,0,1,1,2,0,0,0,8,0,0,,Matches,,,,
373,Kalvin Phillips,eng ENG,MF,Ipswich Town,29-055,1995,9.6,3,1,1,21,17,0,14,16,12,0,0,0,52,6,12,33.3,Matches,,,,
374,Jaden Philogene Bidace,eng ENG,"FW,MF",Aston Villa,22-353,2002,3.7,4,1,1,12,8,1,4,3,5,0,0,0,21,0,5,0.0,Matches,,,,
375,Jaden Philogene Bidace,eng ENG,"FW,MF",Ipswich Town,22-353,2002,1.2,0,0,0,1,2,0,2,3,1,0,0,0,6,2,1,66.7,Matches,,,,
Rk,Player,Nation,Pos,Squad,Age,Born,90s,CrdY,CrdR,2CrdY,Fls,Fld,Off,Crs,Int,TklW,PKwon,PKcon,OG,Recov,Won,Lost,Won%,Matches,,,,
376,Jordan Pickford,eng ENG,GK,Everton,30-325,1994,22.0,6,0,0,0,4,0,0,1,0,0,0,0,23,4,1,80.0,Matches,,,,
377,Ethan Pinnock,jm JAM,DF,Brentford,31-242,1993,16.0,2,0,0,5,3,0,8,18,16,0,1,1,42,46,32,59.0,Matches,,,,
378,Daniel Podence,pt POR,"MF,FW",Wolves,29-097,1995,0.5,0,0,0,0,2,0,1,0,0,0,0,0,1,0,1,0.0,Matches,,,,
379,Alfie Pond,eng ENG,DF,Wolves,20-331,2004,0.0,0,0,0,0,0,0,0,0,0,0,0,0,0,0,0,,Matches,,,,
380,Nick Pope,eng ENG,GK,Newcastle Utd,32-282,1992,15.0,2,0,0,0,0,0,0,1,0,0,0,0,9,6,1,85.7,Matches,,,,
381,Pedro Porro,es ESP,DF,Tottenham,25-135,1999,20.1,2,0,0,13,20,1,118,21,31,0,0,0,99,6,12,33.3,Matches,,,,
382,Jarell Quansah,eng ENG,DF,Liverpool,21-363,2003,2.5,1,0,0,5,1,0,2,3,7,0,0,0,5,5,6,45.5,Matches,,,,
383,Hákon Rafn Valdimarsson,is ISL,GK,Brentford,23-105,2001,0.6,0,0,0,0,0,0,0,0,0,0,0,0,0,1,0,100.0,Matches,,,,
384,Aaron Ramsdale,eng ENG,GK,Southampton,26-257,1998,15.0,1,0,0,0,2,0,0,2,0,0,0,0,8,4,0,100.0,Matches,,,,
385,Jacob Ramsey,eng ENG,"FW,MF",Aston Villa,23-243,2001,9.8,1,0,0,7,12,2,5,7,7,0,0,0,46,4,5,44.4,Matches,,,,
386,Marcus Rashford,eng ENG,"FW,MF",Manchester Utd,27-087,1997,10.9,2,0,0,8,7,7,27,4,4,0,0,0,24,5,7,41.7,Matches,,,,
387,David Raya,es ESP,GK,Arsenal,29-133,1995,23.0,2,0,0,1,6,0,0,1,0,0,1,0,17,8,0,100.0,Matches,,,,
388,Harrison Reed,eng ENG,MF,Fulham,29-365,1995,0.7,2,0,0,5,2,0,5,1,2,0,0,0,8,1,1,50.0,Matches,,,,
389,Remy Rees-Dottin,eng ENG,FW,Bournemouth,18-326,2006,0.0,0,0,0,0,0,0,0,0,0,0,0,0,0,0,0,,Matches,,,,
390,Sergio Reguilón,es ESP,DF,Tottenham,28-041,1996,1.0,1,0,0,1,4,0,6,2,3,0,0,0,8,4,2,66.7,Matches,,,,
391,Bobby Reid,jm JAM,"FW,MF",Leicester City,31-359,1993,3.1,0,0,0,5,8,2,5,0,3,1,0,0,14,2,4,33.3,Matches,,,,
392,Chadi Riad,ma MAR,DF,Crystal Palace,21-223,2003,1.0,0,0,0,1,0,0,0,2,2,0,0,0,4,2,4,33.3,Matches,,,,
393,Declan Rice,eng ENG,MF,Arsenal,26-012,1999,18.3,5,1,1,15,12,1,115,14,14,0,0,0,90,22,16,57.9,Matches,,,,
394,Chris Richards,us USA,DF,Crystal Palace,24-304,2000,8.9,1,0,0,6,3,1,1,7,9,0,0,0,26,12,17,41.4,Matches,,,,
395,Richarlison,br BRA,FW,Tottenham,27-261,1997,1.6,1,0,0,2,4,0,7,0,1,0,0,0,6,3,3,50.0,Matches,,,,
396,Andrew Robertson,sct SCO,DF,Liverpool,30-321,1994,17.3,2,1,0,6,5,0,107,10,16,0,1,0,76,3,7,30.0,Matches,,,,
397,Antonee Robinson,us USA,DF,Fulham,27-171,1997,22.0,4,0,0,20,16,4,110,44,37,0,0,0,94,26,16,61.9,Matches,,,,
398,Rodri,es ESP,MF,Manchester City,28-218,1996,0.7,0,0,0,1,2,0,0,1,1,0,0,0,7,1,0,100.0,Matches,,,,
399,Guido Rodríguez,ar ARG,MF,West Ham,30-289,1994,11.3,5,0,0,15,11,1,4,12,16,0,0,0,46,8,7,53.3,Matches,,,,
400,Mads Roerslev,dk DEN,DF,Brentford,25-216,1999,11.2,2,0,0,5,8,0,30,4,8,0,0,0,35,8,13,38.1,Matches,,,,
Rk,Player,Nation,Pos,Squad,Age,Born,90s,CrdY,CrdR,2CrdY,Fls,Fld,Off,Crs,Int,TklW,PKwon,PKcon,OG,Recov,Won,Lost,Won%,Matches,,,,
401,Morgan Rogers,eng ENG,"MF,FW",Aston Villa,22-184,2002,19.3,6,0,0,32,29,0,8,4,10,1,0,0,70,6,29,17.1,Matches,,,,
402,Cristian Romero,ar ARG,DF,Tottenham,26-274,1998,10.8,1,0,0,7,9,1,3,13,23,0,0,0,63,27,23,54.0,Matches,,,,
403,Georginio Rutter,fr FRA,"FW,MF",Brighton,22-281,2002,13.1,2,0,0,25,33,6,9,7,9,0,1,0,50,20,32,38.5,Matches,,,,
404,José Sá,pt POR,GK,Wolves,32-009,1993,16.0,1,0,0,2,5,0,0,0,2,0,2,0,24,5,0,100.0,Matches,,,,
405,Bukayo Saka,eng ENG,"FW,MF",Arsenal,23-143,2001,14.1,3,0,0,13,32,3,99,2,13,1,0,0,56,8,16,33.3,Matches,,,,
406,Mohamed Salah,eg EGY,FW,Liverpool,32-225,1992,21.6,1,0,0,14,25,7,42,4,8,0,0,0,54,4,6,40.0,Matches,,,,
407,William Saliba,fr FRA,DF,Arsenal,23-308,2001,20.3,2,1,0,19,10,1,0,14,26,0,1,0,91,30,26,53.6,Matches,,,,
408,Robert Sánchez,es ESP,GK,Chelsea,27-069,1997,21.0,5,0,0,2,2,0,0,2,0,0,2,0,33,5,0,100.0,Matches,,,,
409,Jadon Sancho,eng ENG,FW,Chelsea,24-307,2000,11.8,1,0,0,3,7,4,11,0,5,1,0,0,57,0,4,0.0,Matches,,,,
410,Ibrahim Sangaré,ci CIV,MF,Nott'ham Forest,27-055,1997,2.4,2,0,0,5,4,0,0,2,9,0,0,0,18,5,3,62.5,Matches,,,,
411,Pablo Sarabia,es ESP,"MF,FW",Wolves,32-260,1992,3.9,1,0,0,5,7,4,18,2,6,0,0,0,13,2,4,33.3,Matches,,,,
412,Jeremy Sarmiento,ec ECU,MF,Brighton,22-224,2002,0.1,0,0,0,0,0,0,0,0,0,0,0,0,1,0,0,,Matches,,,,
413,Ismaila Sarr,sn SEN,"MF,FW",Crystal Palace,26-336,1998,15.9,3,0,0,9,30,6,32,6,8,1,0,0,60,19,28,40.4,Matches,,,,
414,Sávio,br BRA,"FW,MF",Manchester City,20-291,2004,12.0,2,0,0,13,14,1,61,3,10,2,0,0,44,0,2,0.0,Matches,,,,
415,Oliver Scarles,eng ENG,"DF,FW",West Ham,19-045,2005,0.9,0,0,0,0,0,0,4,0,0,0,0,0,5,1,2,33.3,Matches,,,,
416,Kevin Schade,de GER,FW,Brentford,23-060,2001,11.0,2,0,0,10,13,11,16,3,16,0,0,0,31,44,32,57.9,Matches,,,,
417,Fabian Schär,ch SUI,DF,Newcastle Utd,33-037,1991,17.8,5,1,0,17,8,3,4,27,13,0,0,0,87,25,33,43.1,Matches,,,,
418,Jeffrey Schlupp,gh GHA,"MF,DF",Crystal Palace,32-034,1992,1.1,0,0,0,1,0,0,4,0,0,0,0,0,6,3,4,42.9,Matches,,,,
419,Alex Scott,eng ENG,MF,Bournemouth,21-158,2003,2.9,0,0,0,2,13,0,0,6,7,0,0,0,24,1,5,16.7,Matches,,,,
420,Matz Sels,be BEL,GK,Nott'ham Forest,32-335,1992,23.0,2,0,0,0,7,0,0,0,1,0,0,0,7,12,1,92.3,Matches,,,,
421,Nélson Semedo,pt POR,DF,Wolves,31-071,1993,17.9,7,0,0,30,16,0,32,7,23,0,1,0,73,19,22,46.3,Matches,,,,
422,Antoine Semenyo,gh GHA,FW,Bournemouth,25-019,2000,21.4,5,0,0,43,28,7,39,5,20,1,0,0,107,40,46,46.5,Matches,,,,
423,Marcos Senesi,ar ARG,DF,Bournemouth,27-261,1997,10.2,4,0,0,17,7,0,7,11,21,0,0,0,62,20,22,47.6,Matches,,,,
424,Ryan Sessegnon,eng ENG,MF,Fulham,24-253,2000,0.1,0,0,0,2,0,0,0,1,0,0,0,0,0,0,0,,Matches,,,,
425,Luke Shaw,eng ENG,DF,Manchester Utd,29-198,1995,0.8,0,0,0,0,0,0,0,1,2,0,0,0,4,0,0,,Matches,,,,
Rk,Player,Nation,Pos,Squad,Age,Born,90s,CrdY,CrdR,2CrdY,Fls,Fld,Off,Crs,Int,TklW,PKwon,PKcon,OG,Recov,Won,Lost,Won%,Matches,,,,
426,Zain Silcott-Duberry,ms MSR,FW,Bournemouth,19-201,2005,0.0,0,0,0,0,0,0,0,0,1,0,0,0,0,0,1,0.0,Matches,,,,
427,Bernardo Silva,pt POR,"MF,FW",Manchester City,30-169,1994,20.3,5,0,0,17,21,2,44,16,22,0,0,0,69,3,7,30.0,Matches,,,,
428,Jota Silva,pt POR,"FW,MF",Nott'ham Forest,25-178,1999,7.7,4,0,0,17,20,5,18,12,10,1,0,0,37,18,22,45.0,Matches,,,,
429,Eric da Silva Moreira,de GER,"MF,DF",Nott'ham Forest,18-268,2006,0.3,0,0,0,0,0,0,0,1,2,0,0,0,2,0,0,,Matches,,,,
430,Jahmai Simpson-Pusey,eng ENG,DF,Manchester City,19-083,2005,1.1,1,0,0,0,1,0,0,0,0,0,0,0,3,1,3,25.0,Matches,,,,
431,Luis Sinisterra,co COL,"FW,MF",Bournemouth,25-223,1999,2.3,0,0,0,3,2,1,5,0,1,0,0,0,14,1,6,14.3,Matches,,,,
432,Oliver Skipp,eng ENG,MF,Leicester City,24-132,2000,8.4,4,0,0,11,11,0,2,8,4,0,0,0,30,8,2,80.0,Matches,,,,
433,William Smallbone,ie IRL,MF,Southampton,24-340,2000,3.2,0,0,0,4,2,0,19,0,3,0,0,0,9,2,1,66.7,Matches,,,,
434,Adam Smith,eng ENG,DF,Bournemouth,33-272,1991,11.5,4,0,0,8,9,0,18,11,8,0,0,0,34,8,11,42.1,Matches,,,,
435,Emile Smith Rowe,eng ENG,MF,Fulham,24-182,2000,14.2,1,0,0,10,10,4,10,8,14,0,0,0,38,5,12,29.4,Matches,,,,
436,Dominic Solanke,eng ENG,FW,Tottenham,27-134,1997,17.8,0,0,0,27,28,4,4,0,9,0,0,1,30,33,43,43.4,Matches,,,,
437,Carlos Soler,es ESP,"MF,FW",West Ham,28-024,1997,9.3,5,0,0,18,9,0,20,3,8,0,0,0,45,5,7,41.7,Matches,,,,
438,Ramón Sosa,py PAR,"FW,MF",Nott'ham Forest,25-148,1999,2.7,1,0,0,6,6,3,7,3,2,0,0,0,18,4,6,40.0,Matches,,,,
439,Tomáš Souček,cz CZE,MF,West Ham,29-334,1995,16.9,6,0,0,28,13,1,8,13,11,1,0,0,36,61,49,55.5,Matches,,,,
440,Boubakary Soumaré,fr FRA,MF,Leicester City,25-334,1999,11.3,8,0,0,16,10,0,5,14,9,0,0,0,66,11,5,68.8,Matches,,,,
441,Djed Spence,eng ENG,DF,Tottenham,24-170,2000,6.6,3,1,1,7,7,1,9,8,19,0,0,0,28,10,6,62.5,Matches,,,,
442,Jay Stansfield,eng ENG,MF,Fulham,22-063,2002,0.0,0,0,0,1,0,0,0,0,0,0,0,0,0,0,0,,Matches,,,,
443,Jason Steele,eng ENG,GK,Brighton,34-161,1990,2.0,0,0,0,0,1,0,0,0,0,0,0,0,7,1,1,50.0,Matches,,,,
444,Jack Stephens,eng ENG,DF,Southampton,30-365,1994,8.8,2,2,0,8,2,1,0,5,10,0,0,0,25,4,5,44.4,Matches,,,,
445,Raheem Sterling,eng ENG,"FW,MF",Arsenal,30-049,1994,2.4,1,0,0,5,3,1,6,1,4,0,0,0,6,0,3,0.0,Matches,,,,
446,Ross Stewart,sct SCO,"FW,MF",Southampton,28-199,1996,1.5,1,0,0,3,5,1,0,0,0,0,0,0,2,4,7,36.4,Matches,,,,
447,Jakub Stolarczyk,pl POL,GK,Leicester City,24-038,2000,5.0,0,0,0,0,0,0,0,0,0,0,0,0,6,2,0,100.0,Matches,,,,
448,John Stones,eng ENG,"DF,MF",Manchester City,30-243,1994,4.1,1,0,0,2,1,0,0,3,2,0,0,0,17,7,3,70.0,Matches,,,,
449,Jørgen Strand Larsen,no NOR,FW,Wolves,24-355,2000,20.4,2,0,0,30,12,12,4,4,4,0,0,0,31,47,67,41.2,Matches,,,,
450,Yukinari Sugawara,jp JPN,DF,Southampton,24-212,2000,12.8,3,0,0,11,9,4,57,10,13,0,1,0,34,2,8,20.0,Matches,,,,
Rk,Player,Nation,Pos,Squad,Age,Born,90s,CrdY,CrdR,2CrdY,Fls,Fld,Off,Crs,Int,TklW,PKwon,PKcon,OG,Recov,Won,Lost,Won%,Matches,,,,
451,Kamaldeen Sulemana,gh GHA,"FW,MF",Southampton,22-346,2002,3.2,0,0,0,3,4,1,6,3,5,0,0,0,13,2,8,20.0,Matches,,,,
452,Crysencio Summerville,nl NED,"FW,MF",West Ham,23-088,2001,8.7,2,0,0,9,23,4,21,0,7,0,0,0,38,4,9,30.8,Matches,,,,
453,Sammie Szmodics,ie IRL,"FW,MF",Ipswich Town,29-124,1995,10.9,2,0,0,9,8,8,13,6,9,0,1,0,41,6,11,35.3,Matches,,,,
454,Dominik Szoboszlai,hu HUN,MF,Liverpool,24-093,2000,15.2,6,0,0,26,12,1,25,7,9,0,0,0,80,16,12,57.1,Matches,,,,
455,Matt Targett,eng ENG,DF,Newcastle Utd,29-130,1995,0.1,0,0,0,0,0,0,0,1,0,0,0,0,1,0,0,,Matches,,,,
456,James Tarkowski,eng ENG,DF,Everton,32-068,1992,21.9,4,0,0,24,14,1,0,25,30,0,1,0,76,71,23,75.5,Matches,,,,
457,Marcus Tavernier,eng ENG,"FW,MF",Bournemouth,25-310,1999,12.8,2,0,0,13,13,3,71,3,18,0,0,0,65,9,24,27.3,Matches,,,,
458,Charlie Taylor,eng ENG,DF,Southampton,31-130,1993,3.0,1,0,0,2,2,0,9,3,5,0,0,0,7,4,2,66.7,Matches,,,,
459,Jack Taylor,ie IRL,MF,Ipswich Town,26-217,1998,4.5,3,0,0,9,2,0,5,4,3,0,0,0,29,6,3,66.7,Matches,,,,
460,Kenny Tete,nl NED,DF,Fulham,29-109,1995,14.0,3,0,0,23,12,0,19,28,27,0,0,0,49,15,11,57.7,Matches,,,,
461,Thiago,br BRA,FW,Brentford,23-214,2001,1.5,0,0,0,3,3,1,1,2,2,0,0,0,9,4,3,57.1,Matches,,,,
462,Luke Thomas,eng ENG,DF,Leicester City,23-230,2001,2.0,0,0,0,0,1,0,3,2,5,0,0,0,7,2,3,40.0,Matches,,,,
463,Youri Tielemans,be BEL,MF,Aston Villa,27-264,1997,20.7,3,0,0,30,37,0,90,17,36,0,0,0,90,11,16,40.7,Matches,,,,
464,Kieran Tierney,sct SCO,"FW,DF",Arsenal,27-235,1997,0.2,0,0,0,0,0,0,1,0,0,0,0,0,0,1,0,100.0,Matches,,,,
465,Jurriën Timber,nl NED,DF,Arsenal,23-223,2001,18.5,6,0,0,22,18,5,19,13,22,0,0,0,69,11,16,40.7,Matches,,,,
466,Jean-Clair Todibo,fr FRA,DF,West Ham,25-027,1999,9.6,0,0,0,6,3,0,1,11,15,0,0,0,41,15,14,51.7,Matches,,,,
467,Harry Toffolo,eng ENG,DF,Nott'ham Forest,29-160,1995,0.5,0,0,0,0,0,0,3,1,0,0,0,0,2,1,0,100.0,Matches,,,,
468,Takehiro Tomiyasu,jp JPN,DF,Arsenal,26-082,1998,0.1,0,0,0,0,0,0,0,0,0,0,0,0,0,0,0,,Matches,,,,
469,Sandro Tonali,it ITA,MF,Newcastle Utd,24-263,2000,15.2,4,0,0,23,30,2,22,19,20,1,0,0,100,8,8,50.0,Matches,,,,
470,Pau Torres,es ESP,DF,Aston Villa,28-010,1997,17.2,1,0,0,6,6,0,1,6,13,0,0,0,52,14,21,40.0,Matches,,,,
471,Conor Townsend,eng ENG,"DF,MF",Ipswich Town,31-328,1993,0.5,0,0,0,0,0,0,2,1,3,0,0,0,2,0,1,0.0,Matches,,,,
472,Adama Traoré,es ESP,"FW,MF",Fulham,29-001,1996,11.2,2,0,0,13,20,1,55,1,5,0,0,0,46,19,14,57.6,Matches,,,,
473,Mark Travers,ie IRL,GK,Bournemouth,25-253,1999,5.0,0,0,0,0,1,0,0,0,0,0,0,0,3,1,0,100.0,Matches,,,,
474,Ryan Trevitt,eng ENG,MF,Brentford,21-320,2003,0.0,0,0,0,0,0,0,0,0,1,0,0,0,2,0,0,,Matches,,,,
475,Kieran Trippier,eng ENG,DF,Newcastle Utd,34-129,1990,5.7,1,0,0,10,2,1,34,6,8,0,0,0,30,10,8,55.6,Matches,,,,
Rk,Player,Nation,Pos,Squad,Age,Born,90s,CrdY,CrdR,2CrdY,Fls,Fld,Off,Crs,Int,TklW,PKwon,PKcon,OG,Recov,Won,Lost,Won%,Matches,,,,
476,Leandro Trossard,be BEL,FW,Arsenal,30-053,1994,15.2,3,1,1,11,22,3,56,9,13,0,0,0,63,3,13,18.8,Matches,,,,
477,Kostas Tsimikas,gr GRE,DF,Liverpool,28-259,1996,3.8,1,0,0,5,1,0,28,4,7,0,0,0,16,4,3,57.1,Matches,,,,
478,Axel Tuanzebe,cd COD,DF,Ipswich Town,27-073,1997,9.9,3,0,0,6,4,0,3,11,12,0,0,0,20,10,9,52.6,Matches,,,,
479,Destiny Udogie,it ITA,DF,Tottenham,22-059,2002,15.9,2,0,0,22,30,1,17,17,31,0,0,0,83,11,13,45.8,Matches,,,,
480,Manuel Ugarte Ribeiro,uy URU,MF,Manchester Utd,23-290,2001,10.2,6,0,0,24,16,0,1,15,26,0,0,1,57,9,11,45.0,Matches,,,,
481,Lesley Ugochukwu,fr FRA,MF,Southampton,20-306,2004,7.4,3,0,0,16,7,0,5,4,12,0,1,0,32,11,7,61.1,Matches,,,,
482,Enes Ünal,tr TUR,"FW,MF",Bournemouth,27-261,1997,3.8,2,0,0,6,9,1,4,0,0,0,0,0,16,24,22,52.2,Matches,,,,
483,Virgil van Dijk,nl NED,DF,Liverpool,33-202,1991,22.0,1,0,0,9,8,0,0,34,13,0,0,0,74,68,24,73.9,Matches,,,,
484,Jamie Vardy,eng ENG,FW,Leicester City,38-015,1987,18.2,4,0,0,15,9,16,6,2,6,1,0,0,20,34,29,54.0,Matches,,,,
485,Renato Veiga,pt POR,"DF,MF",Chelsea,21-181,2003,2.0,2,0,0,6,1,1,0,1,6,0,0,0,9,3,3,50.0,Matches,,,,
486,Joël Veltman,nl NED,DF,Brighton,33-011,1992,16.3,4,0,0,22,38,0,22,16,28,0,1,0,60,20,18,52.6,Matches,,,,
487,Micky van de Ven,nl NED,DF,Tottenham,23-282,2001,8.8,4,0,0,8,6,0,0,9,5,0,0,0,54,16,16,50.0,Matches,,,,
488,Bart Verbruggen,nl NED,GK,Brighton,22-161,2002,21.0,3,0,0,0,1,0,0,0,0,0,0,0,43,9,1,90.0,Matches,,,,
489,Jannik Vestergaard,dk DEN,DF,Leicester City,32-176,1992,12.3,5,0,0,11,4,0,0,14,8,0,0,0,34,23,14,62.2,Matches,,,,
490,Guglielmo Vicario,it ITA,GK,Tottenham,28-111,1996,12.0,1,0,0,0,1,0,0,1,0,0,0,0,19,4,0,100.0,Matches,,,,
491,Carlos Vinícius,br BRA,MF,Fulham,29-307,1995,0.0,0,0,0,0,0,0,0,0,0,0,0,0,0,0,0,,Matches,,,,
492,Kyle Walker,eng ENG,DF,Manchester City,34-243,1990,10.8,3,0,0,6,5,1,14,3,10,0,0,0,46,9,7,56.3,Matches,,,,
493,Kyle Walker-Peters,eng ENG,DF,Southampton,27-288,1997,20.8,5,0,0,20,32,1,37,12,18,0,0,0,78,8,13,38.1,Matches,,,,
494,Christian Walton,eng ENG,GK,Ipswich Town,29-078,1995,6.0,0,0,0,0,1,0,0,0,0,0,0,0,5,2,0,100.0,Matches,,,,
495,Aaron Wan-Bissaka,eng ENG,DF,West Ham,27-061,1997,20.0,1,0,0,16,16,2,35,35,30,0,0,0,107,10,16,38.5,Matches,,,,
496,Danny Ward,wls WAL,GK,Leicester City,31-218,1993,1.5,0,0,0,0,0,0,0,0,0,0,0,0,1,0,0,,Matches,,,,
497,James Ward-Prowse,eng ENG,MF,West Ham,30-086,1994,0.2,0,0,0,0,0,0,3,0,0,0,0,0,0,0,0,,Matches,,,,
498,James Ward-Prowse,eng ENG,MF,Nott'ham Forest,30-086,1994,4.4,2,1,1,7,2,0,19,5,1,0,0,0,19,3,5,37.5,Matches,,,,
499,Ollie Watkins,eng ENG,FW,Aston Villa,29-027,1995,17.0,0,0,0,21,25,4,5,4,3,1,0,0,26,29,29,50.0,Matches,,,,
500,Adam Webster,eng ENG,DF,Brighton,30-022,1995,1.9,0,0,0,2,0,1,1,2,2,0,0,0,7,6,2,75.0,Matches,,,,
Rk,Player,Nation,Pos,Squad,Age,Born,90s,CrdY,CrdR,2CrdY,Fls,Fld,Off,Crs,Int,TklW,PKwon,PKcon,OG,Recov,Won,Lost,Won%,Matches,,,,
501,Danny Welbeck,eng ENG,FW,Brighton,34-061,1990,14.3,1,0,0,7,17,2,3,5,8,0,0,0,27,12,12,50.0,Matches,,,,
502,Timo Werner,de GER,"FW,MF",Tottenham,28-326,1996,5.6,0,0,0,3,5,5,28,1,4,0,0,0,18,0,1,0.0,Matches,,,,
503,Adam Wharton,eng ENG,MF,Crystal Palace,20-238,2004,6.9,0,0,0,5,12,0,16,10,10,0,0,0,51,5,11,31.3,Matches,,,,
504,Ben White,eng ENG,DF,Arsenal,27-110,1997,7.7,2,0,0,7,3,1,7,11,6,0,0,0,20,10,3,76.9,Matches,,,,
505,Mats Wieffer,nl NED,MF,Brighton,25-071,1999,5.2,2,0,0,14,5,0,1,7,11,0,0,0,41,16,9,64.0,Matches,,,,
506,Neco Williams,wls WAL,DF,Nott'ham Forest,23-288,2001,13.8,4,0,0,12,20,1,19,17,20,0,0,0,51,21,12,63.6,Matches,,,,
507,Joe Willock,eng ENG,"MF,FW",Newcastle Utd,25-159,1999,6.6,2,0,0,12,10,2,9,3,11,0,0,0,20,1,7,12.5,Matches,,,,
508,Callum Wilson,eng ENG,"FW,MF",Newcastle Utd,32-334,1992,0.7,1,0,0,0,1,0,0,0,1,0,0,0,2,0,3,0.0,Matches,,,,
509,Harry Wilson,wls WAL,"FW,MF",Fulham,27-310,1997,8.7,2,0,0,10,14,0,30,5,6,1,0,0,33,4,15,21.1,Matches,,,,
510,Harry Winks,eng ENG,MF,Leicester City,28-359,1996,14.2,3,0,0,7,12,0,29,7,9,0,0,0,86,5,6,45.5,Matches,,,,
511,Ben Winterburn,eng ENG,MF,Bournemouth,20-144,2004,0.1,0,0,0,0,0,0,0,0,0,0,0,0,1,1,0,100.0,Matches,,,,
512,Yoane Wissa,cd COD,FW,Brentford,28-145,1996,16.5,2,0,0,14,29,8,13,6,2,0,0,0,38,16,18,47.1,Matches,,,,
513,Chris Wood,nz NZL,FW,Nott'ham Forest,33-050,1991,20.4,1,0,0,13,15,20,1,4,3,0,0,0,27,62,82,43.1,Matches,,,,
514,Nathan Wood-Gordon,eng ENG,DF,Southampton,22-240,2002,6.4,2,0,0,7,4,0,3,4,6,0,0,0,18,10,7,58.8,Matches,,,,
515,Luke Woolfenden,eng ENG,DF,Ipswich Town,26-097,1998,8.2,2,0,0,4,1,0,0,16,2,0,0,0,25,9,10,47.4,Matches,,,,
516,Yehor Yarmoliuk,ua UKR,MF,Brentford,20-331,2004,6.9,2,0,0,3,4,2,10,7,14,0,0,0,56,5,2,71.4,Matches,,,,
517,Ryan Yates,eng ENG,MF,Nott'ham Forest,27-066,1997,16.2,6,0,0,39,38,5,3,19,18,0,0,0,70,34,21,61.8,Matches,,,,
518,Leny Yoro,fr FRA,DF,Manchester Utd,19-074,2005,4.7,2,0,0,5,1,1,0,10,3,0,0,0,11,5,7,41.7,Matches,,,,
519,Ashley Young,eng ENG,DF,Everton,39-201,1985,16.4,5,1,0,24,15,0,55,21,25,0,0,0,58,8,10,44.4,Matches,,,,
520,Illia Zabarnyi,ua UKR,DF,Bournemouth,22-147,2002,23.0,3,0,0,11,4,0,4,22,24,0,0,0,108,52,25,67.5,Matches,,,,
521,Oleksandr Zinchenko,ua UKR,"DF,MF",Arsenal,28-042,1996,2.7,1,0,0,7,1,0,5,3,0,0,0,0,13,6,6,50.0,Matches,,,,
522,Joshua Zirkzee,nl NED,"FW,MF",Manchester Utd,23-249,2001,9.2,1,0,0,7,7,2,4,4,5,1,0,0,32,17,32,34.7,Matches,,,,
523,Martin Ødegaard,no NOR,MF,Arsenal,26-040,1998,13.3,1,0,0,5,14,0,44,2,7,0,0,0,46,6,2,75.0,Matches,,,,
