,Standard,Expected,,Rk,Player,Nation,Pos,Squad,Age,Born,90s,Gls,Sh,SoT,SoT%,Sh/90,SoT/90,G/Sh,G/SoT,Dist,FK,PK,PKatt,xG
Max Aarons,engENG,DF,Bournemouth,25-039,2000,1.0,0,0,0,,0.00,0.00,,,,0,0,0,0.0,0.0,,0.0,0.0,Matches
Joshua Acheampong,engENG,DF,Chelsea,18-283,2006,1.8,0,2,0,0.0,1.13,0.00,0.00,,8.9,0,0,0,0.2,0.2,0.11,-0.2,-0.2,Matches
Tyler Adams,usUSA,MF,Bournemouth,25-364,1999,9.6,0,5,1,20.0,0.52,0.10,0.00,0.00,17.2,0,0,0,1.1,1.1,0.21,-1.1,-1.1,Matches
Tosin Adarabioyo,engENG,DF,Chelsea,27-141,1997,9.1,1,9,2,22.2,0.98,0.22,0.11,0.50,11.8,0,0,0,0.8,0.8,0.09,+0.2,+0.2,Matches
Simon Adingra,ciCIV,"FW,MF",Brighton,23-042,2002,6.6,2,14,4,28.6,2.11,0.60,0.14,0.50,15.4,0,0,0,1.5,1.5,0.10,+0.5,+0.5,Matches
Emmanuel Agbadou,ciCIV,DF,Wolves,27-240,1997,4.0,0,1,0,0.0,0.25,0.00,0.00,,29.4,0,0,0,0.0,0.0,0.02,0.0,0.0,Matches
Asher Agbinone,engENG,MF,Crystal Palace,19-137,2005,0.1,0,1,0,0.0,15.00,0.00,0.00,,26.3,0,0,0,0.0,0.0,0.02,0.0,0.0,Matches
Ola Aina,ngNGA,DF,Nott'ham Forest,28-127,1996,23.1,2,7,2,28.6,0.30,0.09,0.29,1.00,22.8,0,0,0,0.6,0.6,0.08,+1.4,+1.4,Matches
Rayan Aït-Nouri,dzALG,DF,Wolves,23-251,2001,21.7,3,19,5,26.3,0.88,0.23,0.16,0.60,14.9,0,0,0,1.6,1.6,0.09,+1.4,+1.4,Matches
Kristoffer Ajer,noNOR,DF,Brentford,26-301,1998,8.8,0,4,2,50.0,0.45,0.23,0.00,0.00,9.1,0,0,0,0.6,0.6,0.14,-0.6,-0.6,Matches
Manuel Akanji,chSUI,DF,Manchester City,29-208,1995,19.0,0,10,1,10.0,0.53,0.05,0.00,0.00,16.3,0,0,0,0.7,0.7,0.07,-0.7,-0.7,Matches
Nathan Aké,nlNED,DF,Manchester City,29-360,1995,6.7,0,3,0,0.0,0.45,0.00,0.00,,10.0,0,0,0,0.2,0.2,0.07,-0.2,-0.2,Matches
Carlos Alcaraz,arARG,MF,Southampton,22-074,2002,0.1,0,1,1,100.0,9.00,9.00,0.00,0.00,9.7,0,0,0,0.1,0.1,0.07,-0.1,-0.1,Matches
Trent Alexander-Arnold,engENG,DF,Liverpool,26-128,1998,19.3,1,30,5,16.7,1.56,0.26,0.03,0.20,24.8,2,0,0,1.2,1.2,0.04,-0.2,-0.2,Matches
Alisson,brBRA,GK,Liverpool,32-133,1992,14.9,0,0,0,,0.00,0.00,,,,0,0,0,0.0,0.0,,0.0,0.0,Matches
Miguel Almirón,pyPAR,FW,Newcastle Utd,31-002,1994,1.7,0,6,2,33.3,3.44,1.15,0.00,0.00,14.2,0,0,0,0.5,0.5,0.09,-0.5,-0.5,Matches
Edson Álvarez,mxMEX,MF,West Ham,27-111,1997,13.7,0,11,1,9.1,0.81,0.07,0.00,0.00,26.7,0,0,0,0.3,0.3,0.03,-0.3,-0.3,Matches
Will Alves,engENG,FW,Leicester City,20-009,2005,0.0,0,0,0,,0.00,0.00,,,,0,0,0,0.0,0.0,,0.0,0.0,Matches
Samuel Amo-Ameyaw,engENG,"FW,DF",Southampton,18-209,2006,0.3,0,1,0,0.0,3.21,0.00,0.00,,20.7,0,0,0,0.0,0.0,0.02,0.0,0.0,Matches
Joachim Andersen,dkDEN,DF,Crystal Palace,28-257,1996,1.0,0,1,1,100.0,1.00,1.00,0.00,0.00,25.2,0,0,0,0.0,0.0,0.04,0.0,0.0,Matches
Joachim Andersen,dkDEN,DF,Fulham,28-257,1996,14.7,0,9,2,22.2,0.61,0.14,0.00,0.00,16.7,0,0,0,0.3,0.3,0.04,-0.3,-0.3,Matches
Elliot Anderson,engENG,MF,Nott'ham Forest,22-098,2002,17.2,1,24,5,20.8,1.39,0.29,0.04,0.20,19.9,0,0,0,1.1,1.1,0.05,-0.1,-0.1,Matches
André,brBRA,MF,Wolves,23-211,2001,14.6,0,2,1,50.0,0.14,0.07,0.00,0.00,24.8,0,0,0,0.1,0.1,0.03,-0.1,-0.1,Matches
Michail Antonio,jmJAM,FW,West Ham,34-321,1990,9.3,1,19,4,21.1,2.05,0.43,0.05,0.25,12.6,0,0,0,2.2,2.2,0.12,-1.2,-1.2,Matches
Antony,brBRA,"DF,MF",Manchester Utd,24-354,2000,1.6,0,6,3,50.0,3.83,1.91,0.00,0.00,15.8,0,0,0,1.0,1.0,0.17,-1.0,-1.0,Matches
Julian Araujo,mxMEX,DF,Bournemouth,23-183,2001,3.9,0,0,0,,0.00,0.00,,,,0,0,0,0.0,0.0,,0.0,0.0,Matches
Cameron Archer,engENG,FW,Southampton,23-206,2001,11.6,2,22,6,27.3,1.89,0.52,0.09,0.33,12.6,0,0,1,4.4,3.6,0.17,-2.4,-1.6,Matches
Alphonse Areola,frFRA,GK,West Ham,31-351,1993,12.1,0,0,0,,0.00,0.00,,,,0,0,0,0.0,0.0,,0.0,0.0,Matches
Joe Aribo,ngNGA,MF,Southampton,28-206,1996,16.3,3,14,7,50.0,0.86,0.43,0.21,0.43,13.4,0,0,0,2.6,2.6,0.18,+0.4,+0.4,Matches
Adam Armstrong,engENG,"FW,MF",Southampton,28-002,1997,13.9,2,25,7,28.0,1.80,0.50,0.08,0.29,16.6,0,0,1,3.3,2.3,0.09,-1.3,-0.3,Matches
Harrison Armstrong,engENG,MF,Everton,18-024,2007,0.5,0,1,0,0.0,1.87,0.00,0.00,,5.8,0,0,0,0.4,0.4,0.37,-0.4,-0.4,Matches
Kepa Arrizabalaga,esESP,GK,Bournemouth,30-132,1994,17.0,0,0,0,,0.00,0.00,,,,0,0,0,0.0,0.0,,0.0,0.0,Matches
Brandon Austin,engENG,GK,Tottenham,26-035,1999,1.0,0,0,0,,0.00,0.00,,,,0,0,0,0.0,0.0,,0.0,0.0,Matches
Taiwo Awoniyi,ngNGA,FW,Nott'ham Forest,27-184,1997,2.9,1,9,4,44.4,3.15,1.40,0.11,0.25,12.6,0,0,0,2.0,2.0,0.22,-1.0,-1.0,Matches
Yasin Ayari,seSWE,MF,Brighton,21-129,2003,14.1,0,16,5,31.3,1.14,0.36,0.00,0.00,19.9,1,0,0,1.4,1.4,0.09,-1.4,-1.4,Matches
Jordan Ayew,ghGHA,"FW,MF",Crystal Palace,33-154,1991,0.2,0,1,0,0.0,4.29,0.00,0.00,,5.5,0,0,0,0.5,0.5,0.46,-0.5,-0.5,Matches
Jordan Ayew,ghGHA,"FW,MF",Leicester City,33-154,1991,13.0,4,25,7,28.0,1.92,0.54,0.12,0.43,18.4,3,1,1,2.8,2.0,0.08,+1.2,+1.0,Matches
Benoît Badiashile,frFRA,DF,Chelsea,23-323,2001,2.8,0,0,0,,0.00,0.00,,,,0,0,0,0.0,0.0,,0.0,0.0,Matches
Leon Bailey,jmJAM,"FW,MF",Aston Villa,27-187,1997,11.5,1,24,5,20.8,2.09,0.43,0.04,0.20,17.5,1,0,0,1.5,1.5,0.06,-0.5,-0.5,Matches
Carlos Baleba,cmCMR,MF,Brighton,21-040,2004,16.9,2,28,7,25.0,1.66,0.41,0.07,0.29,25.6,0,0,0,1.3,1.3,0.05,+0.7,+0.7,Matches
Ross Barkley,engENG,MF,Aston Villa,31-069,1993,6.2,3,14,4,28.6,2.27,0.65,0.21,0.75,13.8,0,0,0,1.7,1.7,0.12,+1.3,+1.3,Matches
Harvey Barnes,engENG,FW,Newcastle Utd,27-065,1997,8.7,5,28,10,35.7,3.22,1.15,0.18,0.50,14.6,0,0,0,3.0,3.0,0.11,+2.0,+2.0,Matches
Calvin Bassey,ngNGA,DF,Fulham,25-043,1999,23.0,0,11,3,27.3,0.48,0.13,0.00,0.00,16.9,0,0,0,0.8,0.8,0.08,-0.8,-0.8,Matches
Jan Bednarek,plPOL,DF,Southampton,28-306,1996,19.8,2,5,2,40.0,0.25,0.10,0.40,1.00,16.0,0,0,0,0.7,0.7,0.13,+1.3,+1.3,Matches
Jean-Ricner Bellegarde,frFRA,"MF,FW",Wolves,26-230,1998,10.5,2,13,3,23.1,1.24,0.29,0.15,0.67,21.3,1,0,0,0.9,0.9,0.07,+1.1,+1.1,Matches
Rodrigo Bentancur,uyURU,MF,Tottenham,27-232,1997,9.6,2,15,3,20.0,1.56,0.31,0.13,0.67,20.1,0,0,0,0.8,0.8,0.06,+1.2,+1.2,Matches
Sander Berge,noNOR,MF,Fulham,26-364,1998,13.6,0,1,0,0.0,0.07,0.00,0.00,,6.2,0,0,0,0.1,0.1,0.08,-0.1,-0.1,Matches
Lucas Bergvall,seSWE,MF,Tottenham,19-010,2006,6.7,0,5,0,0.0,0.74,0.00,0.00,,22.3,0,0,0,0.2,0.2,0.05,-0.2,-0.2,Matches
Victor Bernth Kristiansen,dkDEN,DF,Leicester City,22-058,2002,20.5,0,2,0,0.0,0.10,0.00,0.00,,16.6,0,0,0,0.3,0.3,0.15,-0.3,-0.3,Matches
Beto,gwGNB,FW,Everton,27-012,1998,4.5,3,14,6,42.9,3.12,1.34,0.21,0.50,11.9,0,0,0,2.3,2.3,0.17,+0.7,+0.7,Matches
Philip Billing,dkDEN,MF,Bournemouth,28-246,1996,2.0,0,5,1,20.0,2.45,0.49,0.00,0.00,17.9,0,0,0,0.6,0.6,0.11,-0.6,-0.6,Matches
Yves Bissouma,mlMLI,MF,Tottenham,28-166,1996,11.5,2,7,3,42.9,0.61,0.26,0.29,0.67,23.4,0,0,0,0.4,0.4,0.06,+1.6,+1.6,Matches
Lamare Bogarde,nlNED,"DF,MF",Aston Villa,21-038,2004,3.9,0,1,1,100.0,0.26,0.26,0.00,0.00,20.2,0,0,0,0.0,0.0,0.04,0.0,0.0,Matches
Willy Boly,ciCIV,DF,Nott'ham Forest,34-009,1991,1.5,0,1,1,100.0,0.67,0.67,0.00,0.00,10.2,0,0,0,0.1,0.1,0.07,-0.1,-0.1,Matches
Sven Botman,nlNED,DF,Newcastle Utd,25-031,2000,2.5,0,1,0,0.0,0.40,0.00,0.00,,11.7,0,0,0,0.0,0.0,0.03,0.0,0.0,Matches
Jarrod Bowen,engENG,"FW,MF",West Ham,28-054,1996,19.4,6,52,22,42.3,2.68,1.13,0.10,0.23,18.5,0,1,1,4.9,4.1,0.08,+1.1,+0.9,Matches
Conor Bradley,nirNIR,DF,Liverpool,21-218,2003,2.9,0,7,3,42.9,2.40,1.03,0.00,0.00,14.3,0,0,0,0.5,0.5,0.07,-0.5,-0.5,Matches
Jarrad Branthwaite,engENG,DF,Everton,22-230,2002,14.1,0,5,1,20.0,0.35,0.07,0.00,0.00,9.1,0,0,0,0.5,0.5,0.11,-0.5,-0.5,Matches
James Bree,engENG,DF,Southampton,27-124,1997,7.4,0,3,1,33.3,0.41,0.14,0.00,0.00,19.5,0,0,0,0.1,0.1,0.03,-0.1,-0.1,Matches
Ben Brereton,clCHI,FW,Southampton,25-300,1999,5.0,0,11,1,9.1,2.20,0.20,0.00,0.00,17.3,0,0,0,0.9,0.9,0.08,-0.9,-0.9,Matches
Nathan Broadhead,wlsWAL,"FW,MF",Ipswich Town,26-313,1998,4.2,0,8,5,62.5,1.89,1.18,0.00,0.00,16.8,0,0,0,1.0,1.0,0.12,-1.0,-1.0,Matches
Armando Broja,alALB,FW,Everton,23-155,2001,1.8,0,4,0,0.0,2.26,0.00,0.00,,17.3,0,0,0,0.1,0.1,0.03,-0.1,-0.1,Matches
David Brooks,wlsWAL,FW,Bournemouth,27-219,1997,6.4,2,18,9,50.0,2.83,1.42,0.11,0.22,16.4,0,0,0,1.6,1.6,0.09,+0.4,+0.4,Matches
Emi Buendía,arARG,"MF,FW",Aston Villa,28-049,1996,1.1,0,5,0,0.0,4.59,0.00,0.00,,19.1,1,0,0,0.7,0.7,0.13,-0.7,-0.7,Matches
Santiago Bueno,uyURU,DF,Wolves,26-095,1998,14.8,0,6,3,50.0,0.40,0.20,0.00,0.00,14.0,0,0,0,0.4,0.4,0.07,-0.4,-0.4,Matches
Facundo Buonanotte,arARG,"FW,MF",Leicester City,20-051,2004,12.7,4,24,10,41.7,1.88,0.79,0.17,0.40,17.4,0,0,0,3.2,3.2,0.13,+0.8,+0.8,Matches
Cameron Burgess,auAUS,DF,Ipswich Town,29-114,1995,10.0,0,9,1,11.1,0.90,0.10,0.00,0.00,9.7,0,0,0,0.7,0.7,0.08,-0.7,-0.7,Matches
Dan Burn,engENG,DF,Newcastle Utd,32-279,1992,23.0,0,14,4,28.6,0.61,0.17,0.00,0.00,10.5,0,0,0,1.1,1.1,0.08,-1.1,-1.1,Matches
Wes Burns,wlsWAL,"FW,DF",Ipswich Town,30-081,1994,10.3,0,7,1,14.3,0.68,0.10,0.00,0.00,18.3,0,0,0,0.5,0.5,0.07,-0.5,-0.5,Matches
Moisés Caicedo,ecECU,MF,Chelsea,23-102,2001,23.6,1,12,2,16.7,0.51,0.08,0.08,0.50,24.6,0,0,0,0.6,0.6,0.05,+0.4,+0.4,Matches
Tom Cairney,sctSCO,MF,Fulham,34-023,1991,4.4,1,4,1,25.0,0.91,0.23,0.25,1.00,23.5,1,0,0,0.1,0.1,0.04,+0.9,+0.9,Matches
Jens Cajuste,seSWE,MF,Ipswich Town,25-186,1999,11.6,0,4,0,0.0,0.35,0.00,0.00,,22.5,0,0,0,0.1,0.1,0.04,-0.1,-0.1,Matches
Riccardo Calafiori,itITA,DF,Arsenal,22-269,2002,8.4,2,7,5,71.4,0.84,0.60,0.29,0.40,13.0,0,0,0,0.7,0.7,0.10,+1.3,+1.3,Matches
Dominic Calvert-Lewin,engENG,FW,Everton,27-333,1997,17.5,3,46,17,37.0,2.63,0.97,0.07,0.18,12.3,0,0,0,6.1,6.1,0.13,-3.1,-3.1,Matches
Diego Carlos,brBRA,DF,Aston Villa,31-334,1993,9.2,0,4,1,25.0,0.43,0.11,0.00,0.00,6.7,0,0,0,0.6,0.6,0.16,-0.6,-0.6,Matches
Fabio Carvalho,ptPOR,"FW,MF",Brentford,22-166,2002,4.8,1,11,4,36.4,2.28,0.83,0.09,0.25,15.1,0,0,0,2.4,2.4,0.22,-1.4,-1.4,Matches
Casemiro,brBRA,MF,Manchester Utd,32-355,1992,9.3,1,18,5,27.8,1.94,0.54,0.06,0.20,19.4,0,0,0,1.1,1.1,0.06,-0.1,-0.1,Matches
Kaelan Casey,engENG,DF,West Ham,20-107,2004,0.0,0,0,0,,0.00,0.00,,,,0,0,0,0.0,0.0,,0.0,0.0,Matches
Matty Cash,plPOL,DF,Aston Villa,27-189,1997,14.0,1,6,3,50.0,0.43,0.21,0.17,0.33,16.2,0,0,0,0.2,0.2,0.04,+0.8,+0.8,Matches
Timothy Castagne,beBEL,DF,Fulham,29-069,1995,10.0,0,4,2,50.0,0.40,0.20,0.00,0.00,17.7,0,0,0,0.1,0.1,0.03,-0.1,-0.1,Matches
Trevoh Chalobah,engENG,DF,Crystal Palace,25-222,1999,11.8,3,11,4,36.4,0.93,0.34,0.27,0.75,15.1,0,0,0,1.2,1.2,0.11,+1.8,+1.8,Matches
Trevoh Chalobah,engENG,DF,Chelsea,25-222,1999,2.0,0,2,0,0.0,0.99,0.00,0.00,,9.8,0,0,0,0.1,0.1,0.07,-0.1,-0.1,Matches
Conor Chaplin,engENG,"MF,FW",Ipswich Town,27-362,1997,6.8,1,12,3,25.0,1.76,0.44,0.08,0.33,18.3,0,0,0,1.2,1.2,0.10,-0.2,-0.2,Matches
Federico Chiesa,itITA,FW,Liverpool,27-110,1997,0.3,0,2,1,50.0,6.43,3.21,0.00,0.00,21.8,0,0,0,0.2,0.2,0.08,-0.2,-0.2,Matches
Chiquinho,ptPOR,MF,Wolves,25-007,2000,0.1,0,0,0,,0.00,0.00,,,,0,0,0,0.0,0.0,,0.0,0.0,Matches
Hamza Choudhury,engENG,"MF,DF",Leicester City,27-134,1997,1.5,0,0,0,,0.00,0.00,,,,0,0,0,0.0,0.0,,0.0,0.0,Matches
Ryan Christie,sctSCO,MF,Bournemouth,29-356,1995,19.5,1,23,8,34.8,1.18,0.41,0.04,0.13,20.2,0,0,0,1.4,1.4,0.06,-0.4,-0.4,Matches
Harry Clarke,engENG,DF,Ipswich Town,23-347,2001,4.2,0,1,1,100.0,0.24,0.24,0.00,0.00,4.5,0,0,0,0.1,0.1,0.08,-0.1,-0.1,Matches
Jack Clarke,engENG,"FW,MF",Ipswich Town,24-081,2000,6.8,0,11,1,9.1,1.63,0.15,0.00,0.00,19.2,0,0,0,0.8,0.8,0.08,-0.8,-0.8,Matches
Nathaniel Clyne,engENG,"DF,MF",Crystal Palace,33-313,1991,4.4,0,1,0,0.0,0.23,0.00,0.00,,32.3,0,0,0,0.0,0.0,0.01,0.0,0.0,Matches
Conor Coady,engENG,DF,Leicester City,31-353,1993,8.0,0,0,0,,0.00,0.00,,,,0,0,0,0.0,0.0,,0.0,0.0,Matches
Séamus Coleman,ieIRL,DF,Everton,36-124,1988,2.2,0,1,1,100.0,0.46,0.46,0.00,0.00,10.5,0,0,0,0.6,0.6,0.57,-0.6,-0.6,Matches
Nathan Collins,ieIRL,DF,Brentford,23-288,2001,24.0,2,12,5,41.7,0.50,0.21,0.17,0.40,8.6,0,0,0,2.2,2.2,0.18,-0.2,-0.2,Matches
Toby Collyer,engENG,MF,Manchester Utd,21-040,2004,1.4,0,0,0,,0.00,0.00,,,,0,0,0,0.0,0.0,,0.0,0.0,Matches
Levi Colwill,engENG,DF,Chelsea,21-352,2003,22.0,0,7,1,14.3,0.32,0.05,0.00,0.00,8.1,0,0,0,0.5,0.5,0.07,-0.5,-0.5,Matches
Lewis Cook,engENG,"MF,DF",Bournemouth,28-009,1997,21.6,1,10,2,20.0,0.46,0.09,0.10,0.50,24.1,1,0,0,0.6,0.6,0.06,+0.4,+0.4,Matches
Maxwel Cornet,ciCIV,FW,Southampton,28-138,1996,0.8,0,1,0,0.0,1.25,0.00,0.00,,18.8,0,0,0,0.2,0.2,0.16,-0.2,-0.2,Matches
Vladimír Coufal,czCZE,DF,West Ham,32-174,1992,8.2,0,4,1,25.0,0.49,0.12,0.00,0.00,16.7,0,0,0,0.2,0.2,0.05,-0.2,-0.2,Matches
Woyo Coulibaly,frFRA,DF,Leicester City,25-268,1999,0.2,0,0,0,,0.00,0.00,,,,0,0,0,0.0,0.0,,0.0,0.0,Matches
Aaron Cresswell,engENG,DF,West Ham,35-059,1989,3.3,0,3,0,0.0,0.91,0.00,0.00,,29.8,2,0,0,0.1,0.1,0.04,-0.1,-0.1,Matches
Marc Cucurella,esESP,DF,Chelsea,26-205,1998,20.0,2,12,3,25.0,0.60,0.15,0.17,0.67,16.3,0,0,0,1.6,1.6,0.13,+0.4,+0.4,Matches
Jorge Cuenca,esESP,DF,Fulham,25-087,1999,1.0,0,0,0,,0.00,0.00,,,,0,0,0,0.0,0.0,,0.0,0.0,Matches
Matheus Cunha,brBRA,"MF,FW",Wolves,25-261,1999,20.8,11,71,29,40.8,3.41,1.39,0.15,0.38,20.4,6,0,0,5.2,5.2,0.07,+5.8,+5.8,Matches
Patson Daka,zmZAM,"FW,MF",Leicester City,26-126,1998,3.4,1,8,2,25.0,2.35,0.59,0.13,0.50,15.8,0,0,0,0.5,0.5,0.06,+0.5,+0.5,Matches
Diogo Dalot,ptPOR,DF,Manchester Utd,25-331,1999,22.6,0,18,4,22.2,0.80,0.18,0.00,0.00,17.2,0,0,0,1.4,1.4,0.08,-1.4,-1.4,Matches
Mikkel Damsgaard,dkDEN,"MF,FW",Brentford,24-224,2000,19.9,2,22,7,31.8,1.10,0.35,0.09,0.29,15.9,2,0,0,2.0,2.0,0.09,0.0,0.0,Matches
Danilo,brBRA,MF,Nott'ham Forest,23-289,2001,0.9,0,0,0,,0.00,0.00,,,,0,0,0,0.0,0.0,,0.0,0.0,Matches
Jayden Danns,engENG,MF,Liverpool,19-027,2006,0.1,0,0,0,,0.00,0.00,,,,0,0,0,0.0,0.0,,0.0,0.0,Matches
Ben Davies,wlsWAL,DF,Tottenham,31-294,1993,6.0,0,1,0,0.0,0.17,0.00,0.00,,10.1,0,0,0,0.1,0.1,0.07,-0.1,-0.1,Matches
Leif Davis,engENG,DF,Ipswich Town,25-031,2000,23.5,1,12,2,16.7,0.51,0.09,0.08,0.50,19.6,2,0,0,0.8,0.8,0.07,+0.2,+0.2,Matches
Craig Dawson,engENG,DF,Wolves,34-282,1990,10.8,0,5,1,20.0,0.46,0.09,0.00,0.00,8.5,0,0,0,0.5,0.5,0.10,-0.5,-0.5,Matches
Kevin De Bruyne,beBEL,MF,Manchester City,33-229,1991,11.2,2,33,8,24.2,2.94,0.71,0.06,0.25,22.5,4,0,0,2.5,2.5,0.08,-0.5,-0.5,Matches
Liam Delap,engENG,FW,Ipswich Town,22-004,2003,19.6,9,39,19,48.7,1.99,0.97,0.18,0.37,16.0,0,2,2,7.2,5.6,0.14,+1.8,+1.4,Matches
Sepp van den Berg,nlNED,DF,Brentford,23-054,2001,18.9,0,12,4,33.3,0.64,0.21,0.00,0.00,11.8,0,0,0,0.8,0.8,0.07,-0.8,-0.8,Matches
Justin Devenny,nirNIR,MF,Crystal Palace,21-124,2003,3.0,1,5,2,40.0,1.68,0.67,0.20,0.50,21.0,1,0,0,0.5,0.5,0.09,+0.5,+0.5,Matches
Kiernan Dewsbury-Hall,engENG,MF,Chelsea,26-159,1998,1.5,0,1,0,0.0,0.67,0.00,0.00,,7.8,0,0,0,0.2,0.2,0.22,-0.2,-0.2,Matches
Amad Diallo,ciCIV,"FW,MF",Manchester Utd,22-216,2002,17.7,6,40,13,32.5,2.26,0.73,0.15,0.46,17.7,0,0,0,4.1,4.1,0.10,+1.9,+1.9,Matches
Rúben Dias,ptPOR,DF,Manchester City,27-274,1997,13.1,0,13,3,23.1,0.99,0.23,0.00,0.00,20.1,0,0,0,1.1,1.1,0.08,-1.1,-1.1,Matches
Luis Díaz,coCOL,FW,Liverpool,28-030,1997,15.9,8,46,20,43.5,2.90,1.26,0.17,0.40,13.9,0,0,0,6.8,6.8,0.15,+1.2,+1.2,Matches
Tyler Dibling,engENG,"FW,MF",Southampton,18-337,2006,13.7,2,23,9,39.1,1.68,0.66,0.09,0.22,20.5,0,0,0,2.1,2.1,0.09,-0.1,-0.1,Matches
Lucas Digne,frFRA,DF,Aston Villa,31-207,1993,19.7,0,12,3,25.0,0.61,0.15,0.00,0.00,22.6,5,0,0,0.8,0.8,0.06,-0.8,-0.8,Matches
Issa Diop,frFRA,DF,Fulham,28-034,1997,11.9,0,5,2,40.0,0.42,0.17,0.00,0.00,10.7,0,0,0,0.5,0.5,0.11,-0.5,-0.5,Matches
Axel Disasi,frFRA,DF,Chelsea,26-338,1998,4.0,1,2,1,50.0,0.49,0.25,0.50,1.00,12.3,0,0,0,0.3,0.3,0.14,+0.7,+0.7,Matches
Roman Dixon,engENG,DF,Everton,20-048,2004,1.0,0,0,0,,0.00,0.00,,,,0,0,0,0.0,0.0,,0.0,0.0,Matches
Matt Doherty,ieIRL,DF,Wolves,33-027,1992,12.9,2,8,3,37.5,0.62,0.23,0.25,0.67,10.9,0,0,0,0.9,0.9,0.12,+1.1,+1.1,Matches
Jeremy Doku,beBEL,"FW,MF",Manchester City,22-261,2002,8.8,3,17,6,35.3,1.94,0.68,0.18,0.50,18.1,0,0,0,0.8,0.8,0.04,+2.2,+2.2,Matches
Nicolás Domínguez,arARG,"MF,FW",Nott'ham Forest,26-229,1998,12.5,0,13,4,30.8,1.04,0.32,0.00,0.00,18.0,0,0,0,1.2,1.2,0.10,-1.2,-1.2,Matches
Alfie Dorrington,engENG,DF,Tottenham,19-298,2005,0.2,0,0,0,,0.00,0.00,,,,0,0,0,0.0,0.0,,0.0,0.0,Matches
Abdoulaye Doucouré,mlMLI,MF,Everton,32-042,1993,18.7,1,14,3,21.4,0.75,0.16,0.07,0.33,14.3,0,0,0,1.7,1.7,0.12,-0.7,-0.7,Matches
Cheick Doucouré,mlMLI,MF,Crystal Palace,25-035,2000,5.0,0,7,0,0.0,1.39,0.00,0.00,,20.6,0,0,0,0.4,0.4,0.06,-0.4,-0.4,Matches
Flynn Downes,engENG,MF,Southampton,26-023,1999,15.9,1,9,3,33.3,0.57,0.19,0.11,0.33,17.6,0,0,0,0.6,0.6,0.07,+0.4,+0.4,Matches
Tommy Doyle,engENG,MF,Wolves,23-118,2001,5.1,0,8,2,25.0,1.56,0.39,0.00,0.00,24.8,0,0,0,0.5,0.5,0.06,-0.5,-0.5,Matches
Radu Drăgușin,roROU,DF,Tottenham,23-009,2002,13.9,0,5,1,20.0,0.36,0.07,0.00,0.00,12.7,0,0,0,0.1,0.1,0.02,-0.1,-0.1,Matches
Martin Dúbravka,skSVK,GK,Newcastle Utd,36-028,1989,9.0,0,0,0,,0.00,0.00,,,,0,0,0,0.0,0.0,,0.0,0.0,Matches
Lewis Dunk,engENG,DF,Brighton,33-083,1991,17.4,0,10,2,20.0,0.58,0.12,0.00,0.00,13.4,1,0,0,0.7,0.7,0.07,-0.7,-0.7,Matches
Jáder Durán,coCOL,FW,Aston Villa,21-061,2003,7.1,7,31,15,48.4,4.37,2.12,0.23,0.47,15.6,0,0,0,4.9,4.9,0.16,+2.1,+2.1,Matches
Ederson,brBRA,GK,Manchester City,31-179,1993,15.0,0,0,0,,0.00,0.00,,,,0,0,0,0.0,0.0,,0.0,0.0,Matches
George Edmundson,engENG,DF,Ipswich Town,27-165,1997,0.0,0,0,0,,0.00,0.00,,,,0,0,0,0.0,0.0,,0.0,0.0,Matches
Odsonne Édouard,frFRA,"MF,FW",Crystal Palace,27-027,1998,1.3,0,5,1,20.0,3.91,0.78,0.00,0.00,20.9,0,0,0,0.4,0.4,0.08,-0.4,-0.4,Matches
Odsonne Édouard,frFRA,FW,Leicester City,27-027,1998,0.3,0,0,0,,0.00,0.00,,,,0,0,0,0.0,0.0,,0.0,0.0,Matches
Samuel Edozie,engENG,"DF,FW",Southampton,22-015,2003,0.7,0,0,0,,0.00,0.00,,,,0,0,0,0.0,0.0,,0.0,0.0,Matches
Ronnie Edwards,engENG,DF,Southampton,21-321,2003,0.1,0,0,0,,0.00,0.00,,,,0,0,0,0.0,0.0,,0.0,0.0,Matches
Anthony Elanga,seSWE,"FW,MF",Nott'ham Forest,22-291,2002,16.2,3,28,13,46.4,1.73,0.80,0.11,0.23,17.4,4,0,0,2.6,2.6,0.09,+0.4,+0.4,Matches
Harvey Elliott,engENG,"MF,FW",Liverpool,21-314,2003,0.9,0,2,0,0.0,2.20,0.00,0.00,,13.4,0,0,0,0.1,0.1,0.03,-0.1,-0.1,Matches
Yunus Emre Konak,trTUR,"MF,FW",Brentford,19-033,2006,0.2,0,1,0,0.0,4.29,0.00,0.00,,21.4,0,0,0,0.2,0.2,0.15,-0.2,-0.2,Matches
Julio Enciso,pyPAR,MF,Ipswich Town,21-020,2004,1.1,0,6,2,33.3,5.40,1.80,0.00,0.00,23.9,1,0,0,0.4,0.4,0.07,-0.4,-0.4,Matches
Julio Enciso,pyPAR,"MF,FW",Brighton,21-020,2004,3.3,0,20,11,55.0,6.12,3.37,0.00,0.00,21.3,1,0,0,1.0,1.0,0.05,-1.0,-1.0,Matches
Wataru Endo,jpJPN,MF,Liverpool,32-003,1993,1.0,0,0,0,,0.00,0.00,,,,0,0,0,0.0,0.0,,0.0,0.0,Matches
Christian Eriksen,dkDEN,MF,Manchester Utd,32-364,1992,7.1,0,3,0,0.0,0.42,0.00,0.00,,22.3,0,0,0,0.1,0.1,0.04,-0.1,-0.1,Matches
Romain Esse,engENG,MF,Crystal Palace,19-275,2005,0.1,1,1,1,100.0,12.86,12.86,1.00,1.00,2.8,0,0,0,0.3,0.3,0.32,+0.7,+0.7,Matches
Pervis Estupiñán,ecECU,DF,Brighton,27-022,1998,15.7,0,14,4,28.6,0.89,0.25,0.00,0.00,25.5,2,0,0,0.6,0.6,0.04,-0.6,-0.6,Matches
Evanilson,brBRA,FW,Bournemouth,25-129,1999,15.2,5,42,20,47.6,2.76,1.31,0.12,0.25,13.5,0,0,1,6.6,5.8,0.14,-1.6,-0.8,Matches
Jonny Evans,nirNIR,DF,Manchester Utd,37-040,1988,3.2,0,1,0,0.0,0.31,0.00,0.00,,8.4,0,0,0,0.1,0.1,0.10,-0.1,-0.1,Matches
Eberechi Eze,engENG,"MF,FW",Crystal Palace,26-228,1998,17.9,2,65,19,29.2,3.63,1.06,0.03,0.11,20.9,10,0,0,4.9,4.9,0.08,-2.9,-2.9,Matches
Łukasz Fabiański,plPOL,GK,West Ham,39-300,1985,11.9,0,0,0,,0.00,0.00,,,,0,0,0,0.0,0.0,,0.0,0.0,Matches
Wout Faes,beBEL,DF,Leicester City,26-315,1998,18.3,1,9,1,11.1,0.49,0.05,0.11,1.00,8.4,0,0,0,1.1,1.1,0.13,-0.1,-0.1,Matches
Abdul Fatawu Issahaku,ghGHA,FW,Leicester City,20-341,2004,6.4,0,13,5,38.5,2.02,0.78,0.00,0.00,31.2,0,0,0,0.4,0.4,0.03,-0.4,-0.4,Matches
João Félix,ptPOR,"FW,MF",Chelsea,25-094,1999,4.1,1,20,5,25.0,4.88,1.22,0.05,0.20,15.9,0,0,0,2.2,2.2,0.11,-1.2,-1.2,Matches
Evan Ferguson,ieIRL,FW,Brighton,20-116,2004,2.7,1,7,2,28.6,2.56,0.73,0.14,0.50,19.2,1,0,0,0.5,0.5,0.08,+0.5,+0.5,Matches
Bruno Fernandes,ptPOR,MF,Manchester Utd,30-157,1994,21.4,5,61,15,24.6,2.85,0.70,0.03,0.13,21.0,7,3,3,7.8,5.5,0.09,-2.8,-3.5,Matches
Mateus Fernandes,ptPOR,MF,Southampton,20-217,2004,19.3,1,25,10,40.0,1.29,0.52,0.04,0.10,16.4,3,0,0,3.1,3.1,0.12,-2.1,-2.1,Matches
Enzo Fernández,arARG,MF,Chelsea,24-026,2001,18.8,3,27,9,33.3,1.44,0.48,0.11,0.33,17.8,2,0,0,2.9,2.9,0.11,+0.1,+0.1,Matches
Mark Flekken,nlNED,GK,Brentford,31-244,1993,22.4,0,0,0,,0.00,0.00,,,,0,0,0,0.0,0.0,,0.0,0.0,Matches
Phil Foden,engENG,"MF,FW",Manchester City,24-260,2000,15.2,7,45,14,31.1,2.97,0.92,0.16,0.50,18.1,1,0,0,4.6,4.6,0.10,+2.4,+2.4,Matches
Wesley Fofana,frFRA,DF,Chelsea,24-057,2000,11.3,0,2,0,0.0,0.18,0.00,0.00,,10.4,0,0,0,0.4,0.4,0.20,-0.4,-0.4,Matches
Carlos Forbs,ptPOR,"MF,FW",Wolves,20-330,2004,2.6,0,2,0,0.0,0.76,0.00,0.00,,19.1,0,0,0,0.1,0.1,0.07,-0.1,-0.1,Matches
Fraser Forster,engENG,GK,Tottenham,36-332,1988,7.0,0,0,0,,0.00,0.00,,,,0,0,0,0.0,0.0,,0.0,0.0,Matches
Ryan Fraser,sctSCO,"FW,DF",Southampton,30-354,1994,3.4,0,1,1,100.0,0.29,0.29,0.00,0.00,31.6,0,0,0,0.0,0.0,0.03,0.0,0.0,Matches
Niclas Füllkrug,deGER,FW,West Ham,32-003,1993,4.1,2,8,3,37.5,1.95,0.73,0.25,0.67,10.3,0,0,0,1.4,1.4,0.18,+0.6,+0.6,Matches
Cody Gakpo,nlNED,FW,Liverpool,25-281,1999,14.5,8,42,17,40.5,2.90,1.18,0.19,0.47,15.6,0,0,0,5.5,5.5,0.13,+2.5,+2.5,Matches
Idrissa Gana Gueye,snSEN,MF,Everton,35-139,1989,19.5,0,20,3,15.0,1.02,0.15,0.00,0.00,25.1,0,0,0,0.9,0.9,0.04,-0.9,-0.9,Matches
Andrés García,esESP,DF,Aston Villa,22-005,2003,0.5,0,0,0,,0.00,0.00,,,,0,0,0,0.0,0.0,,0.0,0.0,Matches
Alejandro Garnacho,arARG,"FW,MF",Manchester Utd,20-226,2004,14.7,3,51,19,37.3,3.47,1.29,0.06,0.16,16.4,0,0,0,5.1,5.1,0.10,-2.1,-2.1,Matches
James Garner,engENG,"DF,MF",Everton,23-336,2001,3.9,0,3,1,33.3,0.78,0.26,0.00,0.00,23.3,1,0,0,0.1,0.1,0.03,-0.1,-0.1,Matches
Tyrique George,engENG,FW,Chelsea,19-008,2006,0.1,0,0,0,,0.00,0.00,,,,0,0,0,0.0,0.0,,0.0,0.0,Matches
Morgan Gibbs-White,engENG,MF,Nott'ham Forest,25-016,2000,17.4,5,35,15,42.9,2.01,0.86,0.14,0.33,15.9,3,0,0,3.3,3.3,0.10,+1.7,+1.7,Matches
Billy Gilmour,sctSCO,MF,Brighton,23-246,2001,1.1,0,1,0,0.0,0.92,0.00,0.00,,25.5,1,0,0,0.1,0.1,0.08,-0.1,-0.1,Matches
Ben Godfrey,engENG,DF,Ipswich Town,27-028,1998,0.7,0,0,0,,0.00,0.00,,,,0,0,0,0.0,0.0,,0.0,0.0,Matches
Martial Godo,engENG,FW,Fulham,21-335,2003,0.2,0,0,0,,0.00,0.00,,,,0,0,0,0.0,0.0,,0.0,0.0,Matches
João Gomes,brBRA,MF,Wolves,24-000,2001,20.6,2,17,6,35.3,0.83,0.29,0.12,0.33,18.9,0,0,0,1.6,1.6,0.09,+0.4,+0.4,Matches
Rodrigo Gomes,ptPOR,"DF,FW",Wolves,21-220,2003,6.3,1,4,2,50.0,0.63,0.32,0.25,0.50,15.9,0,0,0,0.4,0.4,0.09,+0.6,+0.6,Matches
Toti Gomes,ptPOR,DF,Wolves,26-027,1999,15.0,0,2,0,0.0,0.13,0.00,0.00,,25.7,0,0,0,0.0,0.0,0.01,0.0,0.0,Matches
Diego Gómez,pyPAR,MF,Brighton,21-322,2003,0.5,0,0,0,,0.00,0.00,,,,0,0,0,0.0,0.0,,0.0,0.0,Matches
Joe Gomez,engENG,DF,Liverpool,27-265,1997,5.8,0,3,2,66.7,0.52,0.35,0.00,0.00,11.9,0,0,0,0.3,0.3,0.11,-0.3,-0.3,Matches
Anthony Gordon,engENG,FW,Newcastle Utd,23-354,2001,20.6,6,49,15,30.6,2.38,0.73,0.10,0.33,16.3,0,1,2,7.4,5.8,0.12,-1.4,-0.8,Matches
Ryan Gravenberch,nlNED,MF,Liverpool,22-272,2002,22.1,0,13,3,23.1,0.59,0.14,0.00,0.00,23.5,0,0,0,0.9,0.9,0.07,-0.9,-0.9,Matches
Archie Gray,engENG,DF,Tottenham,18-337,2006,10.7,0,1,1,100.0,0.09,0.09,0.00,0.00,24.6,0,0,0,0.0,0.0,0.02,0.0,0.0,Matches
Jack Grealish,engENG,"FW,MF",Manchester City,29-155,1995,6.8,0,13,4,30.8,1.92,0.59,0.00,0.00,16.7,0,0,0,0.8,0.8,0.06,-0.8,-0.8,Matches
Jacob Greaves,engENG,DF,Ipswich Town,24-153,2000,14.0,1,7,3,42.9,0.50,0.21,0.14,0.33,9.1,0,0,0,0.7,0.7,0.10,+0.3,+0.3,Matches
Brajan Gruda,deGER,"FW,MF",Brighton,20-257,2004,4.1,0,3,2,66.7,0.74,0.49,0.00,0.00,18.6,2,0,0,0.3,0.3,0.10,-0.3,-0.3,Matches
Albert Grønbaek,dkDEN,MF,Southampton,23-265,2001,0.8,0,2,0,0.0,2.61,0.00,0.00,,22.4,0,0,0,0.1,0.1,0.06,-0.1,-0.1,Matches
Gonçalo Guedes,ptPOR,"MF,FW",Wolves,28-075,1996,7.7,2,18,7,38.9,2.33,0.91,0.11,0.29,19.9,0,0,0,2.2,2.2,0.12,-0.2,-0.2,Matches
Marc Guéhi,engENG,DF,Crystal Palace,24-214,2000,23.0,3,10,5,50.0,0.43,0.22,0.30,0.60,9.3,0,0,0,1.5,1.5,0.15,+1.5,+1.5,Matches
Luis Guilherme,brBRA,"MF,FW",West Ham,19-003,2006,0.6,0,1,0,0.0,1.67,0.00,0.00,,23.7,0,0,0,0.0,0.0,0.03,0.0,0.0,Matches
Bruno Guimarães,brBRA,MF,Newcastle Utd,27-088,1997,23.2,2,28,6,21.4,1.21,0.26,0.07,0.33,18.3,0,0,0,2.2,2.2,0.08,-0.2,-0.2,Matches
Marc Guiu,esESP,FW,Chelsea,19-039,2006,0.8,0,0,0,,0.00,0.00,,,,0,0,0,0.0,0.0,,0.0,0.0,Matches
İlkay Gündoğan,deGER,MF,Manchester City,34-111,1990,14.9,0,16,4,25.0,1.07,0.27,0.00,0.00,18.4,2,0,0,1.6,1.6,0.10,-1.6,-1.6,Matches
Malo Gusto,frFRA,DF,Chelsea,21-269,2003,14.5,0,17,2,11.8,1.18,0.14,0.00,0.00,20.7,0,0,0,1.5,1.5,0.09,-1.5,-1.5,Matches
Joško Gvardiol,hrCRO,DF,Manchester City,23-020,2002,22.5,5,34,11,32.4,1.51,0.49,0.15,0.45,13.4,0,0,0,4.2,3.8,0.11,+0.8,+1.2,Matches
Erling Haaland,noNOR,FW,Manchester City,24-206,2000,23.6,19,90,50,55.6,3.81,2.12,0.20,0.36,12.1,1,1,2,18.2,16.6,0.19,+0.8,+1.4,Matches
Lewis Hall,engENG,DF,Newcastle Utd,20-157,2004,21.3,0,11,1,9.1,0.52,0.05,0.00,0.00,18.8,0,0,0,0.4,0.4,0.04,-0.4,-0.4,Matches
Ali Al Hamadi,iqIRQ,FW,Ipswich Town,22-348,2002,1.5,0,4,0,0.0,2.69,0.00,0.00,,15.7,0,0,0,0.4,0.4,0.09,-0.4,-0.4,Matches
Marcus Harness,engENG,MF,Ipswich Town,28-354,1996,0.5,0,0,0,,0.00,0.00,,,,0,0,0,0.0,0.0,,0.0,0.0,Matches
Jack Harrison,engENG,FW,Everton,28-084,1996,11.1,0,16,4,25.0,1.44,0.36,0.00,0.00,15.5,0,0,0,2.2,2.2,0.14,-2.2,-2.2,Matches
Taylor Harwood-Bellis,engENG,DF,Southampton,23-013,2002,21.1,1,16,6,37.5,0.76,0.28,0.06,0.17,10.3,0,0,0,1.6,1.6,0.10,-0.6,-0.6,Matches
Kai Havertz,deGER,"FW,MF",Arsenal,25-246,1999,20.4,9,52,21,40.4,2.54,1.03,0.17,0.43,11.7,0,0,0,9.4,9.4,0.18,-0.4,-0.4,Matches
Jan Paul van Hecke,nlNED,DF,Brighton,24-249,2000,20.9,0,10,2,20.0,0.48,0.10,0.00,0.00,15.6,0,0,0,0.8,0.8,0.08,-0.8,-0.8,Matches
Hwang Hee-chan,krKOR,"MF,FW",Wolves,29-017,1996,6.9,2,5,3,60.0,0.73,0.44,0.40,0.67,17.4,0,0,0,0.8,0.8,0.16,+1.2,+1.2,Matches
Dean Henderson,engENG,GK,Crystal Palace,27-337,1997,24.0,0,1,0,0.0,0.04,0.00,0.00,,14.9,0,0,0,0.0,0.0,0.01,0.0,0.0,Matches
Rico Henry,engENG,DF,Brentford,27-219,1997,0.0,0,0,0,,0.00,0.00,,,,0,0,0,0.0,0.0,,0.0,0.0,Matches
Mads Hermansen,dkDEN,GK,Leicester City,24-216,2000,16.5,0,0,0,,0.00,0.00,,,,0,0,0,0.0,0.0,,0.0,0.0,Matches
Son Heung-min,krKOR,FW,Tottenham,32-219,1992,17.6,6,41,21,51.2,2.33,1.19,0.15,0.29,17.7,1,0,1,5.0,4.3,0.11,+1.0,+1.7,Matches
James Hill,engENG,"DF,MF",Bournemouth,23-033,2002,2.0,0,1,0,0.0,0.50,0.00,0.00,,26.1,0,0,0,0.0,0.0,0.01,0.0,0.0,Matches
Jack Hinshelwood,engENG,"MF,DF",Brighton,19-307,2005,10.0,1,8,3,37.5,0.80,0.30,0.13,0.33,15.5,0,0,0,0.8,0.8,0.10,+0.2,+0.2,Matches
George Hirst,engENG,FW,Ipswich Town,25-363,1999,2.4,1,4,3,75.0,1.64,1.23,0.25,0.33,9.6,0,0,0,1.0,1.0,0.24,0.0,0.0,Matches
Mason Holgate,engENG,"FW,DF",Everton,28-113,1996,0.1,0,0,0,,0.00,0.00,,,,0,0,0,0.0,0.0,,0.0,0.0,Matches
Callum Hudson-Odoi,engENG,"FW,MF",Nott'ham Forest,24-097,2000,16.9,3,27,10,37.0,1.59,0.59,0.11,0.30,18.6,0,0,0,1.9,1.9,0.07,+1.1,+1.1,Matches
Will Hughes,engENG,MF,Crystal Palace,29-301,1995,15.7,0,14,1,7.1,0.89,0.06,0.00,0.00,22.7,0,0,0,0.8,0.8,0.06,-0.8,-0.8,Matches
Dean Huijsen,esESP,DF,Bournemouth,19-304,2005,13.8,2,11,2,18.2,0.80,0.14,0.18,1.00,10.1,0,0,0,1.5,1.5,0.13,+0.5,+0.5,Matches
Omari Hutchinson,engENG,"MF,FW",Ipswich Town,21-105,2003,20.7,2,29,13,44.8,1.40,0.63,0.07,0.15,20.5,2,0,0,1.8,1.8,0.06,+0.2,+0.2,Matches
Rasmus Højlund,dkDEN,FW,Manchester Utd,22-008,2003,12.3,2,13,6,46.2,1.05,0.49,0.15,0.33,14.3,0,0,0,2.4,2.4,0.19,-0.4,-0.4,Matches
Igor,brBRA,DF,Brighton,27-005,1998,10.0,0,1,0,0.0,0.10,0.00,0.00,,14.1,0,0,0,0.0,0.0,0.05,0.0,0.0,Matches
Danny Ings,engENG,"FW,MF",West Ham,32-204,1992,3.1,1,14,5,35.7,4.55,1.62,0.07,0.20,15.5,0,0,0,2.3,2.3,0.16,-1.3,-1.3,Matches
Tim Iroegbunam,engENG,MF,Everton,21-227,2003,4.4,0,4,0,0.0,0.92,0.00,0.00,,20.5,0,0,0,0.2,0.2,0.05,-0.2,-0.2,Matches
Andy Irving,sctSCO,MF,West Ham,24-275,2000,1.8,0,4,2,50.0,2.18,1.09,0.00,0.00,26.2,0,0,0,0.1,0.1,0.03,-0.1,-0.1,Matches
Alexander Isak,seSWE,FW,Newcastle Utd,25-144,1999,20.0,17,63,30,47.6,3.15,1.50,0.25,0.53,14.6,3,1,1,14.1,13.4,0.21,+2.9,+2.6,Matches
Alex Iwobi,ngNGA,"FW,MF",Fulham,28-285,1996,22.4,7,45,21,46.7,2.01,0.94,0.16,0.33,17.9,0,0,0,3.3,3.3,0.07,+3.7,+3.7,Matches
Nicolas Jackson,snSEN,FW,Chelsea,23-237,2001,19.3,9,63,30,47.6,3.27,1.56,0.14,0.30,12.2,0,0,0,11.4,11.4,0.18,-2.4,-2.4,Matches
Reece James,engENG,DF,Chelsea,25-066,1999,5.4,1,4,1,25.0,0.74,0.19,0.25,1.00,23.8,1,0,0,0.1,0.1,0.03,+0.9,+0.9,Matches
Vitaly Janelt,deGER,MF,Brentford,26-278,1998,19.1,1,12,4,33.3,0.63,0.21,0.08,0.25,19.4,0,0,0,0.6,0.6,0.05,+0.4,+0.4,Matches
Vitezslav Jaros,czCZE,GK,Liverpool,23-204,2001,0.1,0,0,0,,0.00,0.00,,,,0,0,0,0.0,0.0,,0.0,0.0,Matches
Daniel Jebbison,engENG,"FW,MF",Bournemouth,21-183,2003,0.7,0,2,1,50.0,3.05,1.53,0.00,0.00,12.3,0,0,0,0.2,0.2,0.10,-0.2,-0.2,Matches
Mathias Jensen,dkDEN,MF,Brentford,29-042,1996,7.8,0,6,1,16.7,0.77,0.13,0.00,0.00,23.1,0,0,0,0.2,0.2,0.04,-0.2,-0.2,Matches
Gabriel Jesus,brBRA,FW,Arsenal,27-315,1997,6.8,3,20,7,35.0,2.96,1.04,0.15,0.43,11.1,0,0,0,3.0,3.0,0.15,0.0,0.0,Matches
Raúl Jiménez,mxMEX,FW,Fulham,33-283,1991,16.9,9,59,20,33.9,3.49,1.18,0.10,0.30,14.5,0,3,3,8.6,6.3,0.11,+0.4,-0.3,Matches
Kim Jisoo,krKOR,DF,Brentford,20-050,2004,0.3,0,0,0,,0.00,0.00,,,,0,0,0,0.0,0.0,,0.0,0.0,Matches
João Pedro,brBRA,"FW,MF",Brighton,23-139,2001,14.9,5,30,12,40.0,2.01,0.81,0.13,0.33,16.3,0,1,1,4.0,3.2,0.11,+1.0,+0.8,Matches
Joelinton,brBRA,"MF,FW",Newcastle Utd,28-182,1996,21.3,4,39,11,28.2,1.83,0.52,0.10,0.36,13.9,0,0,0,3.7,3.7,0.09,+0.3,+0.3,Matches
Ben Johnson,engENG,"DF,FW",Ipswich Town,25-019,2000,9.2,0,3,2,66.7,0.33,0.22,0.00,0.00,14.4,0,0,0,0.4,0.4,0.13,-0.4,-0.4,Matches
Brennan Johnson,wlsWAL,FW,Tottenham,23-265,2001,16.6,7,45,16,35.6,2.71,0.97,0.16,0.44,11.7,0,0,0,8.0,8.0,0.18,-1.0,-1.0,Matches
Sam Johnstone,engENG,GK,Wolves,31-324,1993,7.0,0,0,0,,0.00,0.00,,,,0,0,0,0.0,0.0,,0.0,0.0,Matches
Curtis Jones,engENG,MF,Liverpool,24-013,2001,10.3,3,21,10,47.6,2.04,0.97,0.14,0.30,15.2,0,0,0,3.3,3.3,0.16,-0.3,-0.3,Matches
Jorginho,itITA,MF,Arsenal,33-054,1991,5.1,0,1,0,0.0,0.20,0.00,0.00,,22.5,0,0,0,0.0,0.0,0.04,0.0,0.0,Matches
Diogo Jota,ptPOR,FW,Liverpool,28-070,1996,7.0,5,25,10,40.0,3.58,1.43,0.20,0.50,12.3,0,0,0,4.9,4.9,0.19,+0.1,+0.1,Matches
James Justin,engENG,DF,Leicester City,26-355,1998,22.0,2,22,6,27.3,1.00,0.27,0.09,0.33,15.1,1,0,0,1.4,1.4,0.06,+0.6,+0.6,Matches
Filip Jørgensen,dkDEN,GK,Chelsea,22-302,2002,3.0,0,0,0,,0.00,0.00,,,,0,0,0,0.0,0.0,,0.0,0.0,Matches
Ferdi Kadioglu,trTUR,"DF,MF",Brighton,25-128,1999,4.3,1,4,1,25.0,0.94,0.23,0.25,1.00,15.1,0,0,0,0.4,0.4,0.11,+0.6,+0.6,Matches
Daichi Kamada,jpJPN,MF,Crystal Palace,28-191,1996,10.4,0,13,4,30.8,1.25,0.39,0.00,0.00,20.5,0,0,0,0.7,0.7,0.05,-0.7,-0.7,Matches
Boubacar Kamara,frFRA,MF,Aston Villa,25-081,1999,11.5,0,5,1,20.0,0.43,0.09,0.00,0.00,20.1,0,0,0,0.3,0.3,0.05,-0.3,-0.3,Matches
Michael Kayode,itITA,DF,Brentford,20-217,2004,0.2,0,0,0,,0.00,0.00,,,,0,0,0,0.0,0.0,,0.0,0.0,Matches
Michael Keane,engENG,DF,Everton,32-032,1993,9.0,2,8,3,37.5,0.89,0.33,0.25,0.67,14.8,0,0,0,0.4,0.4,0.05,+1.6,+1.6,Matches
Caoimhín Kelleher,ieIRL,GK,Liverpool,26-081,1998,8.0,0,0,0,,0.00,0.00,,,,0,0,0,0.0,0.0,,0.0,0.0,Matches
Lloyd Kelly,engENG,DF,Newcastle Utd,26-129,1998,3.4,0,3,0,0.0,0.89,0.00,0.00,,7.3,0,0,0,0.4,0.4,0.14,-0.4,-0.4,Matches
Milos Kerkez,huHUN,DF,Bournemouth,21-097,2003,23.2,2,13,3,23.1,0.56,0.13,0.15,0.67,20.9,0,0,0,0.4,0.4,0.03,+1.6,+1.6,Matches
Bilal El Khannouss,maMAR,MF,Leicester City,20-278,2004,12.2,2,14,3,21.4,1.15,0.25,0.14,0.67,23.9,0,0,0,0.5,0.5,0.04,+1.5,+1.5,Matches
Abdukodir Khusanov,uzUZB,DF,Manchester City,20-349,2004,0.6,0,1,0,0.0,1.70,0.00,0.00,,23.9,0,0,0,0.0,0.0,0.02,0.0,0.0,Matches
Max Kilman,engENG,DF,West Ham,27-265,1997,23.2,0,10,2,20.0,0.43,0.09,0.00,0.00,7.9,0,0,0,1.4,1.4,0.14,-1.4,-1.4,Matches
Joshua King,engENG,"MF,FW",Fulham,18-040,2007,0.9,0,1,0,0.0,1.13,0.00,0.00,,5.3,0,0,0,0.2,0.2,0.20,-0.2,-0.2,Matches
Antonín Kinský,czCZE,GK,Tottenham,21-336,2003,4.0,0,0,0,,0.00,0.00,,,,0,0,0,0.0,0.0,,0.0,0.0,Matches
Jakub Kiwior,plPOL,DF,Arsenal,24-363,2000,3.6,0,0,0,,0.00,0.00,,,,0,0,0,0.0,0.0,,0.0,0.0,Matches
Justin Kluivert,nlNED,"MF,FW",Bournemouth,25-283,1999,17.0,11,43,19,44.2,2.53,1.12,0.12,0.26,20.0,0,6,6,8.8,4.1,0.10,+2.2,+0.9,Matches
Ibrahima Konaté,frFRA,DF,Liverpool,25-263,1999,15.5,1,11,2,18.2,0.71,0.13,0.09,0.50,11.2,0,0,0,1.0,1.0,0.09,0.0,0.0,Matches
Ezri Konsa,engENG,DF,Aston Villa,27-112,1997,21.1,1,5,2,40.0,0.24,0.09,0.20,0.50,9.1,0,0,0,0.6,0.6,0.12,+0.4,+0.4,Matches
Mateo Kovačić,hrCRO,MF,Manchester City,30-282,1994,17.2,4,32,8,25.0,1.86,0.47,0.13,0.50,22.0,0,0,0,1.4,1.4,0.04,+2.6,+2.6,Matches
Caleb Kporha,engENG,DF,Crystal Palace,18-212,2006,0.1,0,0,0,,0.00,0.00,,,,0,0,0,0.0,0.0,,0.0,0.0,Matches
Emil Krafth,seSWE,DF,Newcastle Utd,30-194,1994,2.7,0,1,0,0.0,0.37,0.00,0.00,,14.6,0,0,0,0.0,0.0,0.03,0.0,0.0,Matches
Mohammed Kudus,ghGHA,"MF,FW",West Ham,24-194,2000,17.4,3,52,15,28.8,2.99,0.86,0.06,0.20,15.2,0,0,0,4.8,4.8,0.09,-1.8,-1.8,Matches
Dejan Kulusevski,seSWE,"MF,FW",Tottenham,24-293,2000,21.7,6,38,14,36.8,1.75,0.65,0.16,0.43,14.8,0,0,0,3.7,3.7,0.10,+2.3,+2.3,Matches
Maxence Lacroix,frFRA,DF,Crystal Palace,24-312,2000,21.0,1,19,4,21.1,0.90,0.19,0.05,0.25,12.4,0,0,0,1.8,1.8,0.10,-0.8,-0.8,Matches
Adam Lallana,engENG,MF,Southampton,36-278,1988,3.8,0,3,0,0.0,0.79,0.00,0.00,,18.1,0,0,0,0.2,0.2,0.06,-0.2,-0.2,Matches
Tariq Lamptey,ghGHA,DF,Brighton,24-135,2000,5.8,2,5,2,40.0,0.87,0.35,0.40,1.00,19.0,0,0,0,0.4,0.4,0.07,+1.6,+1.6,Matches
Will Lankshear,engENG,"FW,MF",Tottenham,19-298,2005,0.1,0,0,0,,0.00,0.00,,,,0,0,0,0.0,0.0,,0.0,0.0,Matches
Roméo Lavia,beBEL,MF,Chelsea,21-037,2004,5.9,0,1,0,0.0,0.17,0.00,0.00,,16.0,0,0,0,0.2,0.2,0.18,-0.2,-0.2,Matches
Mario Lemina,gaGAB,"MF,DF",Wolves,31-164,1993,15.2,1,18,5,27.8,1.19,0.33,0.06,0.20,21.9,0,0,0,1.4,1.4,0.08,-0.4,-0.4,Matches
Bernd Leno,deGER,GK,Fulham,32-345,1992,24.0,0,0,0,,0.00,0.00,,,,0,0,0,0.0,0.0,,0.0,0.0,Matches
Jefferson Lerma,coCOL,MF,Crystal Palace,30-110,1994,14.4,0,20,7,35.0,1.39,0.49,0.00,0.00,20.4,0,0,0,0.8,0.8,0.04,-0.8,-0.8,Matches
Rico Lewis,engENG,"DF,MF",Manchester City,20-083,2004,15.6,1,9,2,22.2,0.58,0.13,0.11,0.50,17.1,0,0,0,1.2,1.2,0.13,-0.2,-0.2,Matches
Keane Lewis-Potter,engENG,"DF,FW",Brentford,23-356,2001,21.3,1,21,11,52.4,0.98,0.52,0.05,0.09,19.9,1,0,0,2.3,2.3,0.11,-1.3,-1.3,Matches
Myles Lewis-Skelly,engENG,DF,Arsenal,18-139,2006,6.1,1,1,1,100.0,0.16,0.16,1.00,1.00,13.9,0,0,0,0.0,0.0,0.04,+1.0,+1.0,Matches
Matthijs de Ligt,nlNED,DF,Manchester Utd,25-184,1999,17.2,1,13,6,46.2,0.76,0.35,0.08,0.17,8.2,0,0,0,1.8,1.8,0.14,-0.8,-0.8,Matches
Pedro Lima,brBRA,DF,Wolves,18-226,2006,0.6,0,0,0,,0.00,0.00,,,,0,0,0,0.0,0.0,,0.0,0.0,Matches
Victor Lindelöf,seSWE,"DF,MF",Manchester Utd,30-210,1994,0.7,0,0,0,,0.00,0.00,,,,0,0,0,0.0,0.0,,0.0,0.0,Matches
Jesper Lindstrøm,dkDEN,FW,Everton,24-349,2000,9.7,0,26,9,34.6,2.68,0.93,0.00,0.00,21.0,6,0,0,2.0,2.0,0.08,-2.0,-2.0,Matches
Valentino Livramento,engENG,DF,Newcastle Utd,22-092,2002,18.3,0,3,1,33.3,0.16,0.05,0.00,0.00,20.3,0,0,0,0.1,0.1,0.04,-0.1,-0.1,Matches
Sean Longstaff,engENG,MF,Newcastle Utd,27-105,1997,8.0,0,6,1,16.7,0.75,0.12,0.00,0.00,13.5,0,0,0,0.6,0.6,0.10,-0.6,-0.6,Matches
Saša Lukić,rsSRB,MF,Fulham,28-183,1996,16.7,0,9,0,0.0,0.54,0.00,0.00,,20.1,0,0,0,0.7,0.7,0.08,-0.7,-0.7,Matches
Joe Lumley,engENG,GK,Southampton,29-363,1995,3.0,0,0,0,,0.00,0.00,,,,0,0,0,0.0,0.0,,0.0,0.0,Matches
Massimo Luongo,auAUS,MF,Ipswich Town,32-140,1992,1.9,0,0,0,,0.00,0.00,,,,0,0,0,0.0,0.0,,0.0,0.0,Matches
Ian Maatsen,nlNED,DF,Aston Villa,22-339,2002,5.1,0,6,2,33.3,1.18,0.39,0.00,0.00,26.3,0,0,0,0.2,0.2,0.03,-0.2,-0.2,Matches
Alexis Mac Allister,arARG,MF,Liverpool,26-050,1998,18.1,1,25,7,28.0,1.38,0.39,0.04,0.14,17.6,0,0,0,1.9,1.9,0.08,-0.9,-0.9,Matches
James Maddison,engENG,MF,Tottenham,28-081,1996,14.4,8,35,16,45.7,2.42,1.11,0.23,0.50,16.4,4,0,0,4.9,4.9,0.14,+3.1,+3.1,Matches
Noni Madueke,engENG,FW,Chelsea,22-339,2002,15.9,7,64,25,39.1,4.02,1.57,0.11,0.28,14.7,0,0,0,7.6,7.6,0.12,-0.6,-0.6,Matches
Gabriel Magalhães,brBRA,DF,Arsenal,27-055,1997,21.1,3,20,5,25.0,0.95,0.24,0.15,0.60,9.2,0,0,0,2.5,2.5,0.12,+0.5,+0.5,Matches
Edmond-Paris Maghoma,engENG,MF,Brentford,23-280,2001,0.9,0,0,0,,0.00,0.00,,,,0,0,0,0.0,0.0,,0.0,0.0,Matches
Harry Maguire,engENG,DF,Manchester Utd,31-344,1993,12.1,0,5,1,20.0,0.41,0.08,0.00,0.00,9.5,0,0,0,0.6,0.6,0.12,-0.6,-0.6,Matches
Kobbie Mainoo,engENG,MF,Manchester Utd,19-299,2005,14.3,0,10,1,10.0,0.70,0.07,0.00,0.00,20.2,0,0,0,0.5,0.5,0.05,-0.5,-0.5,Matches
Tyrell Malacia,nlNED,DF,Manchester Utd,25-179,1999,1.1,0,0,0,,0.00,0.00,,,,0,0,0,0.0,0.0,,0.0,0.0,Matches
Donyell Malen,nlNED,FW,Aston Villa,26-034,1999,0.8,0,3,3,100.0,3.86,3.86,0.00,0.00,18.5,0,0,0,0.2,0.2,0.08,-0.2,-0.2,Matches
Orel Mangala,beBEL,MF,Everton,26-331,1998,14.0,1,16,6,37.5,1.14,0.43,0.06,0.17,22.1,0,0,0,1.1,1.1,0.07,-0.1,-0.1,Matches
Ryan Manning,ieIRL,DF,Southampton,28-243,1996,8.5,0,3,0,0.0,0.35,0.00,0.00,,16.3,0,0,0,0.1,0.1,0.05,-0.1,-0.1,Matches
Solly March,engENG,"MF,DF",Brighton,30-207,1994,0.3,0,1,0,0.0,3.60,0.00,0.00,,18.2,0,0,0,0.1,0.1,0.06,-0.1,-0.1,Matches
Omar Marmoush,egEGY,"FW,MF",Manchester City,26-005,1999,1.6,0,3,0,0.0,1.87,0.00,0.00,,24.4,1,0,0,0.2,0.2,0.06,-0.2,-0.2,Matches
Gabriel Martinelli,brBRA,"FW,MF",Arsenal,23-239,2001,16.2,6,27,14,51.9,1.67,0.86,0.22,0.43,12.6,0,0,0,4.1,4.1,0.15,+1.9,+1.9,Matches
Emiliano Martínez,arARG,GK,Aston Villa,32-163,1992,23.5,0,0,0,,0.00,0.00,,,,0,0,0,0.0,0.0,,0.0,0.0,Matches
Lisandro Martínez,arARG,DF,Manchester Utd,27-025,1998,19.5,2,17,6,35.3,0.87,0.31,0.12,0.33,15.9,0,0,0,1.3,1.3,0.08,+0.7,+0.7,Matches
Pape Matar Sarr,snSEN,MF,Tottenham,22-151,2002,13.9,2,22,11,50.0,1.58,0.79,0.09,0.18,22.4,0,0,0,2.4,2.4,0.11,-0.4,-0.4,Matches
Jean-Philippe Mateta,frFRA,FW,Crystal Palace,27-229,1997,20.7,10,46,17,37.0,2.22,0.82,0.17,0.47,15.3,0,2,2,9.7,8.2,0.18,+0.3,-0.2,Matches
Stephy Mavididi,engENG,FW,Leicester City,26-257,1998,14.3,3,20,6,30.0,1.40,0.42,0.15,0.50,15.0,1,0,0,1.5,1.5,0.08,+1.5,+1.5,Matches
Konstantinos Mavropanos,grGRE,DF,West Ham,27-063,1997,15.6,0,14,4,28.6,0.90,0.26,0.00,0.00,16.7,0,0,0,0.9,0.9,0.06,-0.9,-0.9,Matches
Noussair Mazraoui,maMAR,DF,Manchester Utd,27-090,1997,20.4,0,10,2,20.0,0.49,0.10,0.00,0.00,20.9,0,0,0,0.5,0.5,0.05,-0.5,-0.5,Matches
Bryan Mbeumo,cmCMR,FW,Brentford,25-189,1999,23.9,14,45,23,51.1,1.88,0.96,0.22,0.43,17.8,4,4,4,7.9,4.8,0.11,+6.1,+5.2,Matches
James Mcatee,engENG,"MF,FW",Manchester City,22-117,2002,1.0,1,4,1,25.0,4.04,1.01,0.25,1.00,14.6,0,0,0,0.8,0.8,0.20,+0.2,+0.2,Matches
Kasey McAteer,ieIRL,"FW,MF",Leicester City,23-082,2001,4.3,0,6,2,33.3,1.40,0.47,0.00,0.00,15.8,0,0,0,0.6,0.6,0.09,-0.6,-0.6,Matches
Alex McCarthy,engENG,GK,Southampton,35-071,1989,5.0,0,0,0,,0.00,0.00,,,,0,0,0,0.0,0.0,,0.0,0.0,Matches
John McGinn,sctSCO,"MF,FW",Aston Villa,30-117,1994,15.1,0,20,2,10.0,1.32,0.13,0.00,0.00,16.9,0,0,0,1.9,1.9,0.09,-1.9,-1.9,Matches
Dwight McNeil,engENG,"MF,FW",Everton,25-082,1999,12.7,3,23,8,34.8,1.82,0.63,0.13,0.38,22.0,0,0,0,0.9,0.9,0.04,+2.1,+2.1,Matches
Scott McTominay,sctSCO,MF,Manchester Utd,28-066,1996,0.2,0,1,0,0.0,4.74,0.00,0.00,,10.7,0,0,0,0.1,0.1,0.07,-0.1,-0.1,Matches
Ben Mee,engENG,DF,Brentford,35-144,1989,2.0,0,0,0,,0.00,0.00,,,,0,0,0,0.0,0.0,,0.0,0.0,Matches
Jayden Meghoma,engENG,DF,Brentford,18-229,2006,0.1,0,0,0,,0.00,0.00,,,,0,0,0,0.0,0.0,,0.0,0.0,Matches
Mikel Merino,esESP,MF,Arsenal,28-235,1996,8.5,2,16,6,37.5,1.88,0.70,0.13,0.33,12.8,0,0,0,2.2,2.2,0.13,-0.2,-0.2,Matches
Nikola Milenković,rsSRB,DF,Nott'ham Forest,27-123,1997,23.0,2,22,5,22.7,0.96,0.22,0.09,0.40,12.4,0,0,0,3.1,3.1,0.14,-1.1,-1.1,Matches
Lewis Miley,engENG,MF,Newcastle Utd,18-287,2006,0.4,0,0,0,,0.00,0.00,,,,0,0,0,0.0,0.0,,0.0,0.0,Matches
James Milner,engENG,MF,Brighton,39-039,1986,1.9,0,2,0,0.0,1.07,0.00,0.00,,16.0,0,0,0,0.2,0.2,0.08,-0.2,-0.2,Matches
Tyrone Mings,engENG,DF,Aston Villa,31-336,1993,5.2,0,3,0,0.0,0.58,0.00,0.00,,8.5,0,0,0,0.2,0.2,0.07,-0.2,-0.2,Matches
Yankuba Minteh,gmGAM,"FW,MF",Brighton,20-205,2004,9.3,3,16,6,37.5,1.71,0.64,0.19,0.50,15.0,0,0,0,2.4,2.4,0.15,+0.6,+0.6,Matches
Tyrick Mitchell,engENG,DF,Crystal Palace,25-164,1999,23.2,0,9,2,22.2,0.39,0.09,0.00,0.00,13.6,0,0,0,0.6,0.6,0.07,-0.6,-0.6,Matches
Kaoru Mitoma,jpJPN,"FW,MF",Brighton,27-268,1997,21.0,5,39,16,41.0,1.86,0.76,0.13,0.31,14.5,0,0,0,5.1,5.1,0.13,-0.1,-0.1,Matches
Jakub Moder,plPOL,MF,Brighton,25-311,1999,0.1,0,0,0,,0.00,0.00,,,,0,0,0,0.0,0.0,,0.0,0.0,Matches
Mikey Moore,engENG,"FW,MF",Tottenham,17-185,2007,2.1,0,3,0,0.0,1.46,0.00,0.00,,19.5,0,0,0,0.2,0.2,0.07,-0.2,-0.2,Matches
Morato,brBRA,DF,Nott'ham Forest,23-227,2001,5.9,0,1,0,0.0,0.17,0.00,0.00,,7.0,0,0,0,0.1,0.1,0.10,-0.1,-0.1,Matches
Álex Moreno,esESP,DF,Nott'ham Forest,31-249,1993,9.0,0,6,0,0.0,0.66,0.00,0.00,,23.7,0,0,0,0.2,0.2,0.03,-0.2,-0.2,Matches
Sam Morsy,egEGY,MF,Ipswich Town,33-155,1991,21.1,1,8,1,12.5,0.38,0.05,0.13,1.00,25.6,0,0,0,0.3,0.3,0.04,+0.7,+0.7,Matches
Yerson Mosquera,coCOL,DF,Wolves,23-286,2001,4.9,0,2,0,0.0,0.41,0.00,0.00,,12.4,0,0,0,0.3,0.3,0.17,-0.3,-0.3,Matches
Mason Mount,engENG,"MF,FW",Manchester Utd,26-033,1999,2.7,0,3,2,66.7,1.09,0.73,0.00,0.00,17.3,0,0,0,0.4,0.4,0.13,-0.4,-0.4,Matches
Divin Mubama,engENG,FW,Manchester City,20-110,2004,0.3,0,1,0,0.0,3.21,0.00,0.00,,17.2,0,0,0,0.0,0.0,0.04,0.0,0.0,Matches
Mykhailo Mudryk,uaUKR,FW,Chelsea,24-038,2001,1.7,0,1,1,100.0,0.60,0.60,0.00,0.00,11.6,0,0,0,0.3,0.3,0.25,-0.3,-0.3,Matches
Rodrigo Muniz,brBRA,FW,Fulham,23-284,2001,7.5,4,25,11,44.0,3.35,1.47,0.16,0.36,11.7,0,0,0,3.7,3.7,0.15,+0.3,+0.3,Matches
Daniel Muñoz,coCOL,DF,Crystal Palace,28-262,1996,22.0,2,23,8,34.8,1.04,0.36,0.09,0.25,12.3,0,0,0,3.5,3.5,0.15,-1.5,-1.5,Matches
Arijanet Muric,xkKVX,GK,Ipswich Town,26-097,1998,18.0,0,0,0,,0.00,0.00,,,,0,0,0,0.0,0.0,,0.0,0.0,Matches
Murillo,brBRA,DF,Nott'ham Forest,22-223,2002,22.5,1,18,4,22.2,0.80,0.18,0.06,0.25,24.6,3,0,0,1.1,1.1,0.06,-0.1,-0.1,Matches
Jacob Murphy,engENG,FW,Newcastle Utd,29-354,1995,14.9,4,29,10,34.5,1.95,0.67,0.14,0.40,18.9,0,0,0,2.6,2.6,0.09,+1.4,+1.4,Matches
Vitaliy Mykolenko,uaUKR,DF,Everton,25-259,1999,20.2,0,11,0,0.0,0.54,0.00,0.00,,20.9,0,0,0,0.4,0.4,0.04,-0.4,-0.4,Matches
Iliman Ndiaye,snSEN,FW,Everton,24-343,2000,20.6,6,24,10,41.7,1.17,0.49,0.21,0.50,16.5,0,1,1,3.6,2.8,0.12,+2.4,+2.2,Matches
Wilfred Ndidi,ngNGA,MF,Leicester City,28-058,1996,13.5,0,12,6,50.0,0.89,0.44,0.00,0.00,13.6,0,0,0,1.4,1.4,0.12,-1.4,-1.4,Matches
Kosta Nedeljković,rsSRB,DF,Aston Villa,19-058,2005,1.4,0,0,0,,0.00,0.00,,,,0,0,0,0.0,0.0,,0.0,0.0,Matches
Reiss Nelson,engENG,FW,Arsenal,25-064,1999,0.0,0,0,0,,0.00,0.00,,,,0,0,0,0.0,0.0,,0.0,0.0,Matches
Reiss Nelson,engENG,FW,Fulham,25-064,1999,5.4,1,12,6,50.0,2.22,1.11,0.08,0.17,15.4,0,0,0,1.1,1.1,0.09,-0.1,-0.1,Matches
Neto,brBRA,GK,Bournemouth,35-208,1989,2.0,0,0,0,,0.00,0.00,,,,0,0,0,0.0,0.0,,0.0,0.0,Matches
Pedro Neto,ptPOR,FW,Chelsea,24-340,2000,12.6,2,26,7,26.9,2.07,0.56,0.08,0.29,18.0,0,0,0,1.1,1.1,0.04,+0.9,+0.9,Matches
Eddie Nketiah,engENG,"MF,FW",Crystal Palace,25-258,1999,7.0,0,24,7,29.2,3.44,1.00,0.00,0.00,16.5,0,0,0,1.7,1.7,0.07,-1.7,-1.7,Matches
Christopher Nkunku,frFRA,FW,Chelsea,27-090,1997,5.1,2,15,6,40.0,2.92,1.17,0.13,0.33,11.8,0,0,0,4.0,4.0,0.26,-2.0,-2.0,Matches
Matheus Nunes,ptPOR,"DF,MF",Manchester City,26-169,1998,9.9,0,5,1,20.0,0.51,0.10,0.00,0.00,18.4,0,0,0,0.5,0.5,0.11,-0.5,-0.5,Matches
Darwin Núñez,uyURU,FW,Liverpool,25-233,1999,9.2,4,25,10,40.0,2.73,1.09,0.16,0.40,14.5,0,0,0,3.4,3.4,0.14,+0.6,+0.6,Matches
Ethan Nwaneri,engENG,"MF,FW",Arsenal,17-328,2007,3.2,3,9,4,44.4,2.78,1.24,0.33,0.75,19.7,1,0,0,0.5,0.5,0.06,+2.5,+2.5,Matches
Christian Nørgaard,dkDEN,MF,Brentford,30-339,1994,18.8,2,21,7,33.3,1.12,0.37,0.10,0.29,15.3,0,0,0,2.4,2.4,0.12,-0.4,-0.4,Matches
Jake O'Brien,ieIRL,DF,Everton,23-273,2001,3.5,0,0,0,,0.00,0.00,,,,0,0,0,0.0,0.0,,0.0,0.0,Matches
Matt O'Riley,dkDEN,MF,Brighton,24-083,2000,5.2,1,14,4,28.6,2.69,0.77,0.07,0.25,17.3,1,0,0,1.2,1.2,0.09,-0.2,-0.2,Matches
Dara O'Shea,ieIRL,DF,Ipswich Town,25-345,1999,20.7,0,13,2,15.4,0.63,0.10,0.00,0.00,11.0,0,0,0,0.8,0.8,0.06,-0.8,-0.8,Matches
Wilson Odobert,frFRA,FW,Tottenham,20-076,2004,1.8,0,6,0,0.0,3.33,0.00,0.00,,16.8,0,0,0,0.4,0.4,0.07,-0.4,-0.4,Matches
Chiedozie Ogbene,ieIRL,FW,Ipswich Town,27-287,1997,2.6,0,0,0,,0.00,0.00,,,,0,0,0,0.0,0.0,,0.0,0.0,Matches
Caleb Okoli,itITA,DF,Leicester City,23-214,2001,9.2,0,3,1,33.3,0.32,0.11,0.00,0.00,16.4,0,0,0,0.1,0.1,0.05,-0.1,-0.1,Matches
Robin Olsen,seSWE,GK,Aston Villa,35-035,1990,0.5,0,0,0,,0.00,0.00,,,,0,0,0,0.0,0.0,,0.0,0.0,Matches
Amadou Onana,beBEL,MF,Aston Villa,23-180,2001,12.0,2,14,4,28.6,1.17,0.33,0.14,0.50,13.8,0,0,0,1.8,1.8,0.13,+0.2,+0.2,Matches
André Onana,cmCMR,GK,Manchester Utd,28-316,1996,24.0,0,0,0,,0.00,0.00,,,,0,0,0,0.0,0.0,,0.0,0.0,Matches
Paul Onuachu,ngNGA,FW,Southampton,30-260,1994,6.0,2,18,8,44.4,2.98,1.32,0.11,0.25,10.1,0,0,0,1.7,1.7,0.09,+0.3,+0.3,Matches
Frank Onyeka,ngNGA,MF,Brentford,27-042,1998,0.3,0,0,0,,0.00,0.00,,,,0,0,0,0.0,0.0,,0.0,0.0,Matches
Lewis Orford,engENG,MF,West Ham,18-360,2006,0.5,0,1,0,0.0,1.84,0.00,0.00,,12.7,0,0,0,0.0,0.0,0.03,0.0,0.0,Matches
Stefan Ortega,deGER,GK,Manchester City,32-098,1992,9.0,0,0,0,,0.00,0.00,,,,0,0,0,0.0,0.0,,0.0,0.0,Matches
William Osula,dkDEN,"FW,MF",Newcastle Utd,21-192,2003,0.5,0,0,0,,0.00,0.00,,,,0,0,0,0.0,0.0,,0.0,0.0,Matches
Dango Ouattara,bfBFA,FW,Bournemouth,23-001,2002,13.8,6,37,13,35.1,2.68,0.94,0.16,0.46,12.7,0,0,0,5.8,5.8,0.16,+0.2,+0.2,Matches
Nico O’Reilly,engENG,MF,Manchester City,19-328,2005,0.2,0,1,0,0.0,4.74,0.00,0.00,,31.1,0,0,0,0.0,0.0,0.03,0.0,0.0,Matches
Cole Palmer,engENG,MF,Chelsea,22-282,2002,23.3,14,82,33,40.2,3.52,1.41,0.13,0.33,20.4,11,3,3,12.3,9.9,0.12,+1.7,+1.1,Matches
Emerson Palmieri,itITA,DF,West Ham,30-193,1994,18.1,2,12,6,50.0,0.66,0.33,0.17,0.33,18.1,3,0,0,1.6,1.6,0.13,+0.4,+0.4,Matches
Lucas Paquetá,brBRA,"MF,FW",West Ham,27-169,1997,17.9,4,31,3,9.7,1.73,0.17,0.06,0.67,19.0,2,2,2,4.7,3.2,0.10,-0.7,-1.2,Matches
Thomas Partey,ghGHA,"MF,DF",Arsenal,31-244,1993,20.6,3,18,6,33.3,0.87,0.29,0.17,0.50,18.7,0,0,0,1.6,1.6,0.09,+1.4,+1.4,Matches
Nathan Patterson,sctSCO,"DF,FW",Everton,23-119,2001,1.4,0,1,0,0.0,0.70,0.00,0.00,,16.8,0,0,0,0.1,0.1,0.07,-0.1,-0.1,Matches
Andreas Pereira,brBRA,MF,Fulham,29-042,1996,14.2,2,25,8,32.0,1.77,0.57,0.08,0.25,22.2,5,0,1,3.0,2.2,0.09,-1.0,-0.2,Matches
Ricardo Pereira,ptPOR,DF,Leicester City,31-129,1993,1.6,0,0,0,,0.00,0.00,,,,0,0,0,0.0,0.0,,0.0,0.0,Matches
Kalvin Phillips,engENG,MF,Ipswich Town,29-072,1995,9.6,0,7,1,14.3,0.73,0.10,0.00,0.00,23.6,2,0,0,0.3,0.3,0.04,-0.3,-0.3,Matches
Jaden Philogene Bidace,engENG,"FW,MF",Aston Villa,23-004,2002,3.7,0,7,0,0.0,1.90,0.00,0.00,,16.0,0,0,0,0.5,0.5,0.07,-0.5,-0.5,Matches
Jaden Philogene Bidace,engENG,"FW,MF",Ipswich Town,23-004,2002,1.5,0,0,0,,0.00,0.00,,,,0,0,0,0.0,0.0,,0.0,0.0,Matches
Jordan Pickford,engENG,GK,Everton,30-342,1994,23.0,0,0,0,,0.00,0.00,,,,0,0,0,0.0,0.0,,0.0,0.0,Matches
Ethan Pinnock,jmJAM,DF,Brentford,31-259,1993,16.0,2,9,6,66.7,0.56,0.37,0.22,0.33,11.2,0,0,0,0.9,0.9,0.10,+1.1,+1.1,Matches
Daniel Podence,ptPOR,"MF,FW",Wolves,29-114,1995,0.5,0,1,0,0.0,1.87,0.00,0.00,,24.4,0,0,0,0.0,0.0,0.04,0.0,0.0,Matches
Alfie Pond,engENG,DF,Wolves,20-348,2004,0.0,0,0,0,,0.00,0.00,,,,0,0,0,0.0,0.0,,0.0,0.0,Matches
Nick Pope,engENG,GK,Newcastle Utd,32-299,1992,15.0,0,0,0,,0.00,0.00,,,,0,0,0,0.0,0.0,,0.0,0.0,Matches
Pedro Porro,esESP,DF,Tottenham,25-152,1999,22.1,2,35,8,22.9,1.58,0.36,0.06,0.25,22.8,3,0,0,1.5,1.5,0.04,+0.5,+0.5,Matches
Jarell Quansah,engENG,DF,Liverpool,22-014,2003,2.5,0,0,0,,0.00,0.00,,,,0,0,0,0.0,0.0,,0.0,0.0,Matches
Hákon Rafn Valdimarsson,isISL,GK,Brentford,23-122,2001,1.6,0,0,0,,0.00,0.00,,,,0,0,0,0.0,0.0,,0.0,0.0,Matches
Aaron Ramsdale,engENG,GK,Southampton,26-274,1998,16.0,0,0,0,,0.00,0.00,,,,0,0,0,0.0,0.0,,0.0,0.0,Matches
Jacob Ramsey,engENG,"FW,MF",Aston Villa,23-260,2001,11.1,1,13,4,30.8,1.17,0.36,0.08,0.25,16.4,0,0,0,1.2,1.2,0.09,-0.2,-0.2,Matches
Marcus Rashford,engENG,"FW,MF",Manchester Utd,27-104,1997,10.9,4,16,9,56.3,1.47,0.83,0.25,0.44,16.4,0,0,0,1.7,1.7,0.11,+2.3,+2.3,Matches
David Raya,esESP,GK,Arsenal,29-150,1995,24.0,0,0,0,,0.00,0.00,,,,0,0,0,0.0,0.0,,0.0,0.0,Matches
Harrison Reed,engENG,MF,Fulham,30-016,1995,0.7,0,1,0,0.0,1.48,0.00,0.00,,28.5,0,0,0,0.0,0.0,0.01,0.0,0.0,Matches
Remy Rees-Dottin,engENG,FW,Bournemouth,18-343,2006,0.0,0,0,0,,0.00,0.00,,,,0,0,0,0.0,0.0,,0.0,0.0,Matches
Sergio Reguilón,esESP,DF,Tottenham,28-058,1996,1.4,0,1,0,0.0,0.73,0.00,0.00,,5.4,0,0,0,0.1,0.1,0.07,-0.1,-0.1,Matches
Bobby Reid,jmJAM,"FW,MF",Leicester City,32-010,1993,4.9,1,5,2,40.0,1.02,0.41,0.20,0.50,25.6,0,0,0,0.7,0.7,0.14,+0.3,+0.3,Matches
Chadi Riad,maMAR,DF,Crystal Palace,21-240,2003,1.0,0,0,0,,0.00,0.00,,,,0,0,0,0.0,0.0,,0.0,0.0,Matches
Declan Rice,engENG,MF,Arsenal,26-029,1999,19.3,1,24,7,29.2,1.24,0.36,0.04,0.14,20.8,0,0,0,1.5,1.5,0.06,-0.5,-0.5,Matches
Chris Richards,usUSA,DF,Crystal Palace,24-321,2000,10.9,0,4,3,75.0,0.37,0.28,0.00,0.00,12.6,0,0,0,0.2,0.2,0.06,-0.2,-0.2,Matches
Richarlison,brBRA,FW,Tottenham,27-278,1997,3.1,2,6,3,50.0,1.94,0.97,0.33,0.67,8.4,0,0,0,1.2,1.2,0.20,+0.8,+0.8,Matches
Andrew Robertson,sctSCO,DF,Liverpool,30-338,1994,18.3,0,6,2,33.3,0.33,0.11,0.00,0.00,15.6,0,0,0,0.5,0.5,0.09,-0.5,-0.5,Matches
Antonee Robinson,usUSA,DF,Fulham,27-188,1997,24.0,0,15,2,13.3,0.62,0.08,0.00,0.00,21.7,0,0,0,0.7,0.7,0.05,-0.7,-0.7,Matches
Rodri,esESP,MF,Manchester City,28-235,1996,0.7,0,0,0,,0.00,0.00,,,,0,0,0,0.0,0.0,,0.0,0.0,Matches
Guido Rodríguez,arARG,MF,West Ham,30-306,1994,11.3,0,8,1,12.5,0.71,0.09,0.00,0.00,27.8,0,0,0,0.2,0.2,0.03,-0.2,-0.2,Matches
Mads Roerslev,dkDEN,DF,Brentford,25-233,1999,12.2,0,5,2,40.0,0.41,0.16,0.00,0.00,20.8,0,0,0,0.2,0.2,0.04,-0.2,-0.2,Matches
Morgan Rogers,engENG,"MF,FW",Aston Villa,22-201,2002,21.1,6,37,11,29.7,1.75,0.52,0.16,0.55,17.1,0,0,0,3.8,3.8,0.10,+2.2,+2.2,Matches
Cristian Romero,arARG,DF,Tottenham,26-291,1998,10.8,1,11,4,36.4,1.02,0.37,0.09,0.25,9.4,0,0,0,1.1,1.1,0.10,-0.1,-0.1,Matches
Georginio Rutter,frFRA,"FW,MF",Brighton,22-298,2002,14.1,4,42,9,21.4,2.98,0.64,0.10,0.44,15.4,0,0,0,3.5,3.5,0.08,+0.5,+0.5,Matches
José Sá,ptPOR,GK,Wolves,32-026,1993,17.0,0,0,0,,0.00,0.00,,,,0,0,0,0.0,0.0,,0.0,0.0,Matches
Bukayo Saka,engENG,"FW,MF",Arsenal,23-160,2001,14.1,5,45,17,37.8,3.19,1.21,0.09,0.24,15.9,0,1,1,4.2,3.4,0.08,+0.8,+0.6,Matches
Mohamed Salah,egEGY,FW,Liverpool,32-242,1992,22.5,21,84,38,45.2,3.73,1.69,0.18,0.39,14.8,1,6,6,18.1,13.4,0.16,+2.9,+1.6,Matches
William Saliba,frFRA,DF,Arsenal,23-325,2001,21.3,2,3,2,66.7,0.14,0.09,0.67,1.00,2.5,0,0,0,1.9,1.9,0.63,+0.1,+0.1,Matches
Robert Sánchez,esESP,GK,Chelsea,27-086,1997,21.0,0,0,0,,0.00,0.00,,,,0,0,0,0.0,0.0,,0.0,0.0,Matches
Jadon Sancho,engENG,FW,Chelsea,24-324,2000,12.4,2,17,4,23.5,1.37,0.32,0.12,0.50,14.5,0,0,0,1.5,1.5,0.09,+0.5,+0.5,Matches
Ibrahim Sangaré,ciCIV,MF,Nott'ham Forest,27-072,1997,2.5,0,1,1,100.0,0.41,0.41,0.00,0.00,32.0,0,0,0,0.0,0.0,0.02,0.0,0.0,Matches
Pablo Sarabia,esESP,"MF,FW",Wolves,32-277,1992,4.7,1,8,6,75.0,1.69,1.26,0.13,0.17,16.5,0,0,0,2.3,2.3,0.29,-1.3,-1.3,Matches
Jeremy Sarmiento,ecECU,MF,Brighton,22-241,2002,0.1,0,0,0,,0.00,0.00,,,,0,0,0,0.0,0.0,,0.0,0.0,Matches
Ismaila Sarr,snSEN,"MF,FW",Crystal Palace,26-353,1998,17.7,4,34,20,58.8,1.92,1.13,0.12,0.20,15.1,0,0,0,4.4,4.4,0.13,-0.4,-0.4,Matches
Sávio,brBRA,"FW,MF",Manchester City,20-308,2004,13.0,1,38,15,39.5,2.92,1.15,0.03,0.07,18.0,1,0,0,3.1,3.1,0.08,-2.1,-2.1,Matches
Oliver Scarles,engENG,DF,West Ham,19-062,2005,1.3,0,0,0,,0.00,0.00,,,,0,0,0,0.0,0.0,,0.0,0.0,Matches
Dane Scarlett,engENG,FW,Tottenham,20-325,2004,0.1,0,0,0,,0.00,0.00,,,,0,0,0,0.0,0.0,,0.0,0.0,Matches
Kevin Schade,deGER,FW,Brentford,23-077,2001,12.9,6,31,13,41.9,2.39,1.00,0.19,0.46,11.8,0,0,0,4.6,4.6,0.15,+1.4,+1.4,Matches
Fabian Schär,chSUI,DF,Newcastle Utd,33-054,1991,18.8,2,20,6,30.0,1.06,0.32,0.10,0.33,18.8,3,0,0,1.5,1.5,0.08,+0.5,+0.5,Matches
Jeffrey Schlupp,ghGHA,"MF,DF",Crystal Palace,32-051,1992,1.1,0,4,2,50.0,3.50,1.75,0.00,0.00,17.7,0,0,0,0.2,0.2,0.04,-0.2,-0.2,Matches
Alex Scott,engENG,MF,Bournemouth,21-175,2003,2.9,0,3,1,33.3,1.03,0.34,0.00,0.00,24.0,0,0,0,0.1,0.1,0.05,-0.1,-0.1,Matches
Matz Sels,beBEL,GK,Nott'ham Forest,32-352,1992,24.0,0,0,0,,0.00,0.00,,,,0,0,0,0.0,0.0,,0.0,0.0,Matches
Nélson Semedo,ptPOR,DF,Wolves,31-088,1993,18.9,0,9,4,44.4,0.48,0.21,0.00,0.00,25.7,0,0,0,0.4,0.4,0.04,-0.4,-0.4,Matches
Antoine Semenyo,ghGHA,FW,Bournemouth,25-036,2000,22.4,7,91,28,30.8,4.06,1.25,0.08,0.25,16.6,0,0,0,7.5,7.5,0.08,-0.5,-0.5,Matches
Marcos Senesi,arARG,DF,Bournemouth,27-278,1997,10.2,0,2,0,0.0,0.20,0.00,0.00,,6.0,0,0,0,0.8,0.8,0.40,-0.8,-0.8,Matches
Ryan Sessegnon,engENG,"MF,FW",Fulham,24-270,2000,0.2,0,0,0,,0.00,0.00,,,,0,0,0,0.0,0.0,,0.0,0.0,Matches
Luke Shaw,engENG,DF,Manchester Utd,29-215,1995,0.8,0,0,0,,0.00,0.00,,,,0,0,0,0.0,0.0,,0.0,0.0,Matches
Zain Silcott-Duberry,msMSR,FW,Bournemouth,19-218,2005,0.0,0,0,0,,0.00,0.00,,,,0,0,0,0.0,0.0,,0.0,0.0,Matches
Bernardo Silva,ptPOR,"MF,FW",Manchester City,30-186,1994,21.3,2,25,9,36.0,1.17,0.42,0.08,0.22,12.5,0,0,0,2.9,2.9,0.11,-0.9,-0.9,Matches
Jota Silva,ptPOR,"FW,MF",Nott'ham Forest,25-195,1999,7.9,1,15,3,20.0,1.90,0.38,0.07,0.33,14.2,0,0,0,1.0,1.0,0.07,0.0,0.0,Matches
Eric da Silva Moreira,deGER,"MF,DF",Nott'ham Forest,18-285,2006,0.3,0,0,0,,0.00,0.00,,,,0,0,0,0.0,0.0,,0.0,0.0,Matches
Jahmai Simpson-Pusey,engENG,DF,Manchester City,19-100,2005,1.1,0,0,0,,0.00,0.00,,,,0,0,0,0.0,0.0,,0.0,0.0,Matches
Luis Sinisterra,coCOL,"FW,MF",Bournemouth,25-240,1999,2.3,1,12,6,50.0,5.19,2.60,0.08,0.17,15.7,0,0,0,1.1,1.1,0.09,-0.1,-0.1,Matches
Oliver Skipp,engENG,MF,Leicester City,24-149,2000,8.5,0,3,1,33.3,0.35,0.12,0.00,0.00,20.2,0,0,0,0.1,0.1,0.04,-0.1,-0.1,Matches
William Smallbone,ieIRL,MF,Southampton,24-357,2000,3.6,0,4,0,0.0,1.12,0.00,0.00,,19.3,1,0,0,0.3,0.3,0.08,-0.3,-0.3,Matches
Adam Smith,engENG,DF,Bournemouth,33-289,1991,11.5,0,1,0,0.0,0.09,0.00,0.00,,10.2,0,0,0,0.6,0.6,0.60,-0.6,-0.6,Matches
Emile Smith Rowe,engENG,MF,Fulham,24-199,2000,15.9,4,26,7,26.9,1.63,0.44,0.15,0.57,15.8,0,0,0,3.4,3.4,0.13,+0.6,+0.6,Matches
Dominic Solanke,engENG,FW,Tottenham,27-151,1997,17.8,7,46,19,41.3,2.59,1.07,0.15,0.37,12.3,0,0,0,8.5,8.5,0.19,-1.5,-1.5,Matches
Carlos Soler,esESP,"MF,FW",West Ham,28-041,1997,11.0,1,19,5,26.3,1.73,0.45,0.05,0.20,19.7,1,0,0,1.2,1.2,0.06,-0.2,-0.2,Matches
Ramón Sosa,pyPAR,"FW,MF",Nott'ham Forest,25-165,1999,2.7,1,10,5,50.0,3.73,1.87,0.10,0.20,18.9,0,0,0,0.9,0.9,0.09,+0.1,+0.1,Matches
Tomáš Souček,czCZE,MF,West Ham,29-351,1995,18.9,5,37,9,24.3,1.95,0.48,0.14,0.56,11.4,0,0,0,3.6,3.6,0.10,+1.4,+1.4,Matches
Boubakary Soumaré,frFRA,MF,Leicester City,25-351,1999,13.3,0,5,0,0.0,0.38,0.00,0.00,,23.6,0,0,0,0.2,0.2,0.04,-0.2,-0.2,Matches
Djed Spence,engENG,DF,Tottenham,24-187,2000,7.6,0,4,0,0.0,0.53,0.00,0.00,,25.8,0,0,0,0.1,0.1,0.04,-0.1,-0.1,Matches
Jay Stansfield,engENG,MF,Fulham,22-080,2002,0.0,0,0,0,,0.00,0.00,,,,0,0,0,0.0,0.0,,0.0,0.0,Matches
Jason Steele,engENG,GK,Brighton,34-178,1990,2.0,0,0,0,,0.00,0.00,,,,0,0,0,0.0,0.0,,0.0,0.0,Matches
Jack Stephens,engENG,DF,Southampton,31-016,1994,8.9,0,2,0,0.0,0.22,0.00,0.00,,7.9,0,0,0,0.3,0.3,0.14,-0.3,-0.3,Matches
Raheem Sterling,engENG,"FW,MF",Arsenal,30-066,1994,2.4,0,7,0,0.0,2.89,0.00,0.00,,12.6,1,0,0,0.9,0.9,0.12,-0.9,-0.9,Matches
Ross Stewart,sctSCO,"FW,MF",Southampton,28-216,1996,1.5,0,2,0,0.0,1.36,0.00,0.00,,12.5,0,0,0,0.1,0.1,0.06,-0.1,-0.1,Matches
Jakub Stolarczyk,plPOL,GK,Leicester City,24-055,2000,6.0,0,0,0,,0.00,0.00,,,,0,0,0,0.0,0.0,,0.0,0.0,Matches
John Stones,engENG,"DF,MF",Manchester City,30-260,1994,5.1,2,2,2,100.0,0.39,0.39,1.00,1.00,5.1,0,0,0,0.4,0.4,0.22,+1.6,+1.6,Matches
Jørgen Strand Larsen,noNOR,FW,Wolves,25-006,2000,20.4,7,35,23,65.7,1.72,1.13,0.20,0.30,11.8,0,0,0,6.3,6.3,0.18,+0.7,+0.7,Matches
Yukinari Sugawara,jpJPN,DF,Southampton,24-229,2000,13.0,1,9,2,22.2,0.69,0.15,0.11,0.50,19.6,1,0,0,0.4,0.4,0.04,+0.6,+0.6,Matches
Kamaldeen Sulemana,ghGHA,"FW,MF",Southampton,22-363,2002,3.4,0,7,2,28.6,2.06,0.59,0.00,0.00,16.9,0,0,0,0.5,0.5,0.07,-0.5,-0.5,Matches
Crysencio Summerville,nlNED,"FW,MF",West Ham,23-105,2001,8.7,1,14,4,28.6,1.60,0.46,0.07,0.25,13.4,0,0,0,1.6,1.6,0.12,-0.6,-0.6,Matches
Sammie Szmodics,ieIRL,"FW,MF",Ipswich Town,29-141,1995,10.9,4,21,12,57.1,1.93,1.10,0.19,0.33,14.0,0,0,0,3.4,3.4,0.16,+0.6,+0.6,Matches
Dominik Szoboszlai,huHUN,MF,Liverpool,24-110,2000,16.2,3,43,13,30.2,2.65,0.80,0.07,0.23,17.5,1,0,0,5.6,5.6,0.13,-2.6,-2.6,Matches
Matt Targett,engENG,DF,Newcastle Utd,29-147,1995,0.1,0,0,0,,0.00,0.00,,,,0,0,0,0.0,0.0,,0.0,0.0,Matches
James Tarkowski,engENG,DF,Everton,32-085,1992,22.9,0,11,3,27.3,0.48,0.13,0.00,0.00,8.6,0,0,0,1.0,1.0,0.09,-1.0,-1.0,Matches
Marcus Tavernier,engENG,"FW,MF",Bournemouth,25-327,1999,13.1,1,36,10,27.8,2.76,0.77,0.03,0.10,20.6,3,0,0,4.4,4.4,0.12,-3.4,-3.4,Matches
Charlie Taylor,engENG,DF,Southampton,31-147,1993,3.0,0,0,0,,0.00,0.00,,,,0,0,0,0.0,0.0,,0.0,0.0,Matches
Jack Taylor,ieIRL,MF,Ipswich Town,26-234,1998,4.6,1,12,4,33.3,2.58,0.86,0.08,0.25,23.9,0,0,0,0.5,0.5,0.04,+0.5,+0.5,Matches
Kenny Tete,nlNED,DF,Fulham,29-126,1995,14.0,0,18,2,11.1,1.28,0.14,0.00,0.00,16.4,0,0,0,1.0,1.0,0.06,-1.0,-1.0,Matches
Thiago,brBRA,FW,Brentford,23-231,2001,1.5,0,1,0,0.0,0.68,0.00,0.00,,14.7,0,0,0,0.1,0.1,0.10,-0.1,-0.1,Matches
Luke Thomas,engENG,DF,Leicester City,23-247,2001,2.0,0,1,0,0.0,0.50,0.00,0.00,,21.5,0,0,0,0.0,0.0,0.02,0.0,0.0,Matches
Youri Tielemans,beBEL,MF,Aston Villa,27-281,1997,22.7,1,22,5,22.7,0.97,0.22,0.05,0.20,22.3,0,0,1,2.2,1.4,0.06,-1.2,-0.4,Matches
Kieran Tierney,sctSCO,"FW,DF",Arsenal,27-252,1997,0.2,0,0,0,,0.00,0.00,,,,0,0,0,0.0,0.0,,0.0,0.0,Matches
Jurriën Timber,nlNED,DF,Arsenal,23-240,2001,19.5,1,12,3,25.0,0.62,0.15,0.08,0.33,15.3,0,0,0,0.7,0.7,0.06,+0.3,+0.3,Matches
Jean-Clair Todibo,frFRA,DF,West Ham,25-044,1999,9.6,0,2,0,0.0,0.21,0.00,0.00,,12.6,0,0,0,0.1,0.1,0.05,-0.1,-0.1,Matches
Harry Toffolo,engENG,DF,Nott'ham Forest,29-177,1995,0.5,0,1,0,0.0,1.91,0.00,0.00,,28.5,0,0,0,0.0,0.0,0.02,0.0,0.0,Matches
Takehiro Tomiyasu,jpJPN,DF,Arsenal,26-099,1998,0.1,0,1,0,0.0,12.86,0.00,0.00,,1.2,0,0,0,0.2,0.2,0.18,-0.2,-0.2,Matches
Sandro Tonali,itITA,MF,Newcastle Utd,24-280,2000,16.2,1,22,7,31.8,1.36,0.43,0.05,0.14,17.9,2,0,0,3.1,3.1,0.14,-2.1,-2.1,Matches
Pau Torres,esESP,DF,Aston Villa,28-027,1997,17.2,0,8,2,25.0,0.46,0.12,0.00,0.00,11.7,0,0,0,0.5,0.5,0.06,-0.5,-0.5,Matches
Conor Townsend,engENG,"DF,MF",Ipswich Town,31-345,1993,0.5,0,0,0,,0.00,0.00,,,,0,0,0,0.0,0.0,,0.0,0.0,Matches
Adama Traoré,esESP,FW,Fulham,29-018,1996,12.6,2,30,9,30.0,2.38,0.71,0.07,0.22,14.4,0,0,0,3.5,3.5,0.12,-1.5,-1.5,Matches
Mark Travers,ieIRL,GK,Bournemouth,25-270,1999,5.0,0,0,0,,0.00,0.00,,,,0,0,0,0.0,0.0,,0.0,0.0,Matches
Ryan Trevitt,engENG,MF,Brentford,21-337,2003,0.0,0,0,0,,0.00,0.00,,,,0,0,0,0.0,0.0,,0.0,0.0,Matches
Kieran Trippier,engENG,DF,Newcastle Utd,34-146,1990,6.0,0,1,0,0.0,0.17,0.00,0.00,,17.0,0,0,0,0.0,0.0,0.03,0.0,0.0,Matches
Leandro Trossard,beBEL,FW,Arsenal,30-070,1994,16.1,4,36,11,30.6,2.24,0.68,0.11,0.36,16.7,0,0,0,3.7,3.7,0.10,+0.3,+0.3,Matches
Kostas Tsimikas,grGRE,DF,Liverpool,28-276,1996,3.8,0,2,1,50.0,0.52,0.26,0.00,0.00,19.9,0,0,0,0.1,0.1,0.04,-0.1,-0.1,Matches
Axel Tuanzebe,cdCOD,DF,Ipswich Town,27-090,1997,10.9,0,3,0,0.0,0.28,0.00,0.00,,11.5,0,0,0,0.2,0.2,0.06,-0.2,-0.2,Matches
Destiny Udogie,itITA,DF,Tottenham,22-076,2002,15.9,0,5,1,20.0,0.31,0.06,0.00,0.00,15.1,0,0,0,0.3,0.3,0.06,-0.3,-0.3,Matches
Manuel Ugarte Ribeiro,uyURU,MF,Manchester Utd,23-307,2001,12.0,0,6,1,16.7,0.50,0.08,0.00,0.00,20.9,0,0,0,0.4,0.4,0.06,-0.4,-0.4,Matches
Lesley Ugochukwu,frFRA,MF,Southampton,20-323,2004,8.3,0,4,0,0.0,0.48,0.00,0.00,,21.5,0,0,0,0.3,0.3,0.08,-0.3,-0.3,Matches
Enes Ünal,trTUR,"FW,MF",Bournemouth,27-278,1997,3.8,2,20,7,35.0,5.22,1.83,0.10,0.29,14.6,3,0,0,2.7,2.7,0.14,-0.7,-0.7,Matches
Virgil van Dijk,nlNED,DF,Liverpool,33-219,1991,23.0,1,18,6,33.3,0.78,0.26,0.06,0.17,13.7,1,0,0,1.5,1.5,0.09,-0.5,-0.5,Matches
Jamie Vardy,engENG,FW,Leicester City,38-032,1987,19.7,7,39,14,35.9,1.98,0.71,0.15,0.43,11.9,0,1,1,8.4,7.6,0.19,-1.4,-1.6,Matches
Renato Veiga,ptPOR,"DF,MF",Chelsea,21-198,2003,2.0,0,3,1,33.3,1.49,0.50,0.00,0.00,17.1,0,0,0,0.2,0.2,0.05,-0.2,-0.2,Matches
Joël Veltman,nlNED,DF,Brighton,33-028,1992,17.3,0,5,0,0.0,0.29,0.00,0.00,,22.8,0,0,0,0.2,0.2,0.04,-0.2,-0.2,Matches
Micky van de Ven,nlNED,DF,Tottenham,23-299,2001,8.8,0,5,1,20.0,0.57,0.11,0.00,0.00,10.8,0,0,0,0.4,0.4,0.07,-0.4,-0.4,Matches
Bart Verbruggen,nlNED,GK,Brighton,22-178,2002,22.0,0,0,0,,0.00,0.00,,,,0,0,0,0.0,0.0,,0.0,0.0,Matches
Jannik Vestergaard,dkDEN,DF,Leicester City,32-193,1992,14.0,0,2,1,50.0,0.14,0.07,0.00,0.00,10.2,0,0,0,0.0,0.0,0.02,0.0,0.0,Matches
Guglielmo Vicario,itITA,GK,Tottenham,28-128,1996,12.0,0,0,0,,0.00,0.00,,,,0,0,0,0.0,0.0,,0.0,0.0,Matches
Carlos Vinícius,brBRA,MF,Fulham,29-324,1995,0.0,0,1,1,100.0,22.50,22.50,0.00,0.00,17.4,0,0,0,0.0,0.0,0.04,0.0,0.0,Matches
Kyle Walker,engENG,DF,Manchester City,34-260,1990,10.8,0,5,2,40.0,0.46,0.19,0.00,0.00,27.7,0,0,0,0.1,0.1,0.03,-0.1,-0.1,Matches
Kyle Walker-Peters,engENG,DF,Southampton,27-305,1997,21.8,0,16,5,31.3,0.73,0.23,0.00,0.00,19.5,0,0,0,0.5,0.5,0.03,-0.5,-0.5,Matches
Christian Walton,engENG,GK,Ipswich Town,29-095,1995,6.0,0,0,0,,0.00,0.00,,,,0,0,0,0.0,0.0,,0.0,0.0,Matches
Aaron Wan-Bissaka,engENG,DF,West Ham,27-078,1997,22.0,2,12,3,25.0,0.54,0.14,0.17,0.67,15.4,0,0,0,1.0,1.0,0.08,+1.0,+1.0,Matches
Danny Ward,wlsWAL,GK,Leicester City,31-235,1993,1.5,0,0,0,,0.00,0.00,,,,0,0,0,0.0,0.0,,0.0,0.0,Matches
James Ward-Prowse,engENG,MF,West Ham,30-103,1994,0.2,0,0,0,,0.00,0.00,,,,0,0,0,0.0,0.0,,0.0,0.0,Matches
James Ward-Prowse,engENG,MF,Nott'ham Forest,30-103,1994,4.4,0,2,1,50.0,0.45,0.23,0.00,0.00,29.0,1,0,0,0.1,0.1,0.03,-0.1,-0.1,Matches
Ollie Watkins,engENG,FW,Aston Villa,29-044,1995,18.2,10,57,24,42.1,3.13,1.32,0.14,0.33,11.9,0,2,2,11.5,10.0,0.17,-1.5,-2.0,Matches
Adam Webster,engENG,DF,Brighton,30-039,1995,1.9,0,1,1,100.0,0.54,0.54,0.00,0.00,15.3,0,0,0,0.0,0.0,0.02,0.0,0.0,Matches
Danny Welbeck,engENG,FW,Brighton,34-078,1990,15.1,6,39,14,35.9,2.59,0.93,0.15,0.43,15.9,7,0,0,6.0,6.0,0.15,0.0,0.0,Matches
Welington,brBRA,DF,Southampton,23-359,2001,0.9,0,0,0,,0.00,0.00,,,,0,0,0,0.0,0.0,,0.0,0.0,Matches
Timo Werner,deGER,"FW,MF",Tottenham,28-343,1996,5.6,0,8,3,37.5,1.42,0.53,0.00,0.00,18.2,0,0,0,1.0,1.0,0.12,-1.0,-1.0,Matches
Adam Wharton,engENG,MF,Crystal Palace,20-255,2004,6.9,0,9,5,55.6,1.30,0.72,0.00,0.00,25.6,0,0,0,0.2,0.2,0.03,-0.2,-0.2,Matches
Ben White,engENG,DF,Arsenal,27-127,1997,7.7,0,4,1,25.0,0.52,0.13,0.00,0.00,23.6,0,0,0,0.1,0.1,0.03,-0.1,-0.1,Matches
Mats Wieffer,nlNED,MF,Brighton,25-088,1999,5.2,1,5,2,40.0,0.96,0.38,0.20,0.50,11.0,0,0,0,0.5,0.5,0.09,+0.5,+0.5,Matches
Neco Williams,wlsWAL,DF,Nott'ham Forest,23-305,2001,14.8,1,21,6,28.6,1.42,0.40,0.05,0.17,20.1,1,0,0,1.5,1.5,0.07,-0.5,-0.5,Matches
Joe Willock,engENG,"MF,FW",Newcastle Utd,25-176,1999,6.9,0,12,2,16.7,1.73,0.29,0.00,0.00,17.5,0,0,0,0.9,0.9,0.07,-0.9,-0.9,Matches
Callum Wilson,engENG,"FW,MF",Newcastle Utd,32-351,1992,0.7,0,0,0,,0.00,0.00,,,,0,0,0,0.0,0.0,,0.0,0.0,Matches
Harry Wilson,wlsWAL,"FW,MF",Fulham,27-327,1997,9.3,5,28,9,32.1,3.00,0.97,0.18,0.56,17.2,1,0,0,3.2,3.2,0.12,+1.8,+1.8,Matches
Harry Winks,engENG,MF,Leicester City,29-010,1996,16.2,0,9,3,33.3,0.56,0.19,0.00,0.00,29.2,0,0,0,0.2,0.2,0.02,-0.2,-0.2,Matches
Ben Winterburn,engENG,MF,Bournemouth,20-161,2004,0.1,0,0,0,,0.00,0.00,,,,0,0,0,0.0,0.0,,0.0,0.0,Matches
Yoane Wissa,cdCOD,FW,Brentford,28-162,1996,18.5,11,50,23,46.0,2.71,1.25,0.22,0.48,14.7,0,0,0,11.2,11.2,0.22,-0.2,-0.2,Matches
Chris Wood,nzNZL,FW,Nott'ham Forest,33-067,1991,21.3,17,42,24,57.1,1.97,1.13,0.33,0.58,14.3,0,3,3,10.3,7.9,0.19,+6.7,+6.1,Matches
Nathan Wood-Gordon,engENG,DF,Southampton,22-257,2002,6.4,0,2,0,0.0,0.31,0.00,0.00,,5.9,0,0,0,0.2,0.2,0.12,-0.2,-0.2,Matches
Luke Woolfenden,engENG,DF,Ipswich Town,26-114,1998,8.2,0,1,0,0.0,0.12,0.00,0.00,,12.9,0,0,0,0.0,0.0,0.03,0.0,0.0,Matches
Yehor Yarmoliuk,uaUKR,"MF,FW",Brentford,20-348,2004,6.9,0,8,1,12.5,1.15,0.14,0.00,0.00,17.2,0,0,0,0.5,0.5,0.07,-0.5,-0.5,Matches
Ryan Yates,engENG,MF,Nott'ham Forest,27-083,1997,16.2,1,24,7,29.2,1.48,0.43,0.04,0.14,18.4,0,0,0,1.7,1.7,0.07,-0.7,-0.7,Matches
Leny Yoro,frFRA,DF,Manchester Utd,19-091,2005,6.1,0,5,1,20.0,0.83,0.17,0.00,0.00,8.6,0,0,0,0.7,0.7,0.15,-0.7,-0.7,Matches
Ashley Young,engENG,DF,Everton,39-218,1985,16.5,1,5,3,60.0,0.30,0.18,0.20,0.33,26.9,3,0,0,0.2,0.2,0.04,+0.8,+0.8,Matches
Illia Zabarnyi,uaUKR,DF,Bournemouth,22-164,2002,24.0,0,7,0,0.0,0.29,0.00,0.00,,9.2,0,0,0,0.8,0.8,0.12,-0.8,-0.8,Matches
Oleksandr Zinchenko,uaUKR,"DF,MF",Arsenal,28-059,1996,2.7,0,1,0,0.0,0.37,0.00,0.00,,11.1,0,0,0,0.1,0.1,0.06,-0.1,-0.1,Matches
Joshua Zirkzee,nlNED,"FW,MF",Manchester Utd,23-266,2001,9.8,3,19,8,42.1,1.93,0.81,0.16,0.38,13.3,0,0,0,3.3,3.3,0.17,-0.3,-0.3,Matches
Martin Ødegaard,noNOR,MF,Arsenal,26-057,1998,14.3,2,23,7,30.4,1.61,0.49,0.04,0.14,17.6,1,1,1,3.1,2.3,0.10,-1.1,-1.3,Matches
